Algorithm,Parameters,Validation_MMD
pro,"{'gamma2': 0.7028282284736633, 'lambda_': 114.9304137293519, 'sigma2': 0.3909595012664795, 'p': 50, 'batch_size': 128, 'eval_every': 15, 'dt': np.float64(0.0001)}",0.52007
pro,"{'gamma2': 0.7028282284736633, 'lambda_': 114.9304137293519, 'sigma2': 0.3909595012664795, 'p': 50, 'batch_size': 128, 'eval_every': 15, 'dt': np.float64(0.0007208333333333334)}",0.38423
pro,"{'gamma2': 0.7028282284736633, 'lambda_': 114.9304137293519, 'sigma2': 0.3909595012664795, 'p': 50, 'batch_size': 128, 'eval_every': 15, 'dt': np.float64(0.0013416666666666668)}",0.34577
pro,"{'gamma2': 0.7028282284736633, 'lambda_': 114.9304137293519, 'sigma2': 0.3909595012664795, 'p': 50, 'batch_size': 128, 'eval_every': 15, 'dt': np.float64(0.0019625)}",0.33327
pro,"{'gamma2': 0.7028282284736633, 'lambda_': 114.9304137293519, 'sigma2': 0.3909595012664795, 'p': 50, 'batch_size': 128, 'eval_every': 15, 'dt': np.float64(0.0025833333333333333)}",0.32517
pro,"{'gamma2': 0.7028282284736633, 'lambda_': 114.9304137293519, 'sigma2': 0.3909595012664795, 'p': 50, 'batch_size': 128, 'eval_every': 15, 'dt': np.float64(0.003204166666666667)}",0.31852
pro,"{'gamma2': 0.7028282284736633, 'lambda_': 114.9304137293519, 'sigma2': 0.3909595012664795, 'p': 50, 'batch_size': 128, 'eval_every': 15, 'dt': np.float64(0.003825)}",0.31457
pro,"{'gamma2': 0.7028282284736633, 'lambda_': 114.9304137293519, 'sigma2': 0.3909595012664795, 'p': 50, 'batch_size': 128, 'eval_every': 15, 'dt': np.float64(0.004445833333333334)}",0.31234
pro,"{'gamma2': 0.7028282284736633, 'lambda_': 114.9304137293519, 'sigma2': 0.3909595012664795, 'p': 50, 'batch_size': 128, 'eval_every': 15, 'dt': np.float64(0.005066666666666667)}",0.31120
pro,"{'gamma2': 0.7028282284736633, 'lambda_': 114.9304137293519, 'sigma2': 0.3909595012664795, 'p': 50, 'batch_size': 128, 'eval_every': 15, 'dt': np.float64(0.005687500000000001)}",0.31005
pro,"{'gamma2': 0.7028282284736633, 'lambda_': 114.9304137293519, 'sigma2': 0.3909595012664795, 'p': 50, 'batch_size': 128, 'eval_every': 15, 'dt': np.float64(0.006308333333333334)}",0.30923
pro,"{'gamma2': 0.7028282284736633, 'lambda_': 114.9304137293519, 'sigma2': 0.3909595012664795, 'p': 50, 'batch_size': 128, 'eval_every': 15, 'dt': np.float64(0.006929166666666668)}",0.30916
pro,"{'gamma2': 0.7028282284736633, 'lambda_': 114.9304137293519, 'sigma2': 0.3909595012664795, 'p': 50, 'batch_size': 128, 'eval_every': 15, 'dt': np.float64(0.00755)}",0.30857
pro,"{'gamma2': 0.7028282284736633, 'lambda_': 114.9304137293519, 'sigma2': 0.3909595012664795, 'p': 50, 'batch_size': 128, 'eval_every': 15, 'dt': np.float64(0.008170833333333334)}",0.30953
pro,"{'gamma2': 0.7028282284736633, 'lambda_': 114.9304137293519, 'sigma2': 0.3909595012664795, 'p': 50, 'batch_size': 128, 'eval_every': 15, 'dt': np.float64(0.008791666666666666)}",0.31019
pro,"{'gamma2': 0.7028282284736633, 'lambda_': 114.9304137293519, 'sigma2': 0.3909595012664795, 'p': 50, 'batch_size': 128, 'eval_every': 15, 'dt': np.float64(0.0094125)}",0.31044
pro,"{'gamma2': 0.7028282284736633, 'lambda_': 114.9304137293519, 'sigma2': 0.3909595012664795, 'p': 50, 'batch_size': 128, 'eval_every': 15, 'dt': np.float64(0.010033333333333333)}",0.30981
pro,"{'gamma2': 0.7028282284736633, 'lambda_': 114.9304137293519, 'sigma2': 0.3909595012664795, 'p': 50, 'batch_size': 128, 'eval_every': 15, 'dt': np.float64(0.010654166666666666)}",0.31092
pro,"{'gamma2': 0.7028282284736633, 'lambda_': 114.9304137293519, 'sigma2': 0.3909595012664795, 'p': 50, 'batch_size': 128, 'eval_every': 15, 'dt': np.float64(0.011275)}",0.31494
pro,"{'gamma2': 0.7028282284736633, 'lambda_': 114.9304137293519, 'sigma2': 0.3909595012664795, 'p': 50, 'batch_size': 128, 'eval_every': 15, 'dt': np.float64(0.011895833333333333)}",0.32030
pro,"{'gamma2': 0.7028282284736633, 'lambda_': 114.9304137293519, 'sigma2': 0.3909595012664795, 'p': 50, 'batch_size': 128, 'eval_every': 15, 'dt': np.float64(0.012516666666666667)}",0.32271
pro,"{'gamma2': 0.7028282284736633, 'lambda_': 114.9304137293519, 'sigma2': 0.3909595012664795, 'p': 50, 'batch_size': 128, 'eval_every': 15, 'dt': np.float64(0.0131375)}",0.33344
pro,"{'gamma2': 0.7028282284736633, 'lambda_': 114.9304137293519, 'sigma2': 0.3909595012664795, 'p': 50, 'batch_size': 128, 'eval_every': 15, 'dt': np.float64(0.013758333333333334)}",0.34212
pro,"{'gamma2': 0.7028282284736633, 'lambda_': 114.9304137293519, 'sigma2': 0.3909595012664795, 'p': 50, 'batch_size': 128, 'eval_every': 15, 'dt': np.float64(0.014379166666666667)}",0.35073
pro,"{'gamma2': 0.7028282284736633, 'lambda_': 114.9304137293519, 'sigma2': 0.3909595012664795, 'p': 50, 'batch_size': 128, 'eval_every': 15, 'dt': np.float64(0.015)}",0.36065
underdamped_pro,"{'gamma2': 0.7028282284736633, 'lambda_': 114.9304137293519, 'sigma2': 0.3909595012664795, 'p': 50, 'batch_size': 128, 'eval_every': 15, 'nula_step_size': np.float64(0.002), 'nula_friction': np.float64(0.5)}",0.48276
underdamped_pro,"{'gamma2': 0.7028282284736633, 'lambda_': 114.9304137293519, 'sigma2': 0.3909595012664795, 'p': 50, 'batch_size': 128, 'eval_every': 15, 'nula_step_size': np.float64(0.002), 'nula_friction': np.float64(1.5208333333333333)}",0.48245
underdamped_pro,"{'gamma2': 0.7028282284736633, 'lambda_': 114.9304137293519, 'sigma2': 0.3909595012664795, 'p': 50, 'batch_size': 128, 'eval_every': 15, 'nula_step_size': np.float64(0.002), 'nula_friction': np.float64(2.5416666666666665)}",0.48387
underdamped_pro,"{'gamma2': 0.7028282284736633, 'lambda_': 114.9304137293519, 'sigma2': 0.3909595012664795, 'p': 50, 'batch_size': 128, 'eval_every': 15, 'nula_step_size': np.float64(0.002), 'nula_friction': np.float64(3.5625)}",0.48619
underdamped_pro,"{'gamma2': 0.7028282284736633, 'lambda_': 114.9304137293519, 'sigma2': 0.3909595012664795, 'p': 50, 'batch_size': 128, 'eval_every': 15, 'nula_step_size': np.float64(0.002), 'nula_friction': np.float64(4.583333333333333)}",0.48909
underdamped_pro,"{'gamma2': 0.7028282284736633, 'lambda_': 114.9304137293519, 'sigma2': 0.3909595012664795, 'p': 50, 'batch_size': 128, 'eval_every': 15, 'nula_step_size': np.float64(0.002), 'nula_friction': np.float64(5.604166666666666)}",0.49234
underdamped_pro,"{'gamma2': 0.7028282284736633, 'lambda_': 114.9304137293519, 'sigma2': 0.3909595012664795, 'p': 50, 'batch_size': 128, 'eval_every': 15, 'nula_step_size': np.float64(0.002), 'nula_friction': np.float64(6.625)}",0.49576
underdamped_pro,"{'gamma2': 0.7028282284736633, 'lambda_': 114.9304137293519, 'sigma2': 0.3909595012664795, 'p': 50, 'batch_size': 128, 'eval_every': 15, 'nula_step_size': np.float64(0.002), 'nula_friction': np.float64(7.645833333333333)}",0.49925
underdamped_pro,"{'gamma2': 0.7028282284736633, 'lambda_': 114.9304137293519, 'sigma2': 0.3909595012664795, 'p': 50, 'batch_size': 128, 'eval_every': 15, 'nula_step_size': np.float64(0.002), 'nula_friction': np.float64(8.666666666666666)}",0.50274
underdamped_pro,"{'gamma2': 0.7028282284736633, 'lambda_': 114.9304137293519, 'sigma2': 0.3909595012664795, 'p': 50, 'batch_size': 128, 'eval_every': 15, 'nula_step_size': np.float64(0.002), 'nula_friction': np.float64(9.6875)}",0.50615
underdamped_pro,"{'gamma2': 0.7028282284736633, 'lambda_': 114.9304137293519, 'sigma2': 0.3909595012664795, 'p': 50, 'batch_size': 128, 'eval_every': 15, 'nula_step_size': np.float64(0.002), 'nula_friction': np.float64(10.708333333333332)}",0.50946
underdamped_pro,"{'gamma2': 0.7028282284736633, 'lambda_': 114.9304137293519, 'sigma2': 0.3909595012664795, 'p': 50, 'batch_size': 128, 'eval_every': 15, 'nula_step_size': np.float64(0.002), 'nula_friction': np.float64(11.729166666666666)}",0.51265
underdamped_pro,"{'gamma2': 0.7028282284736633, 'lambda_': 114.9304137293519, 'sigma2': 0.3909595012664795, 'p': 50, 'batch_size': 128, 'eval_every': 15, 'nula_step_size': np.float64(0.002), 'nula_friction': np.float64(12.75)}",0.51570
underdamped_pro,"{'gamma2': 0.7028282284736633, 'lambda_': 114.9304137293519, 'sigma2': 0.3909595012664795, 'p': 50, 'batch_size': 128, 'eval_every': 15, 'nula_step_size': np.float64(0.002), 'nula_friction': np.float64(13.770833333333332)}",0.51861
underdamped_pro,"{'gamma2': 0.7028282284736633, 'lambda_': 114.9304137293519, 'sigma2': 0.3909595012664795, 'p': 50, 'batch_size': 128, 'eval_every': 15, 'nula_step_size': np.float64(0.002), 'nula_friction': np.float64(14.791666666666666)}",0.52137
underdamped_pro,"{'gamma2': 0.7028282284736633, 'lambda_': 114.9304137293519, 'sigma2': 0.3909595012664795, 'p': 50, 'batch_size': 128, 'eval_every': 15, 'nula_step_size': np.float64(0.002), 'nula_friction': np.float64(15.812499999999998)}",0.52399
underdamped_pro,"{'gamma2': 0.7028282284736633, 'lambda_': 114.9304137293519, 'sigma2': 0.3909595012664795, 'p': 50, 'batch_size': 128, 'eval_every': 15, 'nula_step_size': np.float64(0.002), 'nula_friction': np.float64(16.833333333333332)}",0.52646
underdamped_pro,"{'gamma2': 0.7028282284736633, 'lambda_': 114.9304137293519, 'sigma2': 0.3909595012664795, 'p': 50, 'batch_size': 128, 'eval_every': 15, 'nula_step_size': np.float64(0.002), 'nula_friction': np.float64(17.854166666666664)}",0.52880
underdamped_pro,"{'gamma2': 0.7028282284736633, 'lambda_': 114.9304137293519, 'sigma2': 0.3909595012664795, 'p': 50, 'batch_size': 128, 'eval_every': 15, 'nula_step_size': np.float64(0.002), 'nula_friction': np.float64(18.875)}",0.53100
underdamped_pro,"{'gamma2': 0.7028282284736633, 'lambda_': 114.9304137293519, 'sigma2': 0.3909595012664795, 'p': 50, 'batch_size': 128, 'eval_every': 15, 'nula_step_size': np.float64(0.002), 'nula_friction': np.float64(19.895833333333332)}",0.53308
underdamped_pro,"{'gamma2': 0.7028282284736633, 'lambda_': 114.9304137293519, 'sigma2': 0.3909595012664795, 'p': 50, 'batch_size': 128, 'eval_every': 15, 'nula_step_size': np.float64(0.002), 'nula_friction': np.float64(20.916666666666664)}",0.53505
underdamped_pro,"{'gamma2': 0.7028282284736633, 'lambda_': 114.9304137293519, 'sigma2': 0.3909595012664795, 'p': 50, 'batch_size': 128, 'eval_every': 15, 'nula_step_size': np.float64(0.002), 'nula_friction': np.float64(21.9375)}",0.53691
underdamped_pro,"{'gamma2': 0.7028282284736633, 'lambda_': 114.9304137293519, 'sigma2': 0.3909595012664795, 'p': 50, 'batch_size': 128, 'eval_every': 15, 'nula_step_size': np.float64(0.002), 'nula_friction': np.float64(22.958333333333332)}",0.53866
underdamped_pro,"{'gamma2': 0.7028282284736633, 'lambda_': 114.9304137293519, 'sigma2': 0.3909595012664795, 'p': 50, 'batch_size': 128, 'eval_every': 15, 'nula_step_size': np.float64(0.002), 'nula_friction': np.float64(23.979166666666664)}",0.54032
underdamped_pro,"{'gamma2': 0.7028282284736633, 'lambda_': 114.9304137293519, 'sigma2': 0.3909595012664795, 'p': 50, 'batch_size': 128, 'eval_every': 15, 'nula_step_size': np.float64(0.002), 'nula_friction': np.float64(25.0)}",0.54189
underdamped_pro,"{'gamma2': 0.7028282284736633, 'lambda_': 114.9304137293519, 'sigma2': 0.3909595012664795, 'p': 50, 'batch_size': 128, 'eval_every': 15, 'nula_step_size': np.float64(0.0052499999999999995), 'nula_friction': np.float64(0.5)}",0.43164
underdamped_pro,"{'gamma2': 0.7028282284736633, 'lambda_': 114.9304137293519, 'sigma2': 0.3909595012664795, 'p': 50, 'batch_size': 128, 'eval_every': 15, 'nula_step_size': np.float64(0.0052499999999999995), 'nula_friction': np.float64(1.5208333333333333)}",0.39618
underdamped_pro,"{'gamma2': 0.7028282284736633, 'lambda_': 114.9304137293519, 'sigma2': 0.3909595012664795, 'p': 50, 'batch_size': 128, 'eval_every': 15, 'nula_step_size': np.float64(0.0052499999999999995), 'nula_friction': np.float64(2.5416666666666665)}",0.38506
underdamped_pro,"{'gamma2': 0.7028282284736633, 'lambda_': 114.9304137293519, 'sigma2': 0.3909595012664795, 'p': 50, 'batch_size': 128, 'eval_every': 15, 'nula_step_size': np.float64(0.0052499999999999995), 'nula_friction': np.float64(3.5625)}",0.38418
underdamped_pro,"{'gamma2': 0.7028282284736633, 'lambda_': 114.9304137293519, 'sigma2': 0.3909595012664795, 'p': 50, 'batch_size': 128, 'eval_every': 15, 'nula_step_size': np.float64(0.0052499999999999995), 'nula_friction': np.float64(4.583333333333333)}",0.38811
underdamped_pro,"{'gamma2': 0.7028282284736633, 'lambda_': 114.9304137293519, 'sigma2': 0.3909595012664795, 'p': 50, 'batch_size': 128, 'eval_every': 15, 'nula_step_size': np.float64(0.0052499999999999995), 'nula_friction': np.float64(5.604166666666666)}",0.39383
underdamped_pro,"{'gamma2': 0.7028282284736633, 'lambda_': 114.9304137293519, 'sigma2': 0.3909595012664795, 'p': 50, 'batch_size': 128, 'eval_every': 15, 'nula_step_size': np.float64(0.0052499999999999995), 'nula_friction': np.float64(6.625)}",0.40042
underdamped_pro,"{'gamma2': 0.7028282284736633, 'lambda_': 114.9304137293519, 'sigma2': 0.3909595012664795, 'p': 50, 'batch_size': 128, 'eval_every': 15, 'nula_step_size': np.float64(0.0052499999999999995), 'nula_friction': np.float64(7.645833333333333)}",0.40718
underdamped_pro,"{'gamma2': 0.7028282284736633, 'lambda_': 114.9304137293519, 'sigma2': 0.3909595012664795, 'p': 50, 'batch_size': 128, 'eval_every': 15, 'nula_step_size': np.float64(0.0052499999999999995), 'nula_friction': np.float64(8.666666666666666)}",0.41362
underdamped_pro,"{'gamma2': 0.7028282284736633, 'lambda_': 114.9304137293519, 'sigma2': 0.3909595012664795, 'p': 50, 'batch_size': 128, 'eval_every': 15, 'nula_step_size': np.float64(0.0052499999999999995), 'nula_friction': np.float64(9.6875)}",0.41968
underdamped_pro,"{'gamma2': 0.7028282284736633, 'lambda_': 114.9304137293519, 'sigma2': 0.3909595012664795, 'p': 50, 'batch_size': 128, 'eval_every': 15, 'nula_step_size': np.float64(0.0052499999999999995), 'nula_friction': np.float64(10.708333333333332)}",0.42524
underdamped_pro,"{'gamma2': 0.7028282284736633, 'lambda_': 114.9304137293519, 'sigma2': 0.3909595012664795, 'p': 50, 'batch_size': 128, 'eval_every': 15, 'nula_step_size': np.float64(0.0052499999999999995), 'nula_friction': np.float64(11.729166666666666)}",0.43041
underdamped_pro,"{'gamma2': 0.7028282284736633, 'lambda_': 114.9304137293519, 'sigma2': 0.3909595012664795, 'p': 50, 'batch_size': 128, 'eval_every': 15, 'nula_step_size': np.float64(0.0052499999999999995), 'nula_friction': np.float64(12.75)}",0.43523
underdamped_pro,"{'gamma2': 0.7028282284736633, 'lambda_': 114.9304137293519, 'sigma2': 0.3909595012664795, 'p': 50, 'batch_size': 128, 'eval_every': 15, 'nula_step_size': np.float64(0.0052499999999999995), 'nula_friction': np.float64(13.770833333333332)}",0.43975
underdamped_pro,"{'gamma2': 0.7028282284736633, 'lambda_': 114.9304137293519, 'sigma2': 0.3909595012664795, 'p': 50, 'batch_size': 128, 'eval_every': 15, 'nula_step_size': np.float64(0.0052499999999999995), 'nula_friction': np.float64(14.791666666666666)}",0.44398
underdamped_pro,"{'gamma2': 0.7028282284736633, 'lambda_': 114.9304137293519, 'sigma2': 0.3909595012664795, 'p': 50, 'batch_size': 128, 'eval_every': 15, 'nula_step_size': np.float64(0.0052499999999999995), 'nula_friction': np.float64(15.812499999999998)}",0.44798
underdamped_pro,"{'gamma2': 0.7028282284736633, 'lambda_': 114.9304137293519, 'sigma2': 0.3909595012664795, 'p': 50, 'batch_size': 128, 'eval_every': 15, 'nula_step_size': np.float64(0.0052499999999999995), 'nula_friction': np.float64(16.833333333333332)}",0.45175
underdamped_pro,"{'gamma2': 0.7028282284736633, 'lambda_': 114.9304137293519, 'sigma2': 0.3909595012664795, 'p': 50, 'batch_size': 128, 'eval_every': 15, 'nula_step_size': np.float64(0.0052499999999999995), 'nula_friction': np.float64(17.854166666666664)}",0.45533
underdamped_pro,"{'gamma2': 0.7028282284736633, 'lambda_': 114.9304137293519, 'sigma2': 0.3909595012664795, 'p': 50, 'batch_size': 128, 'eval_every': 15, 'nula_step_size': np.float64(0.0052499999999999995), 'nula_friction': np.float64(18.875)}",0.45873
underdamped_pro,"{'gamma2': 0.7028282284736633, 'lambda_': 114.9304137293519, 'sigma2': 0.3909595012664795, 'p': 50, 'batch_size': 128, 'eval_every': 15, 'nula_step_size': np.float64(0.0052499999999999995), 'nula_friction': np.float64(19.895833333333332)}",0.46198
underdamped_pro,"{'gamma2': 0.7028282284736633, 'lambda_': 114.9304137293519, 'sigma2': 0.3909595012664795, 'p': 50, 'batch_size': 128, 'eval_every': 15, 'nula_step_size': np.float64(0.0052499999999999995), 'nula_friction': np.float64(20.916666666666664)}",0.46510
underdamped_pro,"{'gamma2': 0.7028282284736633, 'lambda_': 114.9304137293519, 'sigma2': 0.3909595012664795, 'p': 50, 'batch_size': 128, 'eval_every': 15, 'nula_step_size': np.float64(0.0052499999999999995), 'nula_friction': np.float64(21.9375)}",0.46809
underdamped_pro,"{'gamma2': 0.7028282284736633, 'lambda_': 114.9304137293519, 'sigma2': 0.3909595012664795, 'p': 50, 'batch_size': 128, 'eval_every': 15, 'nula_step_size': np.float64(0.0052499999999999995), 'nula_friction': np.float64(22.958333333333332)}",0.47097
underdamped_pro,"{'gamma2': 0.7028282284736633, 'lambda_': 114.9304137293519, 'sigma2': 0.3909595012664795, 'p': 50, 'batch_size': 128, 'eval_every': 15, 'nula_step_size': np.float64(0.0052499999999999995), 'nula_friction': np.float64(23.979166666666664)}",0.47375
underdamped_pro,"{'gamma2': 0.7028282284736633, 'lambda_': 114.9304137293519, 'sigma2': 0.3909595012664795, 'p': 50, 'batch_size': 128, 'eval_every': 15, 'nula_step_size': np.float64(0.0052499999999999995), 'nula_friction': np.float64(25.0)}",0.47642
underdamped_pro,"{'gamma2': 0.7028282284736633, 'lambda_': 114.9304137293519, 'sigma2': 0.3909595012664795, 'p': 50, 'batch_size': 128, 'eval_every': 15, 'nula_step_size': np.float64(0.0085), 'nula_friction': np.float64(0.5)}",0.42214
underdamped_pro,"{'gamma2': 0.7028282284736633, 'lambda_': 114.9304137293519, 'sigma2': 0.3909595012664795, 'p': 50, 'batch_size': 128, 'eval_every': 15, 'nula_step_size': np.float64(0.0085), 'nula_friction': np.float64(1.5208333333333333)}",0.36595
underdamped_pro,"{'gamma2': 0.7028282284736633, 'lambda_': 114.9304137293519, 'sigma2': 0.3909595012664795, 'p': 50, 'batch_size': 128, 'eval_every': 15, 'nula_step_size': np.float64(0.0085), 'nula_friction': np.float64(2.5416666666666665)}",0.34651
underdamped_pro,"{'gamma2': 0.7028282284736633, 'lambda_': 114.9304137293519, 'sigma2': 0.3909595012664795, 'p': 50, 'batch_size': 128, 'eval_every': 15, 'nula_step_size': np.float64(0.0085), 'nula_friction': np.float64(3.5625)}",0.34217
underdamped_pro,"{'gamma2': 0.7028282284736633, 'lambda_': 114.9304137293519, 'sigma2': 0.3909595012664795, 'p': 50, 'batch_size': 128, 'eval_every': 15, 'nula_step_size': np.float64(0.0085), 'nula_friction': np.float64(4.583333333333333)}",0.34408
underdamped_pro,"{'gamma2': 0.7028282284736633, 'lambda_': 114.9304137293519, 'sigma2': 0.3909595012664795, 'p': 50, 'batch_size': 128, 'eval_every': 15, 'nula_step_size': np.float64(0.0085), 'nula_friction': np.float64(5.604166666666666)}",0.34852
underdamped_pro,"{'gamma2': 0.7028282284736633, 'lambda_': 114.9304137293519, 'sigma2': 0.3909595012664795, 'p': 50, 'batch_size': 128, 'eval_every': 15, 'nula_step_size': np.float64(0.0085), 'nula_friction': np.float64(6.625)}",0.35455
underdamped_pro,"{'gamma2': 0.7028282284736633, 'lambda_': 114.9304137293519, 'sigma2': 0.3909595012664795, 'p': 50, 'batch_size': 128, 'eval_every': 15, 'nula_step_size': np.float64(0.0085), 'nula_friction': np.float64(7.645833333333333)}",0.36187
underdamped_pro,"{'gamma2': 0.7028282284736633, 'lambda_': 114.9304137293519, 'sigma2': 0.3909595012664795, 'p': 50, 'batch_size': 128, 'eval_every': 15, 'nula_step_size': np.float64(0.0085), 'nula_friction': np.float64(8.666666666666666)}",0.36941
underdamped_pro,"{'gamma2': 0.7028282284736633, 'lambda_': 114.9304137293519, 'sigma2': 0.3909595012664795, 'p': 50, 'batch_size': 128, 'eval_every': 15, 'nula_step_size': np.float64(0.0085), 'nula_friction': np.float64(9.6875)}",0.37637
underdamped_pro,"{'gamma2': 0.7028282284736633, 'lambda_': 114.9304137293519, 'sigma2': 0.3909595012664795, 'p': 50, 'batch_size': 128, 'eval_every': 15, 'nula_step_size': np.float64(0.0085), 'nula_friction': np.float64(10.708333333333332)}",0.38279
underdamped_pro,"{'gamma2': 0.7028282284736633, 'lambda_': 114.9304137293519, 'sigma2': 0.3909595012664795, 'p': 50, 'batch_size': 128, 'eval_every': 15, 'nula_step_size': np.float64(0.0085), 'nula_friction': np.float64(11.729166666666666)}",0.38870
underdamped_pro,"{'gamma2': 0.7028282284736633, 'lambda_': 114.9304137293519, 'sigma2': 0.3909595012664795, 'p': 50, 'batch_size': 128, 'eval_every': 15, 'nula_step_size': np.float64(0.0085), 'nula_friction': np.float64(12.75)}",0.39424
underdamped_pro,"{'gamma2': 0.7028282284736633, 'lambda_': 114.9304137293519, 'sigma2': 0.3909595012664795, 'p': 50, 'batch_size': 128, 'eval_every': 15, 'nula_step_size': np.float64(0.0085), 'nula_friction': np.float64(13.770833333333332)}",0.39952
underdamped_pro,"{'gamma2': 0.7028282284736633, 'lambda_': 114.9304137293519, 'sigma2': 0.3909595012664795, 'p': 50, 'batch_size': 128, 'eval_every': 15, 'nula_step_size': np.float64(0.0085), 'nula_friction': np.float64(14.791666666666666)}",0.40448
underdamped_pro,"{'gamma2': 0.7028282284736633, 'lambda_': 114.9304137293519, 'sigma2': 0.3909595012664795, 'p': 50, 'batch_size': 128, 'eval_every': 15, 'nula_step_size': np.float64(0.0085), 'nula_friction': np.float64(15.812499999999998)}",0.40915
underdamped_pro,"{'gamma2': 0.7028282284736633, 'lambda_': 114.9304137293519, 'sigma2': 0.3909595012664795, 'p': 50, 'batch_size': 128, 'eval_every': 15, 'nula_step_size': np.float64(0.0085), 'nula_friction': np.float64(16.833333333333332)}",0.41354
underdamped_pro,"{'gamma2': 0.7028282284736633, 'lambda_': 114.9304137293519, 'sigma2': 0.3909595012664795, 'p': 50, 'batch_size': 128, 'eval_every': 15, 'nula_step_size': np.float64(0.0085), 'nula_friction': np.float64(17.854166666666664)}",0.41768
underdamped_pro,"{'gamma2': 0.7028282284736633, 'lambda_': 114.9304137293519, 'sigma2': 0.3909595012664795, 'p': 50, 'batch_size': 128, 'eval_every': 15, 'nula_step_size': np.float64(0.0085), 'nula_friction': np.float64(18.875)}",0.42159
underdamped_pro,"{'gamma2': 0.7028282284736633, 'lambda_': 114.9304137293519, 'sigma2': 0.3909595012664795, 'p': 50, 'batch_size': 128, 'eval_every': 15, 'nula_step_size': np.float64(0.0085), 'nula_friction': np.float64(19.895833333333332)}",0.42525
underdamped_pro,"{'gamma2': 0.7028282284736633, 'lambda_': 114.9304137293519, 'sigma2': 0.3909595012664795, 'p': 50, 'batch_size': 128, 'eval_every': 15, 'nula_step_size': np.float64(0.0085), 'nula_friction': np.float64(20.916666666666664)}",0.42871
underdamped_pro,"{'gamma2': 0.7028282284736633, 'lambda_': 114.9304137293519, 'sigma2': 0.3909595012664795, 'p': 50, 'batch_size': 128, 'eval_every': 15, 'nula_step_size': np.float64(0.0085), 'nula_friction': np.float64(21.9375)}",0.43198
underdamped_pro,"{'gamma2': 0.7028282284736633, 'lambda_': 114.9304137293519, 'sigma2': 0.3909595012664795, 'p': 50, 'batch_size': 128, 'eval_every': 15, 'nula_step_size': np.float64(0.0085), 'nula_friction': np.float64(22.958333333333332)}",0.43509
underdamped_pro,"{'gamma2': 0.7028282284736633, 'lambda_': 114.9304137293519, 'sigma2': 0.3909595012664795, 'p': 50, 'batch_size': 128, 'eval_every': 15, 'nula_step_size': np.float64(0.0085), 'nula_friction': np.float64(23.979166666666664)}",0.43805
underdamped_pro,"{'gamma2': 0.7028282284736633, 'lambda_': 114.9304137293519, 'sigma2': 0.3909595012664795, 'p': 50, 'batch_size': 128, 'eval_every': 15, 'nula_step_size': np.float64(0.0085), 'nula_friction': np.float64(25.0)}",0.44086
underdamped_pro,"{'gamma2': 0.7028282284736633, 'lambda_': 114.9304137293519, 'sigma2': 0.3909595012664795, 'p': 50, 'batch_size': 128, 'eval_every': 15, 'nula_step_size': np.float64(0.01175), 'nula_friction': np.float64(0.5)}",0.41928
underdamped_pro,"{'gamma2': 0.7028282284736633, 'lambda_': 114.9304137293519, 'sigma2': 0.3909595012664795, 'p': 50, 'batch_size': 128, 'eval_every': 15, 'nula_step_size': np.float64(0.01175), 'nula_friction': np.float64(1.5208333333333333)}",0.33645
underdamped_pro,"{'gamma2': 0.7028282284736633, 'lambda_': 114.9304137293519, 'sigma2': 0.3909595012664795, 'p': 50, 'batch_size': 128, 'eval_every': 15, 'nula_step_size': np.float64(0.01175), 'nula_friction': np.float64(2.5416666666666665)}",0.32364
underdamped_pro,"{'gamma2': 0.7028282284736633, 'lambda_': 114.9304137293519, 'sigma2': 0.3909595012664795, 'p': 50, 'batch_size': 128, 'eval_every': 15, 'nula_step_size': np.float64(0.01175), 'nula_friction': np.float64(3.5625)}",0.32371
underdamped_pro,"{'gamma2': 0.7028282284736633, 'lambda_': 114.9304137293519, 'sigma2': 0.3909595012664795, 'p': 50, 'batch_size': 128, 'eval_every': 15, 'nula_step_size': np.float64(0.01175), 'nula_friction': np.float64(4.583333333333333)}",0.32738
underdamped_pro,"{'gamma2': 0.7028282284736633, 'lambda_': 114.9304137293519, 'sigma2': 0.3909595012664795, 'p': 50, 'batch_size': 128, 'eval_every': 15, 'nula_step_size': np.float64(0.01175), 'nula_friction': np.float64(5.604166666666666)}",0.33159
underdamped_pro,"{'gamma2': 0.7028282284736633, 'lambda_': 114.9304137293519, 'sigma2': 0.3909595012664795, 'p': 50, 'batch_size': 128, 'eval_every': 15, 'nula_step_size': np.float64(0.01175), 'nula_friction': np.float64(6.625)}",0.33604
underdamped_pro,"{'gamma2': 0.7028282284736633, 'lambda_': 114.9304137293519, 'sigma2': 0.3909595012664795, 'p': 50, 'batch_size': 128, 'eval_every': 15, 'nula_step_size': np.float64(0.01175), 'nula_friction': np.float64(7.645833333333333)}",0.34090
underdamped_pro,"{'gamma2': 0.7028282284736633, 'lambda_': 114.9304137293519, 'sigma2': 0.3909595012664795, 'p': 50, 'batch_size': 128, 'eval_every': 15, 'nula_step_size': np.float64(0.01175), 'nula_friction': np.float64(8.666666666666666)}",0.34565
underdamped_pro,"{'gamma2': 0.7028282284736633, 'lambda_': 114.9304137293519, 'sigma2': 0.3909595012664795, 'p': 50, 'batch_size': 128, 'eval_every': 15, 'nula_step_size': np.float64(0.01175), 'nula_friction': np.float64(9.6875)}",0.35082
underdamped_pro,"{'gamma2': 0.7028282284736633, 'lambda_': 114.9304137293519, 'sigma2': 0.3909595012664795, 'p': 50, 'batch_size': 128, 'eval_every': 15, 'nula_step_size': np.float64(0.01175), 'nula_friction': np.float64(10.708333333333332)}",0.35631
underdamped_pro,"{'gamma2': 0.7028282284736633, 'lambda_': 114.9304137293519, 'sigma2': 0.3909595012664795, 'p': 50, 'batch_size': 128, 'eval_every': 15, 'nula_step_size': np.float64(0.01175), 'nula_friction': np.float64(11.729166666666666)}",0.36208
underdamped_pro,"{'gamma2': 0.7028282284736633, 'lambda_': 114.9304137293519, 'sigma2': 0.3909595012664795, 'p': 50, 'batch_size': 128, 'eval_every': 15, 'nula_step_size': np.float64(0.01175), 'nula_friction': np.float64(12.75)}",0.36793
underdamped_pro,"{'gamma2': 0.7028282284736633, 'lambda_': 114.9304137293519, 'sigma2': 0.3909595012664795, 'p': 50, 'batch_size': 128, 'eval_every': 15, 'nula_step_size': np.float64(0.01175), 'nula_friction': np.float64(13.770833333333332)}",0.37336
underdamped_pro,"{'gamma2': 0.7028282284736633, 'lambda_': 114.9304137293519, 'sigma2': 0.3909595012664795, 'p': 50, 'batch_size': 128, 'eval_every': 15, 'nula_step_size': np.float64(0.01175), 'nula_friction': np.float64(14.791666666666666)}",0.37849
underdamped_pro,"{'gamma2': 0.7028282284736633, 'lambda_': 114.9304137293519, 'sigma2': 0.3909595012664795, 'p': 50, 'batch_size': 128, 'eval_every': 15, 'nula_step_size': np.float64(0.01175), 'nula_friction': np.float64(15.812499999999998)}",0.38315
underdamped_pro,"{'gamma2': 0.7028282284736633, 'lambda_': 114.9304137293519, 'sigma2': 0.3909595012664795, 'p': 50, 'batch_size': 128, 'eval_every': 15, 'nula_step_size': np.float64(0.01175), 'nula_friction': np.float64(16.833333333333332)}",0.38753
underdamped_pro,"{'gamma2': 0.7028282284736633, 'lambda_': 114.9304137293519, 'sigma2': 0.3909595012664795, 'p': 50, 'batch_size': 128, 'eval_every': 15, 'nula_step_size': np.float64(0.01175), 'nula_friction': np.float64(17.854166666666664)}",0.39170
underdamped_pro,"{'gamma2': 0.7028282284736633, 'lambda_': 114.9304137293519, 'sigma2': 0.3909595012664795, 'p': 50, 'batch_size': 128, 'eval_every': 15, 'nula_step_size': np.float64(0.01175), 'nula_friction': np.float64(18.875)}",0.39565
underdamped_pro,"{'gamma2': 0.7028282284736633, 'lambda_': 114.9304137293519, 'sigma2': 0.3909595012664795, 'p': 50, 'batch_size': 128, 'eval_every': 15, 'nula_step_size': np.float64(0.01175), 'nula_friction': np.float64(19.895833333333332)}",0.39945
underdamped_pro,"{'gamma2': 0.7028282284736633, 'lambda_': 114.9304137293519, 'sigma2': 0.3909595012664795, 'p': 50, 'batch_size': 128, 'eval_every': 15, 'nula_step_size': np.float64(0.01175), 'nula_friction': np.float64(20.916666666666664)}",0.40309
underdamped_pro,"{'gamma2': 0.7028282284736633, 'lambda_': 114.9304137293519, 'sigma2': 0.3909595012664795, 'p': 50, 'batch_size': 128, 'eval_every': 15, 'nula_step_size': np.float64(0.01175), 'nula_friction': np.float64(21.9375)}",0.40659
underdamped_pro,"{'gamma2': 0.7028282284736633, 'lambda_': 114.9304137293519, 'sigma2': 0.3909595012664795, 'p': 50, 'batch_size': 128, 'eval_every': 15, 'nula_step_size': np.float64(0.01175), 'nula_friction': np.float64(22.958333333333332)}",0.40993
underdamped_pro,"{'gamma2': 0.7028282284736633, 'lambda_': 114.9304137293519, 'sigma2': 0.3909595012664795, 'p': 50, 'batch_size': 128, 'eval_every': 15, 'nula_step_size': np.float64(0.01175), 'nula_friction': np.float64(23.979166666666664)}",0.41312
underdamped_pro,"{'gamma2': 0.7028282284736633, 'lambda_': 114.9304137293519, 'sigma2': 0.3909595012664795, 'p': 50, 'batch_size': 128, 'eval_every': 15, 'nula_step_size': np.float64(0.01175), 'nula_friction': np.float64(25.0)}",0.41616
underdamped_pro,"{'gamma2': 0.7028282284736633, 'lambda_': 114.9304137293519, 'sigma2': 0.3909595012664795, 'p': 50, 'batch_size': 128, 'eval_every': 15, 'nula_step_size': np.float64(0.015), 'nula_friction': np.float64(0.5)}",0.42594
underdamped_pro,"{'gamma2': 0.7028282284736633, 'lambda_': 114.9304137293519, 'sigma2': 0.3909595012664795, 'p': 50, 'batch_size': 128, 'eval_every': 15, 'nula_step_size': np.float64(0.015), 'nula_friction': np.float64(1.5208333333333333)}",0.33677
underdamped_pro,"{'gamma2': 0.7028282284736633, 'lambda_': 114.9304137293519, 'sigma2': 0.3909595012664795, 'p': 50, 'batch_size': 128, 'eval_every': 15, 'nula_step_size': np.float64(0.015), 'nula_friction': np.float64(2.5416666666666665)}",0.31505
underdamped_pro,"{'gamma2': 0.7028282284736633, 'lambda_': 114.9304137293519, 'sigma2': 0.3909595012664795, 'p': 50, 'batch_size': 128, 'eval_every': 15, 'nula_step_size': np.float64(0.015), 'nula_friction': np.float64(3.5625)}",0.31366
underdamped_pro,"{'gamma2': 0.7028282284736633, 'lambda_': 114.9304137293519, 'sigma2': 0.3909595012664795, 'p': 50, 'batch_size': 128, 'eval_every': 15, 'nula_step_size': np.float64(0.015), 'nula_friction': np.float64(4.583333333333333)}",0.31857
underdamped_pro,"{'gamma2': 0.7028282284736633, 'lambda_': 114.9304137293519, 'sigma2': 0.3909595012664795, 'p': 50, 'batch_size': 128, 'eval_every': 15, 'nula_step_size': np.float64(0.015), 'nula_friction': np.float64(5.604166666666666)}",0.32317
underdamped_pro,"{'gamma2': 0.7028282284736633, 'lambda_': 114.9304137293519, 'sigma2': 0.3909595012664795, 'p': 50, 'batch_size': 128, 'eval_every': 15, 'nula_step_size': np.float64(0.015), 'nula_friction': np.float64(6.625)}",0.32735
underdamped_pro,"{'gamma2': 0.7028282284736633, 'lambda_': 114.9304137293519, 'sigma2': 0.3909595012664795, 'p': 50, 'batch_size': 128, 'eval_every': 15, 'nula_step_size': np.float64(0.015), 'nula_friction': np.float64(7.645833333333333)}",0.33152
underdamped_pro,"{'gamma2': 0.7028282284736633, 'lambda_': 114.9304137293519, 'sigma2': 0.3909595012664795, 'p': 50, 'batch_size': 128, 'eval_every': 15, 'nula_step_size': np.float64(0.015), 'nula_friction': np.float64(8.666666666666666)}",0.33546
underdamped_pro,"{'gamma2': 0.7028282284736633, 'lambda_': 114.9304137293519, 'sigma2': 0.3909595012664795, 'p': 50, 'batch_size': 128, 'eval_every': 15, 'nula_step_size': np.float64(0.015), 'nula_friction': np.float64(9.6875)}",0.33917
underdamped_pro,"{'gamma2': 0.7028282284736633, 'lambda_': 114.9304137293519, 'sigma2': 0.3909595012664795, 'p': 50, 'batch_size': 128, 'eval_every': 15, 'nula_step_size': np.float64(0.015), 'nula_friction': np.float64(10.708333333333332)}",0.34292
underdamped_pro,"{'gamma2': 0.7028282284736633, 'lambda_': 114.9304137293519, 'sigma2': 0.3909595012664795, 'p': 50, 'batch_size': 128, 'eval_every': 15, 'nula_step_size': np.float64(0.015), 'nula_friction': np.float64(11.729166666666666)}",0.34681
underdamped_pro,"{'gamma2': 0.7028282284736633, 'lambda_': 114.9304137293519, 'sigma2': 0.3909595012664795, 'p': 50, 'batch_size': 128, 'eval_every': 15, 'nula_step_size': np.float64(0.015), 'nula_friction': np.float64(12.75)}",0.35084
underdamped_pro,"{'gamma2': 0.7028282284736633, 'lambda_': 114.9304137293519, 'sigma2': 0.3909595012664795, 'p': 50, 'batch_size': 128, 'eval_every': 15, 'nula_step_size': np.float64(0.015), 'nula_friction': np.float64(13.770833333333332)}",0.35516
underdamped_pro,"{'gamma2': 0.7028282284736633, 'lambda_': 114.9304137293519, 'sigma2': 0.3909595012664795, 'p': 50, 'batch_size': 128, 'eval_every': 15, 'nula_step_size': np.float64(0.015), 'nula_friction': np.float64(14.791666666666666)}",0.35956
underdamped_pro,"{'gamma2': 0.7028282284736633, 'lambda_': 114.9304137293519, 'sigma2': 0.3909595012664795, 'p': 50, 'batch_size': 128, 'eval_every': 15, 'nula_step_size': np.float64(0.015), 'nula_friction': np.float64(15.812499999999998)}",0.36421
underdamped_pro,"{'gamma2': 0.7028282284736633, 'lambda_': 114.9304137293519, 'sigma2': 0.3909595012664795, 'p': 50, 'batch_size': 128, 'eval_every': 15, 'nula_step_size': np.float64(0.015), 'nula_friction': np.float64(16.833333333333332)}",0.36870
underdamped_pro,"{'gamma2': 0.7028282284736633, 'lambda_': 114.9304137293519, 'sigma2': 0.3909595012664795, 'p': 50, 'batch_size': 128, 'eval_every': 15, 'nula_step_size': np.float64(0.015), 'nula_friction': np.float64(17.854166666666664)}",0.37297
underdamped_pro,"{'gamma2': 0.7028282284736633, 'lambda_': 114.9304137293519, 'sigma2': 0.3909595012664795, 'p': 50, 'batch_size': 128, 'eval_every': 15, 'nula_step_size': np.float64(0.015), 'nula_friction': np.float64(18.875)}",0.37701
underdamped_pro,"{'gamma2': 0.7028282284736633, 'lambda_': 114.9304137293519, 'sigma2': 0.3909595012664795, 'p': 50, 'batch_size': 128, 'eval_every': 15, 'nula_step_size': np.float64(0.015), 'nula_friction': np.float64(19.895833333333332)}",0.38081
underdamped_pro,"{'gamma2': 0.7028282284736633, 'lambda_': 114.9304137293519, 'sigma2': 0.3909595012664795, 'p': 50, 'batch_size': 128, 'eval_every': 15, 'nula_step_size': np.float64(0.015), 'nula_friction': np.float64(20.916666666666664)}",0.38438
underdamped_pro,"{'gamma2': 0.7028282284736633, 'lambda_': 114.9304137293519, 'sigma2': 0.3909595012664795, 'p': 50, 'batch_size': 128, 'eval_every': 15, 'nula_step_size': np.float64(0.015), 'nula_friction': np.float64(21.9375)}",0.38778
underdamped_pro,"{'gamma2': 0.7028282284736633, 'lambda_': 114.9304137293519, 'sigma2': 0.3909595012664795, 'p': 50, 'batch_size': 128, 'eval_every': 15, 'nula_step_size': np.float64(0.015), 'nula_friction': np.float64(22.958333333333332)}",0.39105
underdamped_pro,"{'gamma2': 0.7028282284736633, 'lambda_': 114.9304137293519, 'sigma2': 0.3909595012664795, 'p': 50, 'batch_size': 128, 'eval_every': 15, 'nula_step_size': np.float64(0.015), 'nula_friction': np.float64(23.979166666666664)}",0.39421
underdamped_pro,"{'gamma2': 0.7028282284736633, 'lambda_': 114.9304137293519, 'sigma2': 0.3909595012664795, 'p': 50, 'batch_size': 128, 'eval_every': 15, 'nula_step_size': np.float64(0.015), 'nula_friction': np.float64(25.0)}",0.39726
underdamped_pro,"{'gamma2': 0.7028282284736633, 'lambda_': 114.9304137293519, 'sigma2': 0.3909595012664795, 'p': 50, 'batch_size': 128, 'eval_every': 15, 'nula_step_size': np.float64(0.018250000000000002), 'nula_friction': np.float64(0.5)}",0.43514
underdamped_pro,"{'gamma2': 0.7028282284736633, 'lambda_': 114.9304137293519, 'sigma2': 0.3909595012664795, 'p': 50, 'batch_size': 128, 'eval_every': 15, 'nula_step_size': np.float64(0.018250000000000002), 'nula_friction': np.float64(1.5208333333333333)}",0.33080
underdamped_pro,"{'gamma2': 0.7028282284736633, 'lambda_': 114.9304137293519, 'sigma2': 0.3909595012664795, 'p': 50, 'batch_size': 128, 'eval_every': 15, 'nula_step_size': np.float64(0.018250000000000002), 'nula_friction': np.float64(2.5416666666666665)}",0.31143
underdamped_pro,"{'gamma2': 0.7028282284736633, 'lambda_': 114.9304137293519, 'sigma2': 0.3909595012664795, 'p': 50, 'batch_size': 128, 'eval_every': 15, 'nula_step_size': np.float64(0.018250000000000002), 'nula_friction': np.float64(3.5625)}",0.31058
underdamped_pro,"{'gamma2': 0.7028282284736633, 'lambda_': 114.9304137293519, 'sigma2': 0.3909595012664795, 'p': 50, 'batch_size': 128, 'eval_every': 15, 'nula_step_size': np.float64(0.018250000000000002), 'nula_friction': np.float64(4.583333333333333)}",0.31173
underdamped_pro,"{'gamma2': 0.7028282284736633, 'lambda_': 114.9304137293519, 'sigma2': 0.3909595012664795, 'p': 50, 'batch_size': 128, 'eval_every': 15, 'nula_step_size': np.float64(0.018250000000000002), 'nula_friction': np.float64(5.604166666666666)}",0.31717
underdamped_pro,"{'gamma2': 0.7028282284736633, 'lambda_': 114.9304137293519, 'sigma2': 0.3909595012664795, 'p': 50, 'batch_size': 128, 'eval_every': 15, 'nula_step_size': np.float64(0.018250000000000002), 'nula_friction': np.float64(6.625)}",0.32141
underdamped_pro,"{'gamma2': 0.7028282284736633, 'lambda_': 114.9304137293519, 'sigma2': 0.3909595012664795, 'p': 50, 'batch_size': 128, 'eval_every': 15, 'nula_step_size': np.float64(0.018250000000000002), 'nula_friction': np.float64(7.645833333333333)}",0.32558
underdamped_pro,"{'gamma2': 0.7028282284736633, 'lambda_': 114.9304137293519, 'sigma2': 0.3909595012664795, 'p': 50, 'batch_size': 128, 'eval_every': 15, 'nula_step_size': np.float64(0.018250000000000002), 'nula_friction': np.float64(8.666666666666666)}",0.32890
underdamped_pro,"{'gamma2': 0.7028282284736633, 'lambda_': 114.9304137293519, 'sigma2': 0.3909595012664795, 'p': 50, 'batch_size': 128, 'eval_every': 15, 'nula_step_size': np.float64(0.018250000000000002), 'nula_friction': np.float64(9.6875)}",0.33238
underdamped_pro,"{'gamma2': 0.7028282284736633, 'lambda_': 114.9304137293519, 'sigma2': 0.3909595012664795, 'p': 50, 'batch_size': 128, 'eval_every': 15, 'nula_step_size': np.float64(0.018250000000000002), 'nula_friction': np.float64(10.708333333333332)}",0.33569
underdamped_pro,"{'gamma2': 0.7028282284736633, 'lambda_': 114.9304137293519, 'sigma2': 0.3909595012664795, 'p': 50, 'batch_size': 128, 'eval_every': 15, 'nula_step_size': np.float64(0.018250000000000002), 'nula_friction': np.float64(11.729166666666666)}",0.33858
underdamped_pro,"{'gamma2': 0.7028282284736633, 'lambda_': 114.9304137293519, 'sigma2': 0.3909595012664795, 'p': 50, 'batch_size': 128, 'eval_every': 15, 'nula_step_size': np.float64(0.018250000000000002), 'nula_friction': np.float64(12.75)}",0.34184
underdamped_pro,"{'gamma2': 0.7028282284736633, 'lambda_': 114.9304137293519, 'sigma2': 0.3909595012664795, 'p': 50, 'batch_size': 128, 'eval_every': 15, 'nula_step_size': np.float64(0.018250000000000002), 'nula_friction': np.float64(13.770833333333332)}",0.34507
underdamped_pro,"{'gamma2': 0.7028282284736633, 'lambda_': 114.9304137293519, 'sigma2': 0.3909595012664795, 'p': 50, 'batch_size': 128, 'eval_every': 15, 'nula_step_size': np.float64(0.018250000000000002), 'nula_friction': np.float64(14.791666666666666)}",0.34834
underdamped_pro,"{'gamma2': 0.7028282284736633, 'lambda_': 114.9304137293519, 'sigma2': 0.3909595012664795, 'p': 50, 'batch_size': 128, 'eval_every': 15, 'nula_step_size': np.float64(0.018250000000000002), 'nula_friction': np.float64(15.812499999999998)}",0.35163
underdamped_pro,"{'gamma2': 0.7028282284736633, 'lambda_': 114.9304137293519, 'sigma2': 0.3909595012664795, 'p': 50, 'batch_size': 128, 'eval_every': 15, 'nula_step_size': np.float64(0.018250000000000002), 'nula_friction': np.float64(16.833333333333332)}",0.35506
underdamped_pro,"{'gamma2': 0.7028282284736633, 'lambda_': 114.9304137293519, 'sigma2': 0.3909595012664795, 'p': 50, 'batch_size': 128, 'eval_every': 15, 'nula_step_size': np.float64(0.018250000000000002), 'nula_friction': np.float64(17.854166666666664)}",0.35856
underdamped_pro,"{'gamma2': 0.7028282284736633, 'lambda_': 114.9304137293519, 'sigma2': 0.3909595012664795, 'p': 50, 'batch_size': 128, 'eval_every': 15, 'nula_step_size': np.float64(0.018250000000000002), 'nula_friction': np.float64(18.875)}",0.36218
underdamped_pro,"{'gamma2': 0.7028282284736633, 'lambda_': 114.9304137293519, 'sigma2': 0.3909595012664795, 'p': 50, 'batch_size': 128, 'eval_every': 15, 'nula_step_size': np.float64(0.018250000000000002), 'nula_friction': np.float64(19.895833333333332)}",0.36587
underdamped_pro,"{'gamma2': 0.7028282284736633, 'lambda_': 114.9304137293519, 'sigma2': 0.3909595012664795, 'p': 50, 'batch_size': 128, 'eval_every': 15, 'nula_step_size': np.float64(0.018250000000000002), 'nula_friction': np.float64(20.916666666666664)}",0.36949
underdamped_pro,"{'gamma2': 0.7028282284736633, 'lambda_': 114.9304137293519, 'sigma2': 0.3909595012664795, 'p': 50, 'batch_size': 128, 'eval_every': 15, 'nula_step_size': np.float64(0.018250000000000002), 'nula_friction': np.float64(21.9375)}",0.37299
underdamped_pro,"{'gamma2': 0.7028282284736633, 'lambda_': 114.9304137293519, 'sigma2': 0.3909595012664795, 'p': 50, 'batch_size': 128, 'eval_every': 15, 'nula_step_size': np.float64(0.018250000000000002), 'nula_friction': np.float64(22.958333333333332)}",0.37635
underdamped_pro,"{'gamma2': 0.7028282284736633, 'lambda_': 114.9304137293519, 'sigma2': 0.3909595012664795, 'p': 50, 'batch_size': 128, 'eval_every': 15, 'nula_step_size': np.float64(0.018250000000000002), 'nula_friction': np.float64(23.979166666666664)}",0.37955
underdamped_pro,"{'gamma2': 0.7028282284736633, 'lambda_': 114.9304137293519, 'sigma2': 0.3909595012664795, 'p': 50, 'batch_size': 128, 'eval_every': 15, 'nula_step_size': np.float64(0.018250000000000002), 'nula_friction': np.float64(25.0)}",0.38259
underdamped_pro,"{'gamma2': 0.7028282284736633, 'lambda_': 114.9304137293519, 'sigma2': 0.3909595012664795, 'p': 50, 'batch_size': 128, 'eval_every': 15, 'nula_step_size': np.float64(0.0215), 'nula_friction': np.float64(0.5)}",0.45933
underdamped_pro,"{'gamma2': 0.7028282284736633, 'lambda_': 114.9304137293519, 'sigma2': 0.3909595012664795, 'p': 50, 'batch_size': 128, 'eval_every': 15, 'nula_step_size': np.float64(0.0215), 'nula_friction': np.float64(1.5208333333333333)}",0.32484
underdamped_pro,"{'gamma2': 0.7028282284736633, 'lambda_': 114.9304137293519, 'sigma2': 0.3909595012664795, 'p': 50, 'batch_size': 128, 'eval_every': 15, 'nula_step_size': np.float64(0.0215), 'nula_friction': np.float64(2.5416666666666665)}",0.31172
underdamped_pro,"{'gamma2': 0.7028282284736633, 'lambda_': 114.9304137293519, 'sigma2': 0.3909595012664795, 'p': 50, 'batch_size': 128, 'eval_every': 15, 'nula_step_size': np.float64(0.0215), 'nula_friction': np.float64(3.5625)}",0.31139
underdamped_pro,"{'gamma2': 0.7028282284736633, 'lambda_': 114.9304137293519, 'sigma2': 0.3909595012664795, 'p': 50, 'batch_size': 128, 'eval_every': 15, 'nula_step_size': np.float64(0.0215), 'nula_friction': np.float64(4.583333333333333)}",0.31170
underdamped_pro,"{'gamma2': 0.7028282284736633, 'lambda_': 114.9304137293519, 'sigma2': 0.3909595012664795, 'p': 50, 'batch_size': 128, 'eval_every': 15, 'nula_step_size': np.float64(0.0215), 'nula_friction': np.float64(5.604166666666666)}",0.31285
underdamped_pro,"{'gamma2': 0.7028282284736633, 'lambda_': 114.9304137293519, 'sigma2': 0.3909595012664795, 'p': 50, 'batch_size': 128, 'eval_every': 15, 'nula_step_size': np.float64(0.0215), 'nula_friction': np.float64(6.625)}",0.31675
underdamped_pro,"{'gamma2': 0.7028282284736633, 'lambda_': 114.9304137293519, 'sigma2': 0.3909595012664795, 'p': 50, 'batch_size': 128, 'eval_every': 15, 'nula_step_size': np.float64(0.0215), 'nula_friction': np.float64(7.645833333333333)}",0.32004
underdamped_pro,"{'gamma2': 0.7028282284736633, 'lambda_': 114.9304137293519, 'sigma2': 0.3909595012664795, 'p': 50, 'batch_size': 128, 'eval_every': 15, 'nula_step_size': np.float64(0.0215), 'nula_friction': np.float64(8.666666666666666)}",0.32380
underdamped_pro,"{'gamma2': 0.7028282284736633, 'lambda_': 114.9304137293519, 'sigma2': 0.3909595012664795, 'p': 50, 'batch_size': 128, 'eval_every': 15, 'nula_step_size': np.float64(0.0215), 'nula_friction': np.float64(9.6875)}",0.32734
underdamped_pro,"{'gamma2': 0.7028282284736633, 'lambda_': 114.9304137293519, 'sigma2': 0.3909595012664795, 'p': 50, 'batch_size': 128, 'eval_every': 15, 'nula_step_size': np.float64(0.0215), 'nula_friction': np.float64(10.708333333333332)}",0.33029
underdamped_pro,"{'gamma2': 0.7028282284736633, 'lambda_': 114.9304137293519, 'sigma2': 0.3909595012664795, 'p': 50, 'batch_size': 128, 'eval_every': 15, 'nula_step_size': np.float64(0.0215), 'nula_friction': np.float64(11.729166666666666)}",0.33311
underdamped_pro,"{'gamma2': 0.7028282284736633, 'lambda_': 114.9304137293519, 'sigma2': 0.3909595012664795, 'p': 50, 'batch_size': 128, 'eval_every': 15, 'nula_step_size': np.float64(0.0215), 'nula_friction': np.float64(12.75)}",0.33566
underdamped_pro,"{'gamma2': 0.7028282284736633, 'lambda_': 114.9304137293519, 'sigma2': 0.3909595012664795, 'p': 50, 'batch_size': 128, 'eval_every': 15, 'nula_step_size': np.float64(0.0215), 'nula_friction': np.float64(13.770833333333332)}",0.33826
underdamped_pro,"{'gamma2': 0.7028282284736633, 'lambda_': 114.9304137293519, 'sigma2': 0.3909595012664795, 'p': 50, 'batch_size': 128, 'eval_every': 15, 'nula_step_size': np.float64(0.0215), 'nula_friction': np.float64(14.791666666666666)}",0.34103
underdamped_pro,"{'gamma2': 0.7028282284736633, 'lambda_': 114.9304137293519, 'sigma2': 0.3909595012664795, 'p': 50, 'batch_size': 128, 'eval_every': 15, 'nula_step_size': np.float64(0.0215), 'nula_friction': np.float64(15.812499999999998)}",0.34380
underdamped_pro,"{'gamma2': 0.7028282284736633, 'lambda_': 114.9304137293519, 'sigma2': 0.3909595012664795, 'p': 50, 'batch_size': 128, 'eval_every': 15, 'nula_step_size': np.float64(0.0215), 'nula_friction': np.float64(16.833333333333332)}",0.34653
underdamped_pro,"{'gamma2': 0.7028282284736633, 'lambda_': 114.9304137293519, 'sigma2': 0.3909595012664795, 'p': 50, 'batch_size': 128, 'eval_every': 15, 'nula_step_size': np.float64(0.0215), 'nula_friction': np.float64(17.854166666666664)}",0.34936
underdamped_pro,"{'gamma2': 0.7028282284736633, 'lambda_': 114.9304137293519, 'sigma2': 0.3909595012664795, 'p': 50, 'batch_size': 128, 'eval_every': 15, 'nula_step_size': np.float64(0.0215), 'nula_friction': np.float64(18.875)}",0.35219
underdamped_pro,"{'gamma2': 0.7028282284736633, 'lambda_': 114.9304137293519, 'sigma2': 0.3909595012664795, 'p': 50, 'batch_size': 128, 'eval_every': 15, 'nula_step_size': np.float64(0.0215), 'nula_friction': np.float64(19.895833333333332)}",0.35507
underdamped_pro,"{'gamma2': 0.7028282284736633, 'lambda_': 114.9304137293519, 'sigma2': 0.3909595012664795, 'p': 50, 'batch_size': 128, 'eval_every': 15, 'nula_step_size': np.float64(0.0215), 'nula_friction': np.float64(20.916666666666664)}",0.35806
underdamped_pro,"{'gamma2': 0.7028282284736633, 'lambda_': 114.9304137293519, 'sigma2': 0.3909595012664795, 'p': 50, 'batch_size': 128, 'eval_every': 15, 'nula_step_size': np.float64(0.0215), 'nula_friction': np.float64(21.9375)}",0.36105
underdamped_pro,"{'gamma2': 0.7028282284736633, 'lambda_': 114.9304137293519, 'sigma2': 0.3909595012664795, 'p': 50, 'batch_size': 128, 'eval_every': 15, 'nula_step_size': np.float64(0.0215), 'nula_friction': np.float64(22.958333333333332)}",0.36412
underdamped_pro,"{'gamma2': 0.7028282284736633, 'lambda_': 114.9304137293519, 'sigma2': 0.3909595012664795, 'p': 50, 'batch_size': 128, 'eval_every': 15, 'nula_step_size': np.float64(0.0215), 'nula_friction': np.float64(23.979166666666664)}",0.36718
underdamped_pro,"{'gamma2': 0.7028282284736633, 'lambda_': 114.9304137293519, 'sigma2': 0.3909595012664795, 'p': 50, 'batch_size': 128, 'eval_every': 15, 'nula_step_size': np.float64(0.0215), 'nula_friction': np.float64(25.0)}",0.37019
underdamped_pro,"{'gamma2': 0.7028282284736633, 'lambda_': 114.9304137293519, 'sigma2': 0.3909595012664795, 'p': 50, 'batch_size': 128, 'eval_every': 15, 'nula_step_size': np.float64(0.02475), 'nula_friction': np.float64(0.5)}",0.46326
underdamped_pro,"{'gamma2': 0.7028282284736633, 'lambda_': 114.9304137293519, 'sigma2': 0.3909595012664795, 'p': 50, 'batch_size': 128, 'eval_every': 15, 'nula_step_size': np.float64(0.02475), 'nula_friction': np.float64(1.5208333333333333)}",0.32163
underdamped_pro,"{'gamma2': 0.7028282284736633, 'lambda_': 114.9304137293519, 'sigma2': 0.3909595012664795, 'p': 50, 'batch_size': 128, 'eval_every': 15, 'nula_step_size': np.float64(0.02475), 'nula_friction': np.float64(2.5416666666666665)}",0.31316
underdamped_pro,"{'gamma2': 0.7028282284736633, 'lambda_': 114.9304137293519, 'sigma2': 0.3909595012664795, 'p': 50, 'batch_size': 128, 'eval_every': 15, 'nula_step_size': np.float64(0.02475), 'nula_friction': np.float64(3.5625)}",0.31228
underdamped_pro,"{'gamma2': 0.7028282284736633, 'lambda_': 114.9304137293519, 'sigma2': 0.3909595012664795, 'p': 50, 'batch_size': 128, 'eval_every': 15, 'nula_step_size': np.float64(0.02475), 'nula_friction': np.float64(4.583333333333333)}",0.31185
underdamped_pro,"{'gamma2': 0.7028282284736633, 'lambda_': 114.9304137293519, 'sigma2': 0.3909595012664795, 'p': 50, 'batch_size': 128, 'eval_every': 15, 'nula_step_size': np.float64(0.02475), 'nula_friction': np.float64(5.604166666666666)}",0.31190
underdamped_pro,"{'gamma2': 0.7028282284736633, 'lambda_': 114.9304137293519, 'sigma2': 0.3909595012664795, 'p': 50, 'batch_size': 128, 'eval_every': 15, 'nula_step_size': np.float64(0.02475), 'nula_friction': np.float64(6.625)}",0.31368
underdamped_pro,"{'gamma2': 0.7028282284736633, 'lambda_': 114.9304137293519, 'sigma2': 0.3909595012664795, 'p': 50, 'batch_size': 128, 'eval_every': 15, 'nula_step_size': np.float64(0.02475), 'nula_friction': np.float64(7.645833333333333)}",0.31640
underdamped_pro,"{'gamma2': 0.7028282284736633, 'lambda_': 114.9304137293519, 'sigma2': 0.3909595012664795, 'p': 50, 'batch_size': 128, 'eval_every': 15, 'nula_step_size': np.float64(0.02475), 'nula_friction': np.float64(8.666666666666666)}",0.31991
underdamped_pro,"{'gamma2': 0.7028282284736633, 'lambda_': 114.9304137293519, 'sigma2': 0.3909595012664795, 'p': 50, 'batch_size': 128, 'eval_every': 15, 'nula_step_size': np.float64(0.02475), 'nula_friction': np.float64(9.6875)}",0.32302
underdamped_pro,"{'gamma2': 0.7028282284736633, 'lambda_': 114.9304137293519, 'sigma2': 0.3909595012664795, 'p': 50, 'batch_size': 128, 'eval_every': 15, 'nula_step_size': np.float64(0.02475), 'nula_friction': np.float64(10.708333333333332)}",0.32605
underdamped_pro,"{'gamma2': 0.7028282284736633, 'lambda_': 114.9304137293519, 'sigma2': 0.3909595012664795, 'p': 50, 'batch_size': 128, 'eval_every': 15, 'nula_step_size': np.float64(0.02475), 'nula_friction': np.float64(11.729166666666666)}",0.32879
underdamped_pro,"{'gamma2': 0.7028282284736633, 'lambda_': 114.9304137293519, 'sigma2': 0.3909595012664795, 'p': 50, 'batch_size': 128, 'eval_every': 15, 'nula_step_size': np.float64(0.02475), 'nula_friction': np.float64(12.75)}",0.33150
underdamped_pro,"{'gamma2': 0.7028282284736633, 'lambda_': 114.9304137293519, 'sigma2': 0.3909595012664795, 'p': 50, 'batch_size': 128, 'eval_every': 15, 'nula_step_size': np.float64(0.02475), 'nula_friction': np.float64(13.770833333333332)}",0.33366
underdamped_pro,"{'gamma2': 0.7028282284736633, 'lambda_': 114.9304137293519, 'sigma2': 0.3909595012664795, 'p': 50, 'batch_size': 128, 'eval_every': 15, 'nula_step_size': np.float64(0.02475), 'nula_friction': np.float64(14.791666666666666)}",0.33588
underdamped_pro,"{'gamma2': 0.7028282284736633, 'lambda_': 114.9304137293519, 'sigma2': 0.3909595012664795, 'p': 50, 'batch_size': 128, 'eval_every': 15, 'nula_step_size': np.float64(0.02475), 'nula_friction': np.float64(15.812499999999998)}",0.33819
underdamped_pro,"{'gamma2': 0.7028282284736633, 'lambda_': 114.9304137293519, 'sigma2': 0.3909595012664795, 'p': 50, 'batch_size': 128, 'eval_every': 15, 'nula_step_size': np.float64(0.02475), 'nula_friction': np.float64(16.833333333333332)}",0.34054
underdamped_pro,"{'gamma2': 0.7028282284736633, 'lambda_': 114.9304137293519, 'sigma2': 0.3909595012664795, 'p': 50, 'batch_size': 128, 'eval_every': 15, 'nula_step_size': np.float64(0.02475), 'nula_friction': np.float64(17.854166666666664)}",0.34296
underdamped_pro,"{'gamma2': 0.7028282284736633, 'lambda_': 114.9304137293519, 'sigma2': 0.3909595012664795, 'p': 50, 'batch_size': 128, 'eval_every': 15, 'nula_step_size': np.float64(0.02475), 'nula_friction': np.float64(18.875)}",0.34532
underdamped_pro,"{'gamma2': 0.7028282284736633, 'lambda_': 114.9304137293519, 'sigma2': 0.3909595012664795, 'p': 50, 'batch_size': 128, 'eval_every': 15, 'nula_step_size': np.float64(0.02475), 'nula_friction': np.float64(19.895833333333332)}",0.34777
underdamped_pro,"{'gamma2': 0.7028282284736633, 'lambda_': 114.9304137293519, 'sigma2': 0.3909595012664795, 'p': 50, 'batch_size': 128, 'eval_every': 15, 'nula_step_size': np.float64(0.02475), 'nula_friction': np.float64(20.916666666666664)}",0.35028
underdamped_pro,"{'gamma2': 0.7028282284736633, 'lambda_': 114.9304137293519, 'sigma2': 0.3909595012664795, 'p': 50, 'batch_size': 128, 'eval_every': 15, 'nula_step_size': np.float64(0.02475), 'nula_friction': np.float64(21.9375)}",0.35277
underdamped_pro,"{'gamma2': 0.7028282284736633, 'lambda_': 114.9304137293519, 'sigma2': 0.3909595012664795, 'p': 50, 'batch_size': 128, 'eval_every': 15, 'nula_step_size': np.float64(0.02475), 'nula_friction': np.float64(22.958333333333332)}",0.35530
underdamped_pro,"{'gamma2': 0.7028282284736633, 'lambda_': 114.9304137293519, 'sigma2': 0.3909595012664795, 'p': 50, 'batch_size': 128, 'eval_every': 15, 'nula_step_size': np.float64(0.02475), 'nula_friction': np.float64(23.979166666666664)}",0.35790
underdamped_pro,"{'gamma2': 0.7028282284736633, 'lambda_': 114.9304137293519, 'sigma2': 0.3909595012664795, 'p': 50, 'batch_size': 128, 'eval_every': 15, 'nula_step_size': np.float64(0.02475), 'nula_friction': np.float64(25.0)}",0.36047
underdamped_pro,"{'gamma2': 0.7028282284736633, 'lambda_': 114.9304137293519, 'sigma2': 0.3909595012664795, 'p': 50, 'batch_size': 128, 'eval_every': 15, 'nula_step_size': np.float64(0.027999999999999997), 'nula_friction': np.float64(0.5)}",0.49154
underdamped_pro,"{'gamma2': 0.7028282284736633, 'lambda_': 114.9304137293519, 'sigma2': 0.3909595012664795, 'p': 50, 'batch_size': 128, 'eval_every': 15, 'nula_step_size': np.float64(0.027999999999999997), 'nula_friction': np.float64(1.5208333333333333)}",0.35400
underdamped_pro,"{'gamma2': 0.7028282284736633, 'lambda_': 114.9304137293519, 'sigma2': 0.3909595012664795, 'p': 50, 'batch_size': 128, 'eval_every': 15, 'nula_step_size': np.float64(0.027999999999999997), 'nula_friction': np.float64(2.5416666666666665)}",0.31881
underdamped_pro,"{'gamma2': 0.7028282284736633, 'lambda_': 114.9304137293519, 'sigma2': 0.3909595012664795, 'p': 50, 'batch_size': 128, 'eval_every': 15, 'nula_step_size': np.float64(0.027999999999999997), 'nula_friction': np.float64(3.5625)}",0.31312
underdamped_pro,"{'gamma2': 0.7028282284736633, 'lambda_': 114.9304137293519, 'sigma2': 0.3909595012664795, 'p': 50, 'batch_size': 128, 'eval_every': 15, 'nula_step_size': np.float64(0.027999999999999997), 'nula_friction': np.float64(4.583333333333333)}",0.31182
underdamped_pro,"{'gamma2': 0.7028282284736633, 'lambda_': 114.9304137293519, 'sigma2': 0.3909595012664795, 'p': 50, 'batch_size': 128, 'eval_every': 15, 'nula_step_size': np.float64(0.027999999999999997), 'nula_friction': np.float64(5.604166666666666)}",0.31276
underdamped_pro,"{'gamma2': 0.7028282284736633, 'lambda_': 114.9304137293519, 'sigma2': 0.3909595012664795, 'p': 50, 'batch_size': 128, 'eval_every': 15, 'nula_step_size': np.float64(0.027999999999999997), 'nula_friction': np.float64(6.625)}",0.31257
underdamped_pro,"{'gamma2': 0.7028282284736633, 'lambda_': 114.9304137293519, 'sigma2': 0.3909595012664795, 'p': 50, 'batch_size': 128, 'eval_every': 15, 'nula_step_size': np.float64(0.027999999999999997), 'nula_friction': np.float64(7.645833333333333)}",0.31429
underdamped_pro,"{'gamma2': 0.7028282284736633, 'lambda_': 114.9304137293519, 'sigma2': 0.3909595012664795, 'p': 50, 'batch_size': 128, 'eval_every': 15, 'nula_step_size': np.float64(0.027999999999999997), 'nula_friction': np.float64(8.666666666666666)}",0.31669
underdamped_pro,"{'gamma2': 0.7028282284736633, 'lambda_': 114.9304137293519, 'sigma2': 0.3909595012664795, 'p': 50, 'batch_size': 128, 'eval_every': 15, 'nula_step_size': np.float64(0.027999999999999997), 'nula_friction': np.float64(9.6875)}",0.31978
underdamped_pro,"{'gamma2': 0.7028282284736633, 'lambda_': 114.9304137293519, 'sigma2': 0.3909595012664795, 'p': 50, 'batch_size': 128, 'eval_every': 15, 'nula_step_size': np.float64(0.027999999999999997), 'nula_friction': np.float64(10.708333333333332)}",0.32245
underdamped_pro,"{'gamma2': 0.7028282284736633, 'lambda_': 114.9304137293519, 'sigma2': 0.3909595012664795, 'p': 50, 'batch_size': 128, 'eval_every': 15, 'nula_step_size': np.float64(0.027999999999999997), 'nula_friction': np.float64(11.729166666666666)}",0.32499
underdamped_pro,"{'gamma2': 0.7028282284736633, 'lambda_': 114.9304137293519, 'sigma2': 0.3909595012664795, 'p': 50, 'batch_size': 128, 'eval_every': 15, 'nula_step_size': np.float64(0.027999999999999997), 'nula_friction': np.float64(12.75)}",0.32761
underdamped_pro,"{'gamma2': 0.7028282284736633, 'lambda_': 114.9304137293519, 'sigma2': 0.3909595012664795, 'p': 50, 'batch_size': 128, 'eval_every': 15, 'nula_step_size': np.float64(0.027999999999999997), 'nula_friction': np.float64(13.770833333333332)}",0.32992
underdamped_pro,"{'gamma2': 0.7028282284736633, 'lambda_': 114.9304137293519, 'sigma2': 0.3909595012664795, 'p': 50, 'batch_size': 128, 'eval_every': 15, 'nula_step_size': np.float64(0.027999999999999997), 'nula_friction': np.float64(14.791666666666666)}",0.33210
underdamped_pro,"{'gamma2': 0.7028282284736633, 'lambda_': 114.9304137293519, 'sigma2': 0.3909595012664795, 'p': 50, 'batch_size': 128, 'eval_every': 15, 'nula_step_size': np.float64(0.027999999999999997), 'nula_friction': np.float64(15.812499999999998)}",0.33406
underdamped_pro,"{'gamma2': 0.7028282284736633, 'lambda_': 114.9304137293519, 'sigma2': 0.3909595012664795, 'p': 50, 'batch_size': 128, 'eval_every': 15, 'nula_step_size': np.float64(0.027999999999999997), 'nula_friction': np.float64(16.833333333333332)}",0.33599
underdamped_pro,"{'gamma2': 0.7028282284736633, 'lambda_': 114.9304137293519, 'sigma2': 0.3909595012664795, 'p': 50, 'batch_size': 128, 'eval_every': 15, 'nula_step_size': np.float64(0.027999999999999997), 'nula_friction': np.float64(17.854166666666664)}",0.33804
underdamped_pro,"{'gamma2': 0.7028282284736633, 'lambda_': 114.9304137293519, 'sigma2': 0.3909595012664795, 'p': 50, 'batch_size': 128, 'eval_every': 15, 'nula_step_size': np.float64(0.027999999999999997), 'nula_friction': np.float64(18.875)}",0.34005
underdamped_pro,"{'gamma2': 0.7028282284736633, 'lambda_': 114.9304137293519, 'sigma2': 0.3909595012664795, 'p': 50, 'batch_size': 128, 'eval_every': 15, 'nula_step_size': np.float64(0.027999999999999997), 'nula_friction': np.float64(19.895833333333332)}",0.34222
underdamped_pro,"{'gamma2': 0.7028282284736633, 'lambda_': 114.9304137293519, 'sigma2': 0.3909595012664795, 'p': 50, 'batch_size': 128, 'eval_every': 15, 'nula_step_size': np.float64(0.027999999999999997), 'nula_friction': np.float64(20.916666666666664)}",0.34445
underdamped_pro,"{'gamma2': 0.7028282284736633, 'lambda_': 114.9304137293519, 'sigma2': 0.3909595012664795, 'p': 50, 'batch_size': 128, 'eval_every': 15, 'nula_step_size': np.float64(0.027999999999999997), 'nula_friction': np.float64(21.9375)}",0.34663
underdamped_pro,"{'gamma2': 0.7028282284736633, 'lambda_': 114.9304137293519, 'sigma2': 0.3909595012664795, 'p': 50, 'batch_size': 128, 'eval_every': 15, 'nula_step_size': np.float64(0.027999999999999997), 'nula_friction': np.float64(22.958333333333332)}",0.34879
underdamped_pro,"{'gamma2': 0.7028282284736633, 'lambda_': 114.9304137293519, 'sigma2': 0.3909595012664795, 'p': 50, 'batch_size': 128, 'eval_every': 15, 'nula_step_size': np.float64(0.027999999999999997), 'nula_friction': np.float64(23.979166666666664)}",0.35104
underdamped_pro,"{'gamma2': 0.7028282284736633, 'lambda_': 114.9304137293519, 'sigma2': 0.3909595012664795, 'p': 50, 'batch_size': 128, 'eval_every': 15, 'nula_step_size': np.float64(0.027999999999999997), 'nula_friction': np.float64(25.0)}",0.35325
underdamped_pro,"{'gamma2': 0.7028282284736633, 'lambda_': 114.9304137293519, 'sigma2': 0.3909595012664795, 'p': 50, 'batch_size': 128, 'eval_every': 15, 'nula_step_size': np.float64(0.03125), 'nula_friction': np.float64(0.5)}",0.54838
underdamped_pro,"{'gamma2': 0.7028282284736633, 'lambda_': 114.9304137293519, 'sigma2': 0.3909595012664795, 'p': 50, 'batch_size': 128, 'eval_every': 15, 'nula_step_size': np.float64(0.03125), 'nula_friction': np.float64(1.5208333333333333)}",0.35087
underdamped_pro,"{'gamma2': 0.7028282284736633, 'lambda_': 114.9304137293519, 'sigma2': 0.3909595012664795, 'p': 50, 'batch_size': 128, 'eval_every': 15, 'nula_step_size': np.float64(0.03125), 'nula_friction': np.float64(2.5416666666666665)}",0.31308
underdamped_pro,"{'gamma2': 0.7028282284736633, 'lambda_': 114.9304137293519, 'sigma2': 0.3909595012664795, 'p': 50, 'batch_size': 128, 'eval_every': 15, 'nula_step_size': np.float64(0.03125), 'nula_friction': np.float64(3.5625)}",0.31214
underdamped_pro,"{'gamma2': 0.7028282284736633, 'lambda_': 114.9304137293519, 'sigma2': 0.3909595012664795, 'p': 50, 'batch_size': 128, 'eval_every': 15, 'nula_step_size': np.float64(0.03125), 'nula_friction': np.float64(4.583333333333333)}",0.30924
underdamped_pro,"{'gamma2': 0.7028282284736633, 'lambda_': 114.9304137293519, 'sigma2': 0.3909595012664795, 'p': 50, 'batch_size': 128, 'eval_every': 15, 'nula_step_size': np.float64(0.03125), 'nula_friction': np.float64(5.604166666666666)}",0.31203
underdamped_pro,"{'gamma2': 0.7028282284736633, 'lambda_': 114.9304137293519, 'sigma2': 0.3909595012664795, 'p': 50, 'batch_size': 128, 'eval_every': 15, 'nula_step_size': np.float64(0.03125), 'nula_friction': np.float64(6.625)}",0.31226
underdamped_pro,"{'gamma2': 0.7028282284736633, 'lambda_': 114.9304137293519, 'sigma2': 0.3909595012664795, 'p': 50, 'batch_size': 128, 'eval_every': 15, 'nula_step_size': np.float64(0.03125), 'nula_friction': np.float64(7.645833333333333)}",0.31336
underdamped_pro,"{'gamma2': 0.7028282284736633, 'lambda_': 114.9304137293519, 'sigma2': 0.3909595012664795, 'p': 50, 'batch_size': 128, 'eval_every': 15, 'nula_step_size': np.float64(0.03125), 'nula_friction': np.float64(8.666666666666666)}",0.31448
underdamped_pro,"{'gamma2': 0.7028282284736633, 'lambda_': 114.9304137293519, 'sigma2': 0.3909595012664795, 'p': 50, 'batch_size': 128, 'eval_every': 15, 'nula_step_size': np.float64(0.03125), 'nula_friction': np.float64(9.6875)}",0.31660
underdamped_pro,"{'gamma2': 0.7028282284736633, 'lambda_': 114.9304137293519, 'sigma2': 0.3909595012664795, 'p': 50, 'batch_size': 128, 'eval_every': 15, 'nula_step_size': np.float64(0.03125), 'nula_friction': np.float64(10.708333333333332)}",0.31931
underdamped_pro,"{'gamma2': 0.7028282284736633, 'lambda_': 114.9304137293519, 'sigma2': 0.3909595012664795, 'p': 50, 'batch_size': 128, 'eval_every': 15, 'nula_step_size': np.float64(0.03125), 'nula_friction': np.float64(11.729166666666666)}",0.32185
underdamped_pro,"{'gamma2': 0.7028282284736633, 'lambda_': 114.9304137293519, 'sigma2': 0.3909595012664795, 'p': 50, 'batch_size': 128, 'eval_every': 15, 'nula_step_size': np.float64(0.03125), 'nula_friction': np.float64(12.75)}",0.32422
underdamped_pro,"{'gamma2': 0.7028282284736633, 'lambda_': 114.9304137293519, 'sigma2': 0.3909595012664795, 'p': 50, 'batch_size': 128, 'eval_every': 15, 'nula_step_size': np.float64(0.03125), 'nula_friction': np.float64(13.770833333333332)}",0.32657
underdamped_pro,"{'gamma2': 0.7028282284736633, 'lambda_': 114.9304137293519, 'sigma2': 0.3909595012664795, 'p': 50, 'batch_size': 128, 'eval_every': 15, 'nula_step_size': np.float64(0.03125), 'nula_friction': np.float64(14.791666666666666)}",0.32872
underdamped_pro,"{'gamma2': 0.7028282284736633, 'lambda_': 114.9304137293519, 'sigma2': 0.3909595012664795, 'p': 50, 'batch_size': 128, 'eval_every': 15, 'nula_step_size': np.float64(0.03125), 'nula_friction': np.float64(15.812499999999998)}",0.33088
underdamped_pro,"{'gamma2': 0.7028282284736633, 'lambda_': 114.9304137293519, 'sigma2': 0.3909595012664795, 'p': 50, 'batch_size': 128, 'eval_every': 15, 'nula_step_size': np.float64(0.03125), 'nula_friction': np.float64(16.833333333333332)}",0.33271
underdamped_pro,"{'gamma2': 0.7028282284736633, 'lambda_': 114.9304137293519, 'sigma2': 0.3909595012664795, 'p': 50, 'batch_size': 128, 'eval_every': 15, 'nula_step_size': np.float64(0.03125), 'nula_friction': np.float64(17.854166666666664)}",0.33450
underdamped_pro,"{'gamma2': 0.7028282284736633, 'lambda_': 114.9304137293519, 'sigma2': 0.3909595012664795, 'p': 50, 'batch_size': 128, 'eval_every': 15, 'nula_step_size': np.float64(0.03125), 'nula_friction': np.float64(18.875)}",0.33621
underdamped_pro,"{'gamma2': 0.7028282284736633, 'lambda_': 114.9304137293519, 'sigma2': 0.3909595012664795, 'p': 50, 'batch_size': 128, 'eval_every': 15, 'nula_step_size': np.float64(0.03125), 'nula_friction': np.float64(19.895833333333332)}",0.33800
underdamped_pro,"{'gamma2': 0.7028282284736633, 'lambda_': 114.9304137293519, 'sigma2': 0.3909595012664795, 'p': 50, 'batch_size': 128, 'eval_every': 15, 'nula_step_size': np.float64(0.03125), 'nula_friction': np.float64(20.916666666666664)}",0.33976
underdamped_pro,"{'gamma2': 0.7028282284736633, 'lambda_': 114.9304137293519, 'sigma2': 0.3909595012664795, 'p': 50, 'batch_size': 128, 'eval_every': 15, 'nula_step_size': np.float64(0.03125), 'nula_friction': np.float64(21.9375)}",0.34168
underdamped_pro,"{'gamma2': 0.7028282284736633, 'lambda_': 114.9304137293519, 'sigma2': 0.3909595012664795, 'p': 50, 'batch_size': 128, 'eval_every': 15, 'nula_step_size': np.float64(0.03125), 'nula_friction': np.float64(22.958333333333332)}",0.34366
underdamped_pro,"{'gamma2': 0.7028282284736633, 'lambda_': 114.9304137293519, 'sigma2': 0.3909595012664795, 'p': 50, 'batch_size': 128, 'eval_every': 15, 'nula_step_size': np.float64(0.03125), 'nula_friction': np.float64(23.979166666666664)}",0.34569
underdamped_pro,"{'gamma2': 0.7028282284736633, 'lambda_': 114.9304137293519, 'sigma2': 0.3909595012664795, 'p': 50, 'batch_size': 128, 'eval_every': 15, 'nula_step_size': np.float64(0.03125), 'nula_friction': np.float64(25.0)}",0.34766
underdamped_pro,"{'gamma2': 0.7028282284736633, 'lambda_': 114.9304137293519, 'sigma2': 0.3909595012664795, 'p': 50, 'batch_size': 128, 'eval_every': 15, 'nula_step_size': np.float64(0.0345), 'nula_friction': np.float64(0.5)}",0.53921
underdamped_pro,"{'gamma2': 0.7028282284736633, 'lambda_': 114.9304137293519, 'sigma2': 0.3909595012664795, 'p': 50, 'batch_size': 128, 'eval_every': 15, 'nula_step_size': np.float64(0.0345), 'nula_friction': np.float64(1.5208333333333333)}",0.34037
underdamped_pro,"{'gamma2': 0.7028282284736633, 'lambda_': 114.9304137293519, 'sigma2': 0.3909595012664795, 'p': 50, 'batch_size': 128, 'eval_every': 15, 'nula_step_size': np.float64(0.0345), 'nula_friction': np.float64(2.5416666666666665)}",0.31726
underdamped_pro,"{'gamma2': 0.7028282284736633, 'lambda_': 114.9304137293519, 'sigma2': 0.3909595012664795, 'p': 50, 'batch_size': 128, 'eval_every': 15, 'nula_step_size': np.float64(0.0345), 'nula_friction': np.float64(3.5625)}",0.31032
underdamped_pro,"{'gamma2': 0.7028282284736633, 'lambda_': 114.9304137293519, 'sigma2': 0.3909595012664795, 'p': 50, 'batch_size': 128, 'eval_every': 15, 'nula_step_size': np.float64(0.0345), 'nula_friction': np.float64(4.583333333333333)}",0.30872
underdamped_pro,"{'gamma2': 0.7028282284736633, 'lambda_': 114.9304137293519, 'sigma2': 0.3909595012664795, 'p': 50, 'batch_size': 128, 'eval_every': 15, 'nula_step_size': np.float64(0.0345), 'nula_friction': np.float64(5.604166666666666)}",0.30957
underdamped_pro,"{'gamma2': 0.7028282284736633, 'lambda_': 114.9304137293519, 'sigma2': 0.3909595012664795, 'p': 50, 'batch_size': 128, 'eval_every': 15, 'nula_step_size': np.float64(0.0345), 'nula_friction': np.float64(6.625)}",0.31134
underdamped_pro,"{'gamma2': 0.7028282284736633, 'lambda_': 114.9304137293519, 'sigma2': 0.3909595012664795, 'p': 50, 'batch_size': 128, 'eval_every': 15, 'nula_step_size': np.float64(0.0345), 'nula_friction': np.float64(7.645833333333333)}",0.31207
underdamped_pro,"{'gamma2': 0.7028282284736633, 'lambda_': 114.9304137293519, 'sigma2': 0.3909595012664795, 'p': 50, 'batch_size': 128, 'eval_every': 15, 'nula_step_size': np.float64(0.0345), 'nula_friction': np.float64(8.666666666666666)}",0.31310
underdamped_pro,"{'gamma2': 0.7028282284736633, 'lambda_': 114.9304137293519, 'sigma2': 0.3909595012664795, 'p': 50, 'batch_size': 128, 'eval_every': 15, 'nula_step_size': np.float64(0.0345), 'nula_friction': np.float64(9.6875)}",0.31444
underdamped_pro,"{'gamma2': 0.7028282284736633, 'lambda_': 114.9304137293519, 'sigma2': 0.3909595012664795, 'p': 50, 'batch_size': 128, 'eval_every': 15, 'nula_step_size': np.float64(0.0345), 'nula_friction': np.float64(10.708333333333332)}",0.31625
underdamped_pro,"{'gamma2': 0.7028282284736633, 'lambda_': 114.9304137293519, 'sigma2': 0.3909595012664795, 'p': 50, 'batch_size': 128, 'eval_every': 15, 'nula_step_size': np.float64(0.0345), 'nula_friction': np.float64(11.729166666666666)}",0.31913
underdamped_pro,"{'gamma2': 0.7028282284736633, 'lambda_': 114.9304137293519, 'sigma2': 0.3909595012664795, 'p': 50, 'batch_size': 128, 'eval_every': 15, 'nula_step_size': np.float64(0.0345), 'nula_friction': np.float64(12.75)}",0.32145
underdamped_pro,"{'gamma2': 0.7028282284736633, 'lambda_': 114.9304137293519, 'sigma2': 0.3909595012664795, 'p': 50, 'batch_size': 128, 'eval_every': 15, 'nula_step_size': np.float64(0.0345), 'nula_friction': np.float64(13.770833333333332)}",0.32364
underdamped_pro,"{'gamma2': 0.7028282284736633, 'lambda_': 114.9304137293519, 'sigma2': 0.3909595012664795, 'p': 50, 'batch_size': 128, 'eval_every': 15, 'nula_step_size': np.float64(0.0345), 'nula_friction': np.float64(14.791666666666666)}",0.32574
underdamped_pro,"{'gamma2': 0.7028282284736633, 'lambda_': 114.9304137293519, 'sigma2': 0.3909595012664795, 'p': 50, 'batch_size': 128, 'eval_every': 15, 'nula_step_size': np.float64(0.0345), 'nula_friction': np.float64(15.812499999999998)}",0.32785
underdamped_pro,"{'gamma2': 0.7028282284736633, 'lambda_': 114.9304137293519, 'sigma2': 0.3909595012664795, 'p': 50, 'batch_size': 128, 'eval_every': 15, 'nula_step_size': np.float64(0.0345), 'nula_friction': np.float64(16.833333333333332)}",0.32974
underdamped_pro,"{'gamma2': 0.7028282284736633, 'lambda_': 114.9304137293519, 'sigma2': 0.3909595012664795, 'p': 50, 'batch_size': 128, 'eval_every': 15, 'nula_step_size': np.float64(0.0345), 'nula_friction': np.float64(17.854166666666664)}",0.33160
underdamped_pro,"{'gamma2': 0.7028282284736633, 'lambda_': 114.9304137293519, 'sigma2': 0.3909595012664795, 'p': 50, 'batch_size': 128, 'eval_every': 15, 'nula_step_size': np.float64(0.0345), 'nula_friction': np.float64(18.875)}",0.33336
underdamped_pro,"{'gamma2': 0.7028282284736633, 'lambda_': 114.9304137293519, 'sigma2': 0.3909595012664795, 'p': 50, 'batch_size': 128, 'eval_every': 15, 'nula_step_size': np.float64(0.0345), 'nula_friction': np.float64(19.895833333333332)}",0.33498
underdamped_pro,"{'gamma2': 0.7028282284736633, 'lambda_': 114.9304137293519, 'sigma2': 0.3909595012664795, 'p': 50, 'batch_size': 128, 'eval_every': 15, 'nula_step_size': np.float64(0.0345), 'nula_friction': np.float64(20.916666666666664)}",0.33649
underdamped_pro,"{'gamma2': 0.7028282284736633, 'lambda_': 114.9304137293519, 'sigma2': 0.3909595012664795, 'p': 50, 'batch_size': 128, 'eval_every': 15, 'nula_step_size': np.float64(0.0345), 'nula_friction': np.float64(21.9375)}",0.33804
underdamped_pro,"{'gamma2': 0.7028282284736633, 'lambda_': 114.9304137293519, 'sigma2': 0.3909595012664795, 'p': 50, 'batch_size': 128, 'eval_every': 15, 'nula_step_size': np.float64(0.0345), 'nula_friction': np.float64(22.958333333333332)}",0.33961
underdamped_pro,"{'gamma2': 0.7028282284736633, 'lambda_': 114.9304137293519, 'sigma2': 0.3909595012664795, 'p': 50, 'batch_size': 128, 'eval_every': 15, 'nula_step_size': np.float64(0.0345), 'nula_friction': np.float64(23.979166666666664)}",0.34138
underdamped_pro,"{'gamma2': 0.7028282284736633, 'lambda_': 114.9304137293519, 'sigma2': 0.3909595012664795, 'p': 50, 'batch_size': 128, 'eval_every': 15, 'nula_step_size': np.float64(0.0345), 'nula_friction': np.float64(25.0)}",0.34315
underdamped_pro,"{'gamma2': 0.7028282284736633, 'lambda_': 114.9304137293519, 'sigma2': 0.3909595012664795, 'p': 50, 'batch_size': 128, 'eval_every': 15, 'nula_step_size': np.float64(0.03775), 'nula_friction': np.float64(0.5)}",0.56916
underdamped_pro,"{'gamma2': 0.7028282284736633, 'lambda_': 114.9304137293519, 'sigma2': 0.3909595012664795, 'p': 50, 'batch_size': 128, 'eval_every': 15, 'nula_step_size': np.float64(0.03775), 'nula_friction': np.float64(1.5208333333333333)}",0.34246
underdamped_pro,"{'gamma2': 0.7028282284736633, 'lambda_': 114.9304137293519, 'sigma2': 0.3909595012664795, 'p': 50, 'batch_size': 128, 'eval_every': 15, 'nula_step_size': np.float64(0.03775), 'nula_friction': np.float64(2.5416666666666665)}",0.32160
underdamped_pro,"{'gamma2': 0.7028282284736633, 'lambda_': 114.9304137293519, 'sigma2': 0.3909595012664795, 'p': 50, 'batch_size': 128, 'eval_every': 15, 'nula_step_size': np.float64(0.03775), 'nula_friction': np.float64(3.5625)}",0.30891
underdamped_pro,"{'gamma2': 0.7028282284736633, 'lambda_': 114.9304137293519, 'sigma2': 0.3909595012664795, 'p': 50, 'batch_size': 128, 'eval_every': 15, 'nula_step_size': np.float64(0.03775), 'nula_friction': np.float64(4.583333333333333)}",0.30717
underdamped_pro,"{'gamma2': 0.7028282284736633, 'lambda_': 114.9304137293519, 'sigma2': 0.3909595012664795, 'p': 50, 'batch_size': 128, 'eval_every': 15, 'nula_step_size': np.float64(0.03775), 'nula_friction': np.float64(5.604166666666666)}",0.30770
underdamped_pro,"{'gamma2': 0.7028282284736633, 'lambda_': 114.9304137293519, 'sigma2': 0.3909595012664795, 'p': 50, 'batch_size': 128, 'eval_every': 15, 'nula_step_size': np.float64(0.03775), 'nula_friction': np.float64(6.625)}",0.30925
underdamped_pro,"{'gamma2': 0.7028282284736633, 'lambda_': 114.9304137293519, 'sigma2': 0.3909595012664795, 'p': 50, 'batch_size': 128, 'eval_every': 15, 'nula_step_size': np.float64(0.03775), 'nula_friction': np.float64(7.645833333333333)}",0.31098
underdamped_pro,"{'gamma2': 0.7028282284736633, 'lambda_': 114.9304137293519, 'sigma2': 0.3909595012664795, 'p': 50, 'batch_size': 128, 'eval_every': 15, 'nula_step_size': np.float64(0.03775), 'nula_friction': np.float64(8.666666666666666)}",0.31230
underdamped_pro,"{'gamma2': 0.7028282284736633, 'lambda_': 114.9304137293519, 'sigma2': 0.3909595012664795, 'p': 50, 'batch_size': 128, 'eval_every': 15, 'nula_step_size': np.float64(0.03775), 'nula_friction': np.float64(9.6875)}",0.31312
underdamped_pro,"{'gamma2': 0.7028282284736633, 'lambda_': 114.9304137293519, 'sigma2': 0.3909595012664795, 'p': 50, 'batch_size': 128, 'eval_every': 15, 'nula_step_size': np.float64(0.03775), 'nula_friction': np.float64(10.708333333333332)}",0.31472
underdamped_pro,"{'gamma2': 0.7028282284736633, 'lambda_': 114.9304137293519, 'sigma2': 0.3909595012664795, 'p': 50, 'batch_size': 128, 'eval_every': 15, 'nula_step_size': np.float64(0.03775), 'nula_friction': np.float64(11.729166666666666)}",0.31641
underdamped_pro,"{'gamma2': 0.7028282284736633, 'lambda_': 114.9304137293519, 'sigma2': 0.3909595012664795, 'p': 50, 'batch_size': 128, 'eval_every': 15, 'nula_step_size': np.float64(0.03775), 'nula_friction': np.float64(12.75)}",0.31873
underdamped_pro,"{'gamma2': 0.7028282284736633, 'lambda_': 114.9304137293519, 'sigma2': 0.3909595012664795, 'p': 50, 'batch_size': 128, 'eval_every': 15, 'nula_step_size': np.float64(0.03775), 'nula_friction': np.float64(13.770833333333332)}",0.32086
underdamped_pro,"{'gamma2': 0.7028282284736633, 'lambda_': 114.9304137293519, 'sigma2': 0.3909595012664795, 'p': 50, 'batch_size': 128, 'eval_every': 15, 'nula_step_size': np.float64(0.03775), 'nula_friction': np.float64(14.791666666666666)}",0.32278
underdamped_pro,"{'gamma2': 0.7028282284736633, 'lambda_': 114.9304137293519, 'sigma2': 0.3909595012664795, 'p': 50, 'batch_size': 128, 'eval_every': 15, 'nula_step_size': np.float64(0.03775), 'nula_friction': np.float64(15.812499999999998)}",0.32493
underdamped_pro,"{'gamma2': 0.7028282284736633, 'lambda_': 114.9304137293519, 'sigma2': 0.3909595012664795, 'p': 50, 'batch_size': 128, 'eval_every': 15, 'nula_step_size': np.float64(0.03775), 'nula_friction': np.float64(16.833333333333332)}",0.32694
underdamped_pro,"{'gamma2': 0.7028282284736633, 'lambda_': 114.9304137293519, 'sigma2': 0.3909595012664795, 'p': 50, 'batch_size': 128, 'eval_every': 15, 'nula_step_size': np.float64(0.03775), 'nula_friction': np.float64(17.854166666666664)}",0.32884
underdamped_pro,"{'gamma2': 0.7028282284736633, 'lambda_': 114.9304137293519, 'sigma2': 0.3909595012664795, 'p': 50, 'batch_size': 128, 'eval_every': 15, 'nula_step_size': np.float64(0.03775), 'nula_friction': np.float64(18.875)}",0.33044
underdamped_pro,"{'gamma2': 0.7028282284736633, 'lambda_': 114.9304137293519, 'sigma2': 0.3909595012664795, 'p': 50, 'batch_size': 128, 'eval_every': 15, 'nula_step_size': np.float64(0.03775), 'nula_friction': np.float64(19.895833333333332)}",0.33217
underdamped_pro,"{'gamma2': 0.7028282284736633, 'lambda_': 114.9304137293519, 'sigma2': 0.3909595012664795, 'p': 50, 'batch_size': 128, 'eval_every': 15, 'nula_step_size': np.float64(0.03775), 'nula_friction': np.float64(20.916666666666664)}",0.33388
underdamped_pro,"{'gamma2': 0.7028282284736633, 'lambda_': 114.9304137293519, 'sigma2': 0.3909595012664795, 'p': 50, 'batch_size': 128, 'eval_every': 15, 'nula_step_size': np.float64(0.03775), 'nula_friction': np.float64(21.9375)}",0.33541
underdamped_pro,"{'gamma2': 0.7028282284736633, 'lambda_': 114.9304137293519, 'sigma2': 0.3909595012664795, 'p': 50, 'batch_size': 128, 'eval_every': 15, 'nula_step_size': np.float64(0.03775), 'nula_friction': np.float64(22.958333333333332)}",0.33675
underdamped_pro,"{'gamma2': 0.7028282284736633, 'lambda_': 114.9304137293519, 'sigma2': 0.3909595012664795, 'p': 50, 'batch_size': 128, 'eval_every': 15, 'nula_step_size': np.float64(0.03775), 'nula_friction': np.float64(23.979166666666664)}",0.33810
underdamped_pro,"{'gamma2': 0.7028282284736633, 'lambda_': 114.9304137293519, 'sigma2': 0.3909595012664795, 'p': 50, 'batch_size': 128, 'eval_every': 15, 'nula_step_size': np.float64(0.03775), 'nula_friction': np.float64(25.0)}",0.33963
underdamped_pro,"{'gamma2': 0.7028282284736633, 'lambda_': 114.9304137293519, 'sigma2': 0.3909595012664795, 'p': 50, 'batch_size': 128, 'eval_every': 15, 'nula_step_size': np.float64(0.041), 'nula_friction': np.float64(0.5)}",0.61240
underdamped_pro,"{'gamma2': 0.7028282284736633, 'lambda_': 114.9304137293519, 'sigma2': 0.3909595012664795, 'p': 50, 'batch_size': 128, 'eval_every': 15, 'nula_step_size': np.float64(0.041), 'nula_friction': np.float64(1.5208333333333333)}",0.35221
underdamped_pro,"{'gamma2': 0.7028282284736633, 'lambda_': 114.9304137293519, 'sigma2': 0.3909595012664795, 'p': 50, 'batch_size': 128, 'eval_every': 15, 'nula_step_size': np.float64(0.041), 'nula_friction': np.float64(2.5416666666666665)}",0.32421
underdamped_pro,"{'gamma2': 0.7028282284736633, 'lambda_': 114.9304137293519, 'sigma2': 0.3909595012664795, 'p': 50, 'batch_size': 128, 'eval_every': 15, 'nula_step_size': np.float64(0.041), 'nula_friction': np.float64(3.5625)}",0.30736
underdamped_pro,"{'gamma2': 0.7028282284736633, 'lambda_': 114.9304137293519, 'sigma2': 0.3909595012664795, 'p': 50, 'batch_size': 128, 'eval_every': 15, 'nula_step_size': np.float64(0.041), 'nula_friction': np.float64(4.583333333333333)}",0.30645
underdamped_pro,"{'gamma2': 0.7028282284736633, 'lambda_': 114.9304137293519, 'sigma2': 0.3909595012664795, 'p': 50, 'batch_size': 128, 'eval_every': 15, 'nula_step_size': np.float64(0.041), 'nula_friction': np.float64(5.604166666666666)}",0.30691
underdamped_pro,"{'gamma2': 0.7028282284736633, 'lambda_': 114.9304137293519, 'sigma2': 0.3909595012664795, 'p': 50, 'batch_size': 128, 'eval_every': 15, 'nula_step_size': np.float64(0.041), 'nula_friction': np.float64(6.625)}",0.30858
underdamped_pro,"{'gamma2': 0.7028282284736633, 'lambda_': 114.9304137293519, 'sigma2': 0.3909595012664795, 'p': 50, 'batch_size': 128, 'eval_every': 15, 'nula_step_size': np.float64(0.041), 'nula_friction': np.float64(7.645833333333333)}",0.30951
underdamped_pro,"{'gamma2': 0.7028282284736633, 'lambda_': 114.9304137293519, 'sigma2': 0.3909595012664795, 'p': 50, 'batch_size': 128, 'eval_every': 15, 'nula_step_size': np.float64(0.041), 'nula_friction': np.float64(8.666666666666666)}",0.31097
underdamped_pro,"{'gamma2': 0.7028282284736633, 'lambda_': 114.9304137293519, 'sigma2': 0.3909595012664795, 'p': 50, 'batch_size': 128, 'eval_every': 15, 'nula_step_size': np.float64(0.041), 'nula_friction': np.float64(9.6875)}",0.31219
underdamped_pro,"{'gamma2': 0.7028282284736633, 'lambda_': 114.9304137293519, 'sigma2': 0.3909595012664795, 'p': 50, 'batch_size': 128, 'eval_every': 15, 'nula_step_size': np.float64(0.041), 'nula_friction': np.float64(10.708333333333332)}",0.31326
underdamped_pro,"{'gamma2': 0.7028282284736633, 'lambda_': 114.9304137293519, 'sigma2': 0.3909595012664795, 'p': 50, 'batch_size': 128, 'eval_every': 15, 'nula_step_size': np.float64(0.041), 'nula_friction': np.float64(11.729166666666666)}",0.31458
underdamped_pro,"{'gamma2': 0.7028282284736633, 'lambda_': 114.9304137293519, 'sigma2': 0.3909595012664795, 'p': 50, 'batch_size': 128, 'eval_every': 15, 'nula_step_size': np.float64(0.041), 'nula_friction': np.float64(12.75)}",0.31612
underdamped_pro,"{'gamma2': 0.7028282284736633, 'lambda_': 114.9304137293519, 'sigma2': 0.3909595012664795, 'p': 50, 'batch_size': 128, 'eval_every': 15, 'nula_step_size': np.float64(0.041), 'nula_friction': np.float64(13.770833333333332)}",0.31849
underdamped_pro,"{'gamma2': 0.7028282284736633, 'lambda_': 114.9304137293519, 'sigma2': 0.3909595012664795, 'p': 50, 'batch_size': 128, 'eval_every': 15, 'nula_step_size': np.float64(0.041), 'nula_friction': np.float64(14.791666666666666)}",0.32052
underdamped_pro,"{'gamma2': 0.7028282284736633, 'lambda_': 114.9304137293519, 'sigma2': 0.3909595012664795, 'p': 50, 'batch_size': 128, 'eval_every': 15, 'nula_step_size': np.float64(0.041), 'nula_friction': np.float64(15.812499999999998)}",0.32250
underdamped_pro,"{'gamma2': 0.7028282284736633, 'lambda_': 114.9304137293519, 'sigma2': 0.3909595012664795, 'p': 50, 'batch_size': 128, 'eval_every': 15, 'nula_step_size': np.float64(0.041), 'nula_friction': np.float64(16.833333333333332)}",0.32438
underdamped_pro,"{'gamma2': 0.7028282284736633, 'lambda_': 114.9304137293519, 'sigma2': 0.3909595012664795, 'p': 50, 'batch_size': 128, 'eval_every': 15, 'nula_step_size': np.float64(0.041), 'nula_friction': np.float64(17.854166666666664)}",0.32624
underdamped_pro,"{'gamma2': 0.7028282284736633, 'lambda_': 114.9304137293519, 'sigma2': 0.3909595012664795, 'p': 50, 'batch_size': 128, 'eval_every': 15, 'nula_step_size': np.float64(0.041), 'nula_friction': np.float64(18.875)}",0.32798
underdamped_pro,"{'gamma2': 0.7028282284736633, 'lambda_': 114.9304137293519, 'sigma2': 0.3909595012664795, 'p': 50, 'batch_size': 128, 'eval_every': 15, 'nula_step_size': np.float64(0.041), 'nula_friction': np.float64(19.895833333333332)}",0.32957
underdamped_pro,"{'gamma2': 0.7028282284736633, 'lambda_': 114.9304137293519, 'sigma2': 0.3909595012664795, 'p': 50, 'batch_size': 128, 'eval_every': 15, 'nula_step_size': np.float64(0.041), 'nula_friction': np.float64(20.916666666666664)}",0.33117
underdamped_pro,"{'gamma2': 0.7028282284736633, 'lambda_': 114.9304137293519, 'sigma2': 0.3909595012664795, 'p': 50, 'batch_size': 128, 'eval_every': 15, 'nula_step_size': np.float64(0.041), 'nula_friction': np.float64(21.9375)}",0.33285
underdamped_pro,"{'gamma2': 0.7028282284736633, 'lambda_': 114.9304137293519, 'sigma2': 0.3909595012664795, 'p': 50, 'batch_size': 128, 'eval_every': 15, 'nula_step_size': np.float64(0.041), 'nula_friction': np.float64(22.958333333333332)}",0.33435
underdamped_pro,"{'gamma2': 0.7028282284736633, 'lambda_': 114.9304137293519, 'sigma2': 0.3909595012664795, 'p': 50, 'batch_size': 128, 'eval_every': 15, 'nula_step_size': np.float64(0.041), 'nula_friction': np.float64(23.979166666666664)}",0.33574
underdamped_pro,"{'gamma2': 0.7028282284736633, 'lambda_': 114.9304137293519, 'sigma2': 0.3909595012664795, 'p': 50, 'batch_size': 128, 'eval_every': 15, 'nula_step_size': np.float64(0.041), 'nula_friction': np.float64(25.0)}",0.33698
underdamped_pro,"{'gamma2': 0.7028282284736633, 'lambda_': 114.9304137293519, 'sigma2': 0.3909595012664795, 'p': 50, 'batch_size': 128, 'eval_every': 15, 'nula_step_size': np.float64(0.04425), 'nula_friction': np.float64(0.5)}",0.63168
underdamped_pro,"{'gamma2': 0.7028282284736633, 'lambda_': 114.9304137293519, 'sigma2': 0.3909595012664795, 'p': 50, 'batch_size': 128, 'eval_every': 15, 'nula_step_size': np.float64(0.04425), 'nula_friction': np.float64(1.5208333333333333)}",0.36535
underdamped_pro,"{'gamma2': 0.7028282284736633, 'lambda_': 114.9304137293519, 'sigma2': 0.3909595012664795, 'p': 50, 'batch_size': 128, 'eval_every': 15, 'nula_step_size': np.float64(0.04425), 'nula_friction': np.float64(2.5416666666666665)}",0.32398
underdamped_pro,"{'gamma2': 0.7028282284736633, 'lambda_': 114.9304137293519, 'sigma2': 0.3909595012664795, 'p': 50, 'batch_size': 128, 'eval_every': 15, 'nula_step_size': np.float64(0.04425), 'nula_friction': np.float64(3.5625)}",0.32326
underdamped_pro,"{'gamma2': 0.7028282284736633, 'lambda_': 114.9304137293519, 'sigma2': 0.3909595012664795, 'p': 50, 'batch_size': 128, 'eval_every': 15, 'nula_step_size': np.float64(0.04425), 'nula_friction': np.float64(4.583333333333333)}",0.30906
underdamped_pro,"{'gamma2': 0.7028282284736633, 'lambda_': 114.9304137293519, 'sigma2': 0.3909595012664795, 'p': 50, 'batch_size': 128, 'eval_every': 15, 'nula_step_size': np.float64(0.04425), 'nula_friction': np.float64(5.604166666666666)}",0.30625
underdamped_pro,"{'gamma2': 0.7028282284736633, 'lambda_': 114.9304137293519, 'sigma2': 0.3909595012664795, 'p': 50, 'batch_size': 128, 'eval_every': 15, 'nula_step_size': np.float64(0.04425), 'nula_friction': np.float64(6.625)}",0.30687
underdamped_pro,"{'gamma2': 0.7028282284736633, 'lambda_': 114.9304137293519, 'sigma2': 0.3909595012664795, 'p': 50, 'batch_size': 128, 'eval_every': 15, 'nula_step_size': np.float64(0.04425), 'nula_friction': np.float64(7.645833333333333)}",0.30893
underdamped_pro,"{'gamma2': 0.7028282284736633, 'lambda_': 114.9304137293519, 'sigma2': 0.3909595012664795, 'p': 50, 'batch_size': 128, 'eval_every': 15, 'nula_step_size': np.float64(0.04425), 'nula_friction': np.float64(8.666666666666666)}",0.30921
underdamped_pro,"{'gamma2': 0.7028282284736633, 'lambda_': 114.9304137293519, 'sigma2': 0.3909595012664795, 'p': 50, 'batch_size': 128, 'eval_every': 15, 'nula_step_size': np.float64(0.04425), 'nula_friction': np.float64(9.6875)}",0.31085
underdamped_pro,"{'gamma2': 0.7028282284736633, 'lambda_': 114.9304137293519, 'sigma2': 0.3909595012664795, 'p': 50, 'batch_size': 128, 'eval_every': 15, 'nula_step_size': np.float64(0.04425), 'nula_friction': np.float64(10.708333333333332)}",0.31222
underdamped_pro,"{'gamma2': 0.7028282284736633, 'lambda_': 114.9304137293519, 'sigma2': 0.3909595012664795, 'p': 50, 'batch_size': 128, 'eval_every': 15, 'nula_step_size': np.float64(0.04425), 'nula_friction': np.float64(11.729166666666666)}",0.31315
underdamped_pro,"{'gamma2': 0.7028282284736633, 'lambda_': 114.9304137293519, 'sigma2': 0.3909595012664795, 'p': 50, 'batch_size': 128, 'eval_every': 15, 'nula_step_size': np.float64(0.04425), 'nula_friction': np.float64(12.75)}",0.31479
underdamped_pro,"{'gamma2': 0.7028282284736633, 'lambda_': 114.9304137293519, 'sigma2': 0.3909595012664795, 'p': 50, 'batch_size': 128, 'eval_every': 15, 'nula_step_size': np.float64(0.04425), 'nula_friction': np.float64(13.770833333333332)}",0.31590
underdamped_pro,"{'gamma2': 0.7028282284736633, 'lambda_': 114.9304137293519, 'sigma2': 0.3909595012664795, 'p': 50, 'batch_size': 128, 'eval_every': 15, 'nula_step_size': np.float64(0.04425), 'nula_friction': np.float64(14.791666666666666)}",0.31837
underdamped_pro,"{'gamma2': 0.7028282284736633, 'lambda_': 114.9304137293519, 'sigma2': 0.3909595012664795, 'p': 50, 'batch_size': 128, 'eval_every': 15, 'nula_step_size': np.float64(0.04425), 'nula_friction': np.float64(15.812499999999998)}",0.32040
underdamped_pro,"{'gamma2': 0.7028282284736633, 'lambda_': 114.9304137293519, 'sigma2': 0.3909595012664795, 'p': 50, 'batch_size': 128, 'eval_every': 15, 'nula_step_size': np.float64(0.04425), 'nula_friction': np.float64(16.833333333333332)}",0.32229
underdamped_pro,"{'gamma2': 0.7028282284736633, 'lambda_': 114.9304137293519, 'sigma2': 0.3909595012664795, 'p': 50, 'batch_size': 128, 'eval_every': 15, 'nula_step_size': np.float64(0.04425), 'nula_friction': np.float64(17.854166666666664)}",0.32392
underdamped_pro,"{'gamma2': 0.7028282284736633, 'lambda_': 114.9304137293519, 'sigma2': 0.3909595012664795, 'p': 50, 'batch_size': 128, 'eval_every': 15, 'nula_step_size': np.float64(0.04425), 'nula_friction': np.float64(18.875)}",0.32560
underdamped_pro,"{'gamma2': 0.7028282284736633, 'lambda_': 114.9304137293519, 'sigma2': 0.3909595012664795, 'p': 50, 'batch_size': 128, 'eval_every': 15, 'nula_step_size': np.float64(0.04425), 'nula_friction': np.float64(19.895833333333332)}",0.32717
underdamped_pro,"{'gamma2': 0.7028282284736633, 'lambda_': 114.9304137293519, 'sigma2': 0.3909595012664795, 'p': 50, 'batch_size': 128, 'eval_every': 15, 'nula_step_size': np.float64(0.04425), 'nula_friction': np.float64(20.916666666666664)}",0.32871
underdamped_pro,"{'gamma2': 0.7028282284736633, 'lambda_': 114.9304137293519, 'sigma2': 0.3909595012664795, 'p': 50, 'batch_size': 128, 'eval_every': 15, 'nula_step_size': np.float64(0.04425), 'nula_friction': np.float64(21.9375)}",0.33020
underdamped_pro,"{'gamma2': 0.7028282284736633, 'lambda_': 114.9304137293519, 'sigma2': 0.3909595012664795, 'p': 50, 'batch_size': 128, 'eval_every': 15, 'nula_step_size': np.float64(0.04425), 'nula_friction': np.float64(22.958333333333332)}",0.33182
underdamped_pro,"{'gamma2': 0.7028282284736633, 'lambda_': 114.9304137293519, 'sigma2': 0.3909595012664795, 'p': 50, 'batch_size': 128, 'eval_every': 15, 'nula_step_size': np.float64(0.04425), 'nula_friction': np.float64(23.979166666666664)}",0.33331
underdamped_pro,"{'gamma2': 0.7028282284736633, 'lambda_': 114.9304137293519, 'sigma2': 0.3909595012664795, 'p': 50, 'batch_size': 128, 'eval_every': 15, 'nula_step_size': np.float64(0.04425), 'nula_friction': np.float64(25.0)}",0.33473
underdamped_pro,"{'gamma2': 0.7028282284736633, 'lambda_': 114.9304137293519, 'sigma2': 0.3909595012664795, 'p': 50, 'batch_size': 128, 'eval_every': 15, 'nula_step_size': np.float64(0.0475), 'nula_friction': np.float64(0.5)}",0.64146
underdamped_pro,"{'gamma2': 0.7028282284736633, 'lambda_': 114.9304137293519, 'sigma2': 0.3909595012664795, 'p': 50, 'batch_size': 128, 'eval_every': 15, 'nula_step_size': np.float64(0.0475), 'nula_friction': np.float64(1.5208333333333333)}",0.38364
underdamped_pro,"{'gamma2': 0.7028282284736633, 'lambda_': 114.9304137293519, 'sigma2': 0.3909595012664795, 'p': 50, 'batch_size': 128, 'eval_every': 15, 'nula_step_size': np.float64(0.0475), 'nula_friction': np.float64(2.5416666666666665)}",0.35693
underdamped_pro,"{'gamma2': 0.7028282284736633, 'lambda_': 114.9304137293519, 'sigma2': 0.3909595012664795, 'p': 50, 'batch_size': 128, 'eval_every': 15, 'nula_step_size': np.float64(0.0475), 'nula_friction': np.float64(3.5625)}",0.32008
underdamped_pro,"{'gamma2': 0.7028282284736633, 'lambda_': 114.9304137293519, 'sigma2': 0.3909595012664795, 'p': 50, 'batch_size': 128, 'eval_every': 15, 'nula_step_size': np.float64(0.0475), 'nula_friction': np.float64(4.583333333333333)}",0.30641
underdamped_pro,"{'gamma2': 0.7028282284736633, 'lambda_': 114.9304137293519, 'sigma2': 0.3909595012664795, 'p': 50, 'batch_size': 128, 'eval_every': 15, 'nula_step_size': np.float64(0.0475), 'nula_friction': np.float64(5.604166666666666)}",0.30599
underdamped_pro,"{'gamma2': 0.7028282284736633, 'lambda_': 114.9304137293519, 'sigma2': 0.3909595012664795, 'p': 50, 'batch_size': 128, 'eval_every': 15, 'nula_step_size': np.float64(0.0475), 'nula_friction': np.float64(6.625)}",0.30576
underdamped_pro,"{'gamma2': 0.7028282284736633, 'lambda_': 114.9304137293519, 'sigma2': 0.3909595012664795, 'p': 50, 'batch_size': 128, 'eval_every': 15, 'nula_step_size': np.float64(0.0475), 'nula_friction': np.float64(7.645833333333333)}",0.30789
underdamped_pro,"{'gamma2': 0.7028282284736633, 'lambda_': 114.9304137293519, 'sigma2': 0.3909595012664795, 'p': 50, 'batch_size': 128, 'eval_every': 15, 'nula_step_size': np.float64(0.0475), 'nula_friction': np.float64(8.666666666666666)}",0.30891
underdamped_pro,"{'gamma2': 0.7028282284736633, 'lambda_': 114.9304137293519, 'sigma2': 0.3909595012664795, 'p': 50, 'batch_size': 128, 'eval_every': 15, 'nula_step_size': np.float64(0.0475), 'nula_friction': np.float64(9.6875)}",0.30919
underdamped_pro,"{'gamma2': 0.7028282284736633, 'lambda_': 114.9304137293519, 'sigma2': 0.3909595012664795, 'p': 50, 'batch_size': 128, 'eval_every': 15, 'nula_step_size': np.float64(0.0475), 'nula_friction': np.float64(10.708333333333332)}",0.31105
underdamped_pro,"{'gamma2': 0.7028282284736633, 'lambda_': 114.9304137293519, 'sigma2': 0.3909595012664795, 'p': 50, 'batch_size': 128, 'eval_every': 15, 'nula_step_size': np.float64(0.0475), 'nula_friction': np.float64(11.729166666666666)}",0.31234
underdamped_pro,"{'gamma2': 0.7028282284736633, 'lambda_': 114.9304137293519, 'sigma2': 0.3909595012664795, 'p': 50, 'batch_size': 128, 'eval_every': 15, 'nula_step_size': np.float64(0.0475), 'nula_friction': np.float64(12.75)}",0.31364
underdamped_pro,"{'gamma2': 0.7028282284736633, 'lambda_': 114.9304137293519, 'sigma2': 0.3909595012664795, 'p': 50, 'batch_size': 128, 'eval_every': 15, 'nula_step_size': np.float64(0.0475), 'nula_friction': np.float64(13.770833333333332)}",0.31481
underdamped_pro,"{'gamma2': 0.7028282284736633, 'lambda_': 114.9304137293519, 'sigma2': 0.3909595012664795, 'p': 50, 'batch_size': 128, 'eval_every': 15, 'nula_step_size': np.float64(0.0475), 'nula_friction': np.float64(14.791666666666666)}",0.31611
underdamped_pro,"{'gamma2': 0.7028282284736633, 'lambda_': 114.9304137293519, 'sigma2': 0.3909595012664795, 'p': 50, 'batch_size': 128, 'eval_every': 15, 'nula_step_size': np.float64(0.0475), 'nula_friction': np.float64(15.812499999999998)}",0.31813
underdamped_pro,"{'gamma2': 0.7028282284736633, 'lambda_': 114.9304137293519, 'sigma2': 0.3909595012664795, 'p': 50, 'batch_size': 128, 'eval_every': 15, 'nula_step_size': np.float64(0.0475), 'nula_friction': np.float64(16.833333333333332)}",0.32017
underdamped_pro,"{'gamma2': 0.7028282284736633, 'lambda_': 114.9304137293519, 'sigma2': 0.3909595012664795, 'p': 50, 'batch_size': 128, 'eval_every': 15, 'nula_step_size': np.float64(0.0475), 'nula_friction': np.float64(17.854166666666664)}",0.32201
underdamped_pro,"{'gamma2': 0.7028282284736633, 'lambda_': 114.9304137293519, 'sigma2': 0.3909595012664795, 'p': 50, 'batch_size': 128, 'eval_every': 15, 'nula_step_size': np.float64(0.0475), 'nula_friction': np.float64(18.875)}",0.32359
underdamped_pro,"{'gamma2': 0.7028282284736633, 'lambda_': 114.9304137293519, 'sigma2': 0.3909595012664795, 'p': 50, 'batch_size': 128, 'eval_every': 15, 'nula_step_size': np.float64(0.0475), 'nula_friction': np.float64(19.895833333333332)}",0.32512
underdamped_pro,"{'gamma2': 0.7028282284736633, 'lambda_': 114.9304137293519, 'sigma2': 0.3909595012664795, 'p': 50, 'batch_size': 128, 'eval_every': 15, 'nula_step_size': np.float64(0.0475), 'nula_friction': np.float64(20.916666666666664)}",0.32649
underdamped_pro,"{'gamma2': 0.7028282284736633, 'lambda_': 114.9304137293519, 'sigma2': 0.3909595012664795, 'p': 50, 'batch_size': 128, 'eval_every': 15, 'nula_step_size': np.float64(0.0475), 'nula_friction': np.float64(21.9375)}",0.32814
underdamped_pro,"{'gamma2': 0.7028282284736633, 'lambda_': 114.9304137293519, 'sigma2': 0.3909595012664795, 'p': 50, 'batch_size': 128, 'eval_every': 15, 'nula_step_size': np.float64(0.0475), 'nula_friction': np.float64(22.958333333333332)}",0.32968
underdamped_pro,"{'gamma2': 0.7028282284736633, 'lambda_': 114.9304137293519, 'sigma2': 0.3909595012664795, 'p': 50, 'batch_size': 128, 'eval_every': 15, 'nula_step_size': np.float64(0.0475), 'nula_friction': np.float64(23.979166666666664)}",0.33093
underdamped_pro,"{'gamma2': 0.7028282284736633, 'lambda_': 114.9304137293519, 'sigma2': 0.3909595012664795, 'p': 50, 'batch_size': 128, 'eval_every': 15, 'nula_step_size': np.float64(0.0475), 'nula_friction': np.float64(25.0)}",0.33234
underdamped_pro,"{'gamma2': 0.7028282284736633, 'lambda_': 114.9304137293519, 'sigma2': 0.3909595012664795, 'p': 50, 'batch_size': 128, 'eval_every': 15, 'nula_step_size': np.float64(0.050749999999999997), 'nula_friction': np.float64(0.5)}",0.62561
underdamped_pro,"{'gamma2': 0.7028282284736633, 'lambda_': 114.9304137293519, 'sigma2': 0.3909595012664795, 'p': 50, 'batch_size': 128, 'eval_every': 15, 'nula_step_size': np.float64(0.050749999999999997), 'nula_friction': np.float64(1.5208333333333333)}",0.41707
underdamped_pro,"{'gamma2': 0.7028282284736633, 'lambda_': 114.9304137293519, 'sigma2': 0.3909595012664795, 'p': 50, 'batch_size': 128, 'eval_every': 15, 'nula_step_size': np.float64(0.050749999999999997), 'nula_friction': np.float64(2.5416666666666665)}",0.34246
underdamped_pro,"{'gamma2': 0.7028282284736633, 'lambda_': 114.9304137293519, 'sigma2': 0.3909595012664795, 'p': 50, 'batch_size': 128, 'eval_every': 15, 'nula_step_size': np.float64(0.050749999999999997), 'nula_friction': np.float64(3.5625)}",0.30851
underdamped_pro,"{'gamma2': 0.7028282284736633, 'lambda_': 114.9304137293519, 'sigma2': 0.3909595012664795, 'p': 50, 'batch_size': 128, 'eval_every': 15, 'nula_step_size': np.float64(0.050749999999999997), 'nula_friction': np.float64(4.583333333333333)}",0.30994
underdamped_pro,"{'gamma2': 0.7028282284736633, 'lambda_': 114.9304137293519, 'sigma2': 0.3909595012664795, 'p': 50, 'batch_size': 128, 'eval_every': 15, 'nula_step_size': np.float64(0.050749999999999997), 'nula_friction': np.float64(5.604166666666666)}",0.30760
underdamped_pro,"{'gamma2': 0.7028282284736633, 'lambda_': 114.9304137293519, 'sigma2': 0.3909595012664795, 'p': 50, 'batch_size': 128, 'eval_every': 15, 'nula_step_size': np.float64(0.050749999999999997), 'nula_friction': np.float64(6.625)}",0.30614
underdamped_pro,"{'gamma2': 0.7028282284736633, 'lambda_': 114.9304137293519, 'sigma2': 0.3909595012664795, 'p': 50, 'batch_size': 128, 'eval_every': 15, 'nula_step_size': np.float64(0.050749999999999997), 'nula_friction': np.float64(7.645833333333333)}",0.30714
underdamped_pro,"{'gamma2': 0.7028282284736633, 'lambda_': 114.9304137293519, 'sigma2': 0.3909595012664795, 'p': 50, 'batch_size': 128, 'eval_every': 15, 'nula_step_size': np.float64(0.050749999999999997), 'nula_friction': np.float64(8.666666666666666)}",0.30817
underdamped_pro,"{'gamma2': 0.7028282284736633, 'lambda_': 114.9304137293519, 'sigma2': 0.3909595012664795, 'p': 50, 'batch_size': 128, 'eval_every': 15, 'nula_step_size': np.float64(0.050749999999999997), 'nula_friction': np.float64(9.6875)}",0.30864
underdamped_pro,"{'gamma2': 0.7028282284736633, 'lambda_': 114.9304137293519, 'sigma2': 0.3909595012664795, 'p': 50, 'batch_size': 128, 'eval_every': 15, 'nula_step_size': np.float64(0.050749999999999997), 'nula_friction': np.float64(10.708333333333332)}",0.30929
underdamped_pro,"{'gamma2': 0.7028282284736633, 'lambda_': 114.9304137293519, 'sigma2': 0.3909595012664795, 'p': 50, 'batch_size': 128, 'eval_every': 15, 'nula_step_size': np.float64(0.050749999999999997), 'nula_friction': np.float64(11.729166666666666)}",0.31119
underdamped_pro,"{'gamma2': 0.7028282284736633, 'lambda_': 114.9304137293519, 'sigma2': 0.3909595012664795, 'p': 50, 'batch_size': 128, 'eval_every': 15, 'nula_step_size': np.float64(0.050749999999999997), 'nula_friction': np.float64(12.75)}",0.31279
underdamped_pro,"{'gamma2': 0.7028282284736633, 'lambda_': 114.9304137293519, 'sigma2': 0.3909595012664795, 'p': 50, 'batch_size': 128, 'eval_every': 15, 'nula_step_size': np.float64(0.050749999999999997), 'nula_friction': np.float64(13.770833333333332)}",0.31361
underdamped_pro,"{'gamma2': 0.7028282284736633, 'lambda_': 114.9304137293519, 'sigma2': 0.3909595012664795, 'p': 50, 'batch_size': 128, 'eval_every': 15, 'nula_step_size': np.float64(0.050749999999999997), 'nula_friction': np.float64(14.791666666666666)}",0.31498
underdamped_pro,"{'gamma2': 0.7028282284736633, 'lambda_': 114.9304137293519, 'sigma2': 0.3909595012664795, 'p': 50, 'batch_size': 128, 'eval_every': 15, 'nula_step_size': np.float64(0.050749999999999997), 'nula_friction': np.float64(15.812499999999998)}",0.31624
underdamped_pro,"{'gamma2': 0.7028282284736633, 'lambda_': 114.9304137293519, 'sigma2': 0.3909595012664795, 'p': 50, 'batch_size': 128, 'eval_every': 15, 'nula_step_size': np.float64(0.050749999999999997), 'nula_friction': np.float64(16.833333333333332)}",0.31823
underdamped_pro,"{'gamma2': 0.7028282284736633, 'lambda_': 114.9304137293519, 'sigma2': 0.3909595012664795, 'p': 50, 'batch_size': 128, 'eval_every': 15, 'nula_step_size': np.float64(0.050749999999999997), 'nula_friction': np.float64(17.854166666666664)}",0.32009
underdamped_pro,"{'gamma2': 0.7028282284736633, 'lambda_': 114.9304137293519, 'sigma2': 0.3909595012664795, 'p': 50, 'batch_size': 128, 'eval_every': 15, 'nula_step_size': np.float64(0.050749999999999997), 'nula_friction': np.float64(18.875)}",0.32178
underdamped_pro,"{'gamma2': 0.7028282284736633, 'lambda_': 114.9304137293519, 'sigma2': 0.3909595012664795, 'p': 50, 'batch_size': 128, 'eval_every': 15, 'nula_step_size': np.float64(0.050749999999999997), 'nula_friction': np.float64(19.895833333333332)}",0.32318
underdamped_pro,"{'gamma2': 0.7028282284736633, 'lambda_': 114.9304137293519, 'sigma2': 0.3909595012664795, 'p': 50, 'batch_size': 128, 'eval_every': 15, 'nula_step_size': np.float64(0.050749999999999997), 'nula_friction': np.float64(20.916666666666664)}",0.32469
underdamped_pro,"{'gamma2': 0.7028282284736633, 'lambda_': 114.9304137293519, 'sigma2': 0.3909595012664795, 'p': 50, 'batch_size': 128, 'eval_every': 15, 'nula_step_size': np.float64(0.050749999999999997), 'nula_friction': np.float64(21.9375)}",0.32630
underdamped_pro,"{'gamma2': 0.7028282284736633, 'lambda_': 114.9304137293519, 'sigma2': 0.3909595012664795, 'p': 50, 'batch_size': 128, 'eval_every': 15, 'nula_step_size': np.float64(0.050749999999999997), 'nula_friction': np.float64(22.958333333333332)}",0.32766
underdamped_pro,"{'gamma2': 0.7028282284736633, 'lambda_': 114.9304137293519, 'sigma2': 0.3909595012664795, 'p': 50, 'batch_size': 128, 'eval_every': 15, 'nula_step_size': np.float64(0.050749999999999997), 'nula_friction': np.float64(23.979166666666664)}",0.32904
underdamped_pro,"{'gamma2': 0.7028282284736633, 'lambda_': 114.9304137293519, 'sigma2': 0.3909595012664795, 'p': 50, 'batch_size': 128, 'eval_every': 15, 'nula_step_size': np.float64(0.050749999999999997), 'nula_friction': np.float64(25.0)}",0.33020
underdamped_pro,"{'gamma2': 0.7028282284736633, 'lambda_': 114.9304137293519, 'sigma2': 0.3909595012664795, 'p': 50, 'batch_size': 128, 'eval_every': 15, 'nula_step_size': np.float64(0.054), 'nula_friction': np.float64(0.5)}",0.65483
underdamped_pro,"{'gamma2': 0.7028282284736633, 'lambda_': 114.9304137293519, 'sigma2': 0.3909595012664795, 'p': 50, 'batch_size': 128, 'eval_every': 15, 'nula_step_size': np.float64(0.054), 'nula_friction': np.float64(1.5208333333333333)}",0.42920
underdamped_pro,"{'gamma2': 0.7028282284736633, 'lambda_': 114.9304137293519, 'sigma2': 0.3909595012664795, 'p': 50, 'batch_size': 128, 'eval_every': 15, 'nula_step_size': np.float64(0.054), 'nula_friction': np.float64(2.5416666666666665)}",0.39794
underdamped_pro,"{'gamma2': 0.7028282284736633, 'lambda_': 114.9304137293519, 'sigma2': 0.3909595012664795, 'p': 50, 'batch_size': 128, 'eval_every': 15, 'nula_step_size': np.float64(0.054), 'nula_friction': np.float64(3.5625)}",0.32758
underdamped_pro,"{'gamma2': 0.7028282284736633, 'lambda_': 114.9304137293519, 'sigma2': 0.3909595012664795, 'p': 50, 'batch_size': 128, 'eval_every': 15, 'nula_step_size': np.float64(0.054), 'nula_friction': np.float64(4.583333333333333)}",0.31920
underdamped_pro,"{'gamma2': 0.7028282284736633, 'lambda_': 114.9304137293519, 'sigma2': 0.3909595012664795, 'p': 50, 'batch_size': 128, 'eval_every': 15, 'nula_step_size': np.float64(0.054), 'nula_friction': np.float64(5.604166666666666)}",0.30663
underdamped_pro,"{'gamma2': 0.7028282284736633, 'lambda_': 114.9304137293519, 'sigma2': 0.3909595012664795, 'p': 50, 'batch_size': 128, 'eval_every': 15, 'nula_step_size': np.float64(0.054), 'nula_friction': np.float64(6.625)}",0.30610
underdamped_pro,"{'gamma2': 0.7028282284736633, 'lambda_': 114.9304137293519, 'sigma2': 0.3909595012664795, 'p': 50, 'batch_size': 128, 'eval_every': 15, 'nula_step_size': np.float64(0.054), 'nula_friction': np.float64(7.645833333333333)}",0.30599
underdamped_pro,"{'gamma2': 0.7028282284736633, 'lambda_': 114.9304137293519, 'sigma2': 0.3909595012664795, 'p': 50, 'batch_size': 128, 'eval_every': 15, 'nula_step_size': np.float64(0.054), 'nula_friction': np.float64(8.666666666666666)}",0.30764
underdamped_pro,"{'gamma2': 0.7028282284736633, 'lambda_': 114.9304137293519, 'sigma2': 0.3909595012664795, 'p': 50, 'batch_size': 128, 'eval_every': 15, 'nula_step_size': np.float64(0.054), 'nula_friction': np.float64(9.6875)}",0.30841
underdamped_pro,"{'gamma2': 0.7028282284736633, 'lambda_': 114.9304137293519, 'sigma2': 0.3909595012664795, 'p': 50, 'batch_size': 128, 'eval_every': 15, 'nula_step_size': np.float64(0.054), 'nula_friction': np.float64(10.708333333333332)}",0.30888
underdamped_pro,"{'gamma2': 0.7028282284736633, 'lambda_': 114.9304137293519, 'sigma2': 0.3909595012664795, 'p': 50, 'batch_size': 128, 'eval_every': 15, 'nula_step_size': np.float64(0.054), 'nula_friction': np.float64(11.729166666666666)}",0.30946
underdamped_pro,"{'gamma2': 0.7028282284736633, 'lambda_': 114.9304137293519, 'sigma2': 0.3909595012664795, 'p': 50, 'batch_size': 128, 'eval_every': 15, 'nula_step_size': np.float64(0.054), 'nula_friction': np.float64(12.75)}",0.31139
underdamped_pro,"{'gamma2': 0.7028282284736633, 'lambda_': 114.9304137293519, 'sigma2': 0.3909595012664795, 'p': 50, 'batch_size': 128, 'eval_every': 15, 'nula_step_size': np.float64(0.054), 'nula_friction': np.float64(13.770833333333332)}",0.31308
underdamped_pro,"{'gamma2': 0.7028282284736633, 'lambda_': 114.9304137293519, 'sigma2': 0.3909595012664795, 'p': 50, 'batch_size': 128, 'eval_every': 15, 'nula_step_size': np.float64(0.054), 'nula_friction': np.float64(14.791666666666666)}",0.31398
underdamped_pro,"{'gamma2': 0.7028282284736633, 'lambda_': 114.9304137293519, 'sigma2': 0.3909595012664795, 'p': 50, 'batch_size': 128, 'eval_every': 15, 'nula_step_size': np.float64(0.054), 'nula_friction': np.float64(15.812499999999998)}",0.31503
underdamped_pro,"{'gamma2': 0.7028282284736633, 'lambda_': 114.9304137293519, 'sigma2': 0.3909595012664795, 'p': 50, 'batch_size': 128, 'eval_every': 15, 'nula_step_size': np.float64(0.054), 'nula_friction': np.float64(16.833333333333332)}",0.31609
underdamped_pro,"{'gamma2': 0.7028282284736633, 'lambda_': 114.9304137293519, 'sigma2': 0.3909595012664795, 'p': 50, 'batch_size': 128, 'eval_every': 15, 'nula_step_size': np.float64(0.054), 'nula_friction': np.float64(17.854166666666664)}",0.31810
underdamped_pro,"{'gamma2': 0.7028282284736633, 'lambda_': 114.9304137293519, 'sigma2': 0.3909595012664795, 'p': 50, 'batch_size': 128, 'eval_every': 15, 'nula_step_size': np.float64(0.054), 'nula_friction': np.float64(18.875)}",0.31997
underdamped_pro,"{'gamma2': 0.7028282284736633, 'lambda_': 114.9304137293519, 'sigma2': 0.3909595012664795, 'p': 50, 'batch_size': 128, 'eval_every': 15, 'nula_step_size': np.float64(0.054), 'nula_friction': np.float64(19.895833333333332)}",0.32156
underdamped_pro,"{'gamma2': 0.7028282284736633, 'lambda_': 114.9304137293519, 'sigma2': 0.3909595012664795, 'p': 50, 'batch_size': 128, 'eval_every': 15, 'nula_step_size': np.float64(0.054), 'nula_friction': np.float64(20.916666666666664)}",0.32299
underdamped_pro,"{'gamma2': 0.7028282284736633, 'lambda_': 114.9304137293519, 'sigma2': 0.3909595012664795, 'p': 50, 'batch_size': 128, 'eval_every': 15, 'nula_step_size': np.float64(0.054), 'nula_friction': np.float64(21.9375)}",0.32436
underdamped_pro,"{'gamma2': 0.7028282284736633, 'lambda_': 114.9304137293519, 'sigma2': 0.3909595012664795, 'p': 50, 'batch_size': 128, 'eval_every': 15, 'nula_step_size': np.float64(0.054), 'nula_friction': np.float64(22.958333333333332)}",0.32587
underdamped_pro,"{'gamma2': 0.7028282284736633, 'lambda_': 114.9304137293519, 'sigma2': 0.3909595012664795, 'p': 50, 'batch_size': 128, 'eval_every': 15, 'nula_step_size': np.float64(0.054), 'nula_friction': np.float64(23.979166666666664)}",0.32730
underdamped_pro,"{'gamma2': 0.7028282284736633, 'lambda_': 114.9304137293519, 'sigma2': 0.3909595012664795, 'p': 50, 'batch_size': 128, 'eval_every': 15, 'nula_step_size': np.float64(0.054), 'nula_friction': np.float64(25.0)}",0.32843
underdamped_pro,"{'gamma2': 0.7028282284736633, 'lambda_': 114.9304137293519, 'sigma2': 0.3909595012664795, 'p': 50, 'batch_size': 128, 'eval_every': 15, 'nula_step_size': np.float64(0.05725), 'nula_friction': np.float64(0.5)}",0.69915
underdamped_pro,"{'gamma2': 0.7028282284736633, 'lambda_': 114.9304137293519, 'sigma2': 0.3909595012664795, 'p': 50, 'batch_size': 128, 'eval_every': 15, 'nula_step_size': np.float64(0.05725), 'nula_friction': np.float64(1.5208333333333333)}",0.46847
underdamped_pro,"{'gamma2': 0.7028282284736633, 'lambda_': 114.9304137293519, 'sigma2': 0.3909595012664795, 'p': 50, 'batch_size': 128, 'eval_every': 15, 'nula_step_size': np.float64(0.05725), 'nula_friction': np.float64(2.5416666666666665)}",0.36358
underdamped_pro,"{'gamma2': 0.7028282284736633, 'lambda_': 114.9304137293519, 'sigma2': 0.3909595012664795, 'p': 50, 'batch_size': 128, 'eval_every': 15, 'nula_step_size': np.float64(0.05725), 'nula_friction': np.float64(3.5625)}",0.36666
underdamped_pro,"{'gamma2': 0.7028282284736633, 'lambda_': 114.9304137293519, 'sigma2': 0.3909595012664795, 'p': 50, 'batch_size': 128, 'eval_every': 15, 'nula_step_size': np.float64(0.05725), 'nula_friction': np.float64(4.583333333333333)}",0.31771
underdamped_pro,"{'gamma2': 0.7028282284736633, 'lambda_': 114.9304137293519, 'sigma2': 0.3909595012664795, 'p': 50, 'batch_size': 128, 'eval_every': 15, 'nula_step_size': np.float64(0.05725), 'nula_friction': np.float64(5.604166666666666)}",0.30857
underdamped_pro,"{'gamma2': 0.7028282284736633, 'lambda_': 114.9304137293519, 'sigma2': 0.3909595012664795, 'p': 50, 'batch_size': 128, 'eval_every': 15, 'nula_step_size': np.float64(0.05725), 'nula_friction': np.float64(6.625)}",0.30617
underdamped_pro,"{'gamma2': 0.7028282284736633, 'lambda_': 114.9304137293519, 'sigma2': 0.3909595012664795, 'p': 50, 'batch_size': 128, 'eval_every': 15, 'nula_step_size': np.float64(0.05725), 'nula_friction': np.float64(7.645833333333333)}",0.30552
underdamped_pro,"{'gamma2': 0.7028282284736633, 'lambda_': 114.9304137293519, 'sigma2': 0.3909595012664795, 'p': 50, 'batch_size': 128, 'eval_every': 15, 'nula_step_size': np.float64(0.05725), 'nula_friction': np.float64(8.666666666666666)}",0.30657
underdamped_pro,"{'gamma2': 0.7028282284736633, 'lambda_': 114.9304137293519, 'sigma2': 0.3909595012664795, 'p': 50, 'batch_size': 128, 'eval_every': 15, 'nula_step_size': np.float64(0.05725), 'nula_friction': np.float64(9.6875)}",0.30818
underdamped_pro,"{'gamma2': 0.7028282284736633, 'lambda_': 114.9304137293519, 'sigma2': 0.3909595012664795, 'p': 50, 'batch_size': 128, 'eval_every': 15, 'nula_step_size': np.float64(0.05725), 'nula_friction': np.float64(10.708333333333332)}",0.30870
underdamped_pro,"{'gamma2': 0.7028282284736633, 'lambda_': 114.9304137293519, 'sigma2': 0.3909595012664795, 'p': 50, 'batch_size': 128, 'eval_every': 15, 'nula_step_size': np.float64(0.05725), 'nula_friction': np.float64(11.729166666666666)}",0.30925
underdamped_pro,"{'gamma2': 0.7028282284736633, 'lambda_': 114.9304137293519, 'sigma2': 0.3909595012664795, 'p': 50, 'batch_size': 128, 'eval_every': 15, 'nula_step_size': np.float64(0.05725), 'nula_friction': np.float64(12.75)}",0.30994
underdamped_pro,"{'gamma2': 0.7028282284736633, 'lambda_': 114.9304137293519, 'sigma2': 0.3909595012664795, 'p': 50, 'batch_size': 128, 'eval_every': 15, 'nula_step_size': np.float64(0.05725), 'nula_friction': np.float64(13.770833333333332)}",0.31182
underdamped_pro,"{'gamma2': 0.7028282284736633, 'lambda_': 114.9304137293519, 'sigma2': 0.3909595012664795, 'p': 50, 'batch_size': 128, 'eval_every': 15, 'nula_step_size': np.float64(0.05725), 'nula_friction': np.float64(14.791666666666666)}",0.31303
underdamped_pro,"{'gamma2': 0.7028282284736633, 'lambda_': 114.9304137293519, 'sigma2': 0.3909595012664795, 'p': 50, 'batch_size': 128, 'eval_every': 15, 'nula_step_size': np.float64(0.05725), 'nula_friction': np.float64(15.812499999999998)}",0.31407
underdamped_pro,"{'gamma2': 0.7028282284736633, 'lambda_': 114.9304137293519, 'sigma2': 0.3909595012664795, 'p': 50, 'batch_size': 128, 'eval_every': 15, 'nula_step_size': np.float64(0.05725), 'nula_friction': np.float64(16.833333333333332)}",0.31524
underdamped_pro,"{'gamma2': 0.7028282284736633, 'lambda_': 114.9304137293519, 'sigma2': 0.3909595012664795, 'p': 50, 'batch_size': 128, 'eval_every': 15, 'nula_step_size': np.float64(0.05725), 'nula_friction': np.float64(17.854166666666664)}",0.31627
underdamped_pro,"{'gamma2': 0.7028282284736633, 'lambda_': 114.9304137293519, 'sigma2': 0.3909595012664795, 'p': 50, 'batch_size': 128, 'eval_every': 15, 'nula_step_size': np.float64(0.05725), 'nula_friction': np.float64(18.875)}",0.31803
underdamped_pro,"{'gamma2': 0.7028282284736633, 'lambda_': 114.9304137293519, 'sigma2': 0.3909595012664795, 'p': 50, 'batch_size': 128, 'eval_every': 15, 'nula_step_size': np.float64(0.05725), 'nula_friction': np.float64(19.895833333333332)}",0.31986
underdamped_pro,"{'gamma2': 0.7028282284736633, 'lambda_': 114.9304137293519, 'sigma2': 0.3909595012664795, 'p': 50, 'batch_size': 128, 'eval_every': 15, 'nula_step_size': np.float64(0.05725), 'nula_friction': np.float64(20.916666666666664)}",0.32148
underdamped_pro,"{'gamma2': 0.7028282284736633, 'lambda_': 114.9304137293519, 'sigma2': 0.3909595012664795, 'p': 50, 'batch_size': 128, 'eval_every': 15, 'nula_step_size': np.float64(0.05725), 'nula_friction': np.float64(21.9375)}",0.32286
underdamped_pro,"{'gamma2': 0.7028282284736633, 'lambda_': 114.9304137293519, 'sigma2': 0.3909595012664795, 'p': 50, 'batch_size': 128, 'eval_every': 15, 'nula_step_size': np.float64(0.05725), 'nula_friction': np.float64(22.958333333333332)}",0.32416
underdamped_pro,"{'gamma2': 0.7028282284736633, 'lambda_': 114.9304137293519, 'sigma2': 0.3909595012664795, 'p': 50, 'batch_size': 128, 'eval_every': 15, 'nula_step_size': np.float64(0.05725), 'nula_friction': np.float64(23.979166666666664)}",0.32553
underdamped_pro,"{'gamma2': 0.7028282284736633, 'lambda_': 114.9304137293519, 'sigma2': 0.3909595012664795, 'p': 50, 'batch_size': 128, 'eval_every': 15, 'nula_step_size': np.float64(0.05725), 'nula_friction': np.float64(25.0)}",0.32687
underdamped_pro,"{'gamma2': 0.7028282284736633, 'lambda_': 114.9304137293519, 'sigma2': 0.3909595012664795, 'p': 50, 'batch_size': 128, 'eval_every': 15, 'nula_step_size': np.float64(0.0605), 'nula_friction': np.float64(0.5)}",0.69699
underdamped_pro,"{'gamma2': 0.7028282284736633, 'lambda_': 114.9304137293519, 'sigma2': 0.3909595012664795, 'p': 50, 'batch_size': 128, 'eval_every': 15, 'nula_step_size': np.float64(0.0605), 'nula_friction': np.float64(1.5208333333333333)}",0.49435
underdamped_pro,"{'gamma2': 0.7028282284736633, 'lambda_': 114.9304137293519, 'sigma2': 0.3909595012664795, 'p': 50, 'batch_size': 128, 'eval_every': 15, 'nula_step_size': np.float64(0.0605), 'nula_friction': np.float64(2.5416666666666665)}",0.38780
underdamped_pro,"{'gamma2': 0.7028282284736633, 'lambda_': 114.9304137293519, 'sigma2': 0.3909595012664795, 'p': 50, 'batch_size': 128, 'eval_every': 15, 'nula_step_size': np.float64(0.0605), 'nula_friction': np.float64(3.5625)}",0.34580
underdamped_pro,"{'gamma2': 0.7028282284736633, 'lambda_': 114.9304137293519, 'sigma2': 0.3909595012664795, 'p': 50, 'batch_size': 128, 'eval_every': 15, 'nula_step_size': np.float64(0.0605), 'nula_friction': np.float64(4.583333333333333)}",0.32776
underdamped_pro,"{'gamma2': 0.7028282284736633, 'lambda_': 114.9304137293519, 'sigma2': 0.3909595012664795, 'p': 50, 'batch_size': 128, 'eval_every': 15, 'nula_step_size': np.float64(0.0605), 'nula_friction': np.float64(5.604166666666666)}",0.31333
underdamped_pro,"{'gamma2': 0.7028282284736633, 'lambda_': 114.9304137293519, 'sigma2': 0.3909595012664795, 'p': 50, 'batch_size': 128, 'eval_every': 15, 'nula_step_size': np.float64(0.0605), 'nula_friction': np.float64(6.625)}",0.30708
underdamped_pro,"{'gamma2': 0.7028282284736633, 'lambda_': 114.9304137293519, 'sigma2': 0.3909595012664795, 'p': 50, 'batch_size': 128, 'eval_every': 15, 'nula_step_size': np.float64(0.0605), 'nula_friction': np.float64(7.645833333333333)}",0.30514
underdamped_pro,"{'gamma2': 0.7028282284736633, 'lambda_': 114.9304137293519, 'sigma2': 0.3909595012664795, 'p': 50, 'batch_size': 128, 'eval_every': 15, 'nula_step_size': np.float64(0.0605), 'nula_friction': np.float64(8.666666666666666)}",0.30571
underdamped_pro,"{'gamma2': 0.7028282284736633, 'lambda_': 114.9304137293519, 'sigma2': 0.3909595012664795, 'p': 50, 'batch_size': 128, 'eval_every': 15, 'nula_step_size': np.float64(0.0605), 'nula_friction': np.float64(9.6875)}",0.30776
underdamped_pro,"{'gamma2': 0.7028282284736633, 'lambda_': 114.9304137293519, 'sigma2': 0.3909595012664795, 'p': 50, 'batch_size': 128, 'eval_every': 15, 'nula_step_size': np.float64(0.0605), 'nula_friction': np.float64(10.708333333333332)}",0.30810
underdamped_pro,"{'gamma2': 0.7028282284736633, 'lambda_': 114.9304137293519, 'sigma2': 0.3909595012664795, 'p': 50, 'batch_size': 128, 'eval_every': 15, 'nula_step_size': np.float64(0.0605), 'nula_friction': np.float64(11.729166666666666)}",0.30897
underdamped_pro,"{'gamma2': 0.7028282284736633, 'lambda_': 114.9304137293519, 'sigma2': 0.3909595012664795, 'p': 50, 'batch_size': 128, 'eval_every': 15, 'nula_step_size': np.float64(0.0605), 'nula_friction': np.float64(12.75)}",0.30972
underdamped_pro,"{'gamma2': 0.7028282284736633, 'lambda_': 114.9304137293519, 'sigma2': 0.3909595012664795, 'p': 50, 'batch_size': 128, 'eval_every': 15, 'nula_step_size': np.float64(0.0605), 'nula_friction': np.float64(13.770833333333332)}",0.31039
underdamped_pro,"{'gamma2': 0.7028282284736633, 'lambda_': 114.9304137293519, 'sigma2': 0.3909595012664795, 'p': 50, 'batch_size': 128, 'eval_every': 15, 'nula_step_size': np.float64(0.0605), 'nula_friction': np.float64(14.791666666666666)}",0.31214
underdamped_pro,"{'gamma2': 0.7028282284736633, 'lambda_': 114.9304137293519, 'sigma2': 0.3909595012664795, 'p': 50, 'batch_size': 128, 'eval_every': 15, 'nula_step_size': np.float64(0.0605), 'nula_friction': np.float64(15.812499999999998)}",0.31333
underdamped_pro,"{'gamma2': 0.7028282284736633, 'lambda_': 114.9304137293519, 'sigma2': 0.3909595012664795, 'p': 50, 'batch_size': 128, 'eval_every': 15, 'nula_step_size': np.float64(0.0605), 'nula_friction': np.float64(16.833333333333332)}",0.31432
underdamped_pro,"{'gamma2': 0.7028282284736633, 'lambda_': 114.9304137293519, 'sigma2': 0.3909595012664795, 'p': 50, 'batch_size': 128, 'eval_every': 15, 'nula_step_size': np.float64(0.0605), 'nula_friction': np.float64(17.854166666666664)}",0.31506
underdamped_pro,"{'gamma2': 0.7028282284736633, 'lambda_': 114.9304137293519, 'sigma2': 0.3909595012664795, 'p': 50, 'batch_size': 128, 'eval_every': 15, 'nula_step_size': np.float64(0.0605), 'nula_friction': np.float64(18.875)}",0.31635
underdamped_pro,"{'gamma2': 0.7028282284736633, 'lambda_': 114.9304137293519, 'sigma2': 0.3909595012664795, 'p': 50, 'batch_size': 128, 'eval_every': 15, 'nula_step_size': np.float64(0.0605), 'nula_friction': np.float64(19.895833333333332)}",0.31814
underdamped_pro,"{'gamma2': 0.7028282284736633, 'lambda_': 114.9304137293519, 'sigma2': 0.3909595012664795, 'p': 50, 'batch_size': 128, 'eval_every': 15, 'nula_step_size': np.float64(0.0605), 'nula_friction': np.float64(20.916666666666664)}",0.31988
underdamped_pro,"{'gamma2': 0.7028282284736633, 'lambda_': 114.9304137293519, 'sigma2': 0.3909595012664795, 'p': 50, 'batch_size': 128, 'eval_every': 15, 'nula_step_size': np.float64(0.0605), 'nula_friction': np.float64(21.9375)}",0.32127
underdamped_pro,"{'gamma2': 0.7028282284736633, 'lambda_': 114.9304137293519, 'sigma2': 0.3909595012664795, 'p': 50, 'batch_size': 128, 'eval_every': 15, 'nula_step_size': np.float64(0.0605), 'nula_friction': np.float64(22.958333333333332)}",0.32275
underdamped_pro,"{'gamma2': 0.7028282284736633, 'lambda_': 114.9304137293519, 'sigma2': 0.3909595012664795, 'p': 50, 'batch_size': 128, 'eval_every': 15, 'nula_step_size': np.float64(0.0605), 'nula_friction': np.float64(23.979166666666664)}",0.32399
underdamped_pro,"{'gamma2': 0.7028282284736633, 'lambda_': 114.9304137293519, 'sigma2': 0.3909595012664795, 'p': 50, 'batch_size': 128, 'eval_every': 15, 'nula_step_size': np.float64(0.0605), 'nula_friction': np.float64(25.0)}",0.32523
underdamped_pro,"{'gamma2': 0.7028282284736633, 'lambda_': 114.9304137293519, 'sigma2': 0.3909595012664795, 'p': 50, 'batch_size': 128, 'eval_every': 15, 'nula_step_size': np.float64(0.06375), 'nula_friction': np.float64(0.5)}",0.68994
underdamped_pro,"{'gamma2': 0.7028282284736633, 'lambda_': 114.9304137293519, 'sigma2': 0.3909595012664795, 'p': 50, 'batch_size': 128, 'eval_every': 15, 'nula_step_size': np.float64(0.06375), 'nula_friction': np.float64(1.5208333333333333)}",0.51314
underdamped_pro,"{'gamma2': 0.7028282284736633, 'lambda_': 114.9304137293519, 'sigma2': 0.3909595012664795, 'p': 50, 'batch_size': 128, 'eval_every': 15, 'nula_step_size': np.float64(0.06375), 'nula_friction': np.float64(2.5416666666666665)}",0.36623
underdamped_pro,"{'gamma2': 0.7028282284736633, 'lambda_': 114.9304137293519, 'sigma2': 0.3909595012664795, 'p': 50, 'batch_size': 128, 'eval_every': 15, 'nula_step_size': np.float64(0.06375), 'nula_friction': np.float64(3.5625)}",0.36507
underdamped_pro,"{'gamma2': 0.7028282284736633, 'lambda_': 114.9304137293519, 'sigma2': 0.3909595012664795, 'p': 50, 'batch_size': 128, 'eval_every': 15, 'nula_step_size': np.float64(0.06375), 'nula_friction': np.float64(4.583333333333333)}",0.32291
underdamped_pro,"{'gamma2': 0.7028282284736633, 'lambda_': 114.9304137293519, 'sigma2': 0.3909595012664795, 'p': 50, 'batch_size': 128, 'eval_every': 15, 'nula_step_size': np.float64(0.06375), 'nula_friction': np.float64(5.604166666666666)}",0.31019
underdamped_pro,"{'gamma2': 0.7028282284736633, 'lambda_': 114.9304137293519, 'sigma2': 0.3909595012664795, 'p': 50, 'batch_size': 128, 'eval_every': 15, 'nula_step_size': np.float64(0.06375), 'nula_friction': np.float64(6.625)}",0.30538
underdamped_pro,"{'gamma2': 0.7028282284736633, 'lambda_': 114.9304137293519, 'sigma2': 0.3909595012664795, 'p': 50, 'batch_size': 128, 'eval_every': 15, 'nula_step_size': np.float64(0.06375), 'nula_friction': np.float64(7.645833333333333)}",0.30525
underdamped_pro,"{'gamma2': 0.7028282284736633, 'lambda_': 114.9304137293519, 'sigma2': 0.3909595012664795, 'p': 50, 'batch_size': 128, 'eval_every': 15, 'nula_step_size': np.float64(0.06375), 'nula_friction': np.float64(8.666666666666666)}",0.30583
underdamped_pro,"{'gamma2': 0.7028282284736633, 'lambda_': 114.9304137293519, 'sigma2': 0.3909595012664795, 'p': 50, 'batch_size': 128, 'eval_every': 15, 'nula_step_size': np.float64(0.06375), 'nula_friction': np.float64(9.6875)}",0.30599
underdamped_pro,"{'gamma2': 0.7028282284736633, 'lambda_': 114.9304137293519, 'sigma2': 0.3909595012664795, 'p': 50, 'batch_size': 128, 'eval_every': 15, 'nula_step_size': np.float64(0.06375), 'nula_friction': np.float64(10.708333333333332)}",0.30778
underdamped_pro,"{'gamma2': 0.7028282284736633, 'lambda_': 114.9304137293519, 'sigma2': 0.3909595012664795, 'p': 50, 'batch_size': 128, 'eval_every': 15, 'nula_step_size': np.float64(0.06375), 'nula_friction': np.float64(11.729166666666666)}",0.30884
underdamped_pro,"{'gamma2': 0.7028282284736633, 'lambda_': 114.9304137293519, 'sigma2': 0.3909595012664795, 'p': 50, 'batch_size': 128, 'eval_every': 15, 'nula_step_size': np.float64(0.06375), 'nula_friction': np.float64(12.75)}",0.30932
underdamped_pro,"{'gamma2': 0.7028282284736633, 'lambda_': 114.9304137293519, 'sigma2': 0.3909595012664795, 'p': 50, 'batch_size': 128, 'eval_every': 15, 'nula_step_size': np.float64(0.06375), 'nula_friction': np.float64(13.770833333333332)}",0.30988
underdamped_pro,"{'gamma2': 0.7028282284736633, 'lambda_': 114.9304137293519, 'sigma2': 0.3909595012664795, 'p': 50, 'batch_size': 128, 'eval_every': 15, 'nula_step_size': np.float64(0.06375), 'nula_friction': np.float64(14.791666666666666)}",0.31073
underdamped_pro,"{'gamma2': 0.7028282284736633, 'lambda_': 114.9304137293519, 'sigma2': 0.3909595012664795, 'p': 50, 'batch_size': 128, 'eval_every': 15, 'nula_step_size': np.float64(0.06375), 'nula_friction': np.float64(15.812499999999998)}",0.31258
underdamped_pro,"{'gamma2': 0.7028282284736633, 'lambda_': 114.9304137293519, 'sigma2': 0.3909595012664795, 'p': 50, 'batch_size': 128, 'eval_every': 15, 'nula_step_size': np.float64(0.06375), 'nula_friction': np.float64(16.833333333333332)}",0.31353
underdamped_pro,"{'gamma2': 0.7028282284736633, 'lambda_': 114.9304137293519, 'sigma2': 0.3909595012664795, 'p': 50, 'batch_size': 128, 'eval_every': 15, 'nula_step_size': np.float64(0.06375), 'nula_friction': np.float64(17.854166666666664)}",0.31451
underdamped_pro,"{'gamma2': 0.7028282284736633, 'lambda_': 114.9304137293519, 'sigma2': 0.3909595012664795, 'p': 50, 'batch_size': 128, 'eval_every': 15, 'nula_step_size': np.float64(0.06375), 'nula_friction': np.float64(18.875)}",0.31540
underdamped_pro,"{'gamma2': 0.7028282284736633, 'lambda_': 114.9304137293519, 'sigma2': 0.3909595012664795, 'p': 50, 'batch_size': 128, 'eval_every': 15, 'nula_step_size': np.float64(0.06375), 'nula_friction': np.float64(19.895833333333332)}",0.31638
underdamped_pro,"{'gamma2': 0.7028282284736633, 'lambda_': 114.9304137293519, 'sigma2': 0.3909595012664795, 'p': 50, 'batch_size': 128, 'eval_every': 15, 'nula_step_size': np.float64(0.06375), 'nula_friction': np.float64(20.916666666666664)}",0.31801
underdamped_pro,"{'gamma2': 0.7028282284736633, 'lambda_': 114.9304137293519, 'sigma2': 0.3909595012664795, 'p': 50, 'batch_size': 128, 'eval_every': 15, 'nula_step_size': np.float64(0.06375), 'nula_friction': np.float64(21.9375)}",0.31976
underdamped_pro,"{'gamma2': 0.7028282284736633, 'lambda_': 114.9304137293519, 'sigma2': 0.3909595012664795, 'p': 50, 'batch_size': 128, 'eval_every': 15, 'nula_step_size': np.float64(0.06375), 'nula_friction': np.float64(22.958333333333332)}",0.32120
underdamped_pro,"{'gamma2': 0.7028282284736633, 'lambda_': 114.9304137293519, 'sigma2': 0.3909595012664795, 'p': 50, 'batch_size': 128, 'eval_every': 15, 'nula_step_size': np.float64(0.06375), 'nula_friction': np.float64(23.979166666666664)}",0.32250
underdamped_pro,"{'gamma2': 0.7028282284736633, 'lambda_': 114.9304137293519, 'sigma2': 0.3909595012664795, 'p': 50, 'batch_size': 128, 'eval_every': 15, 'nula_step_size': np.float64(0.06375), 'nula_friction': np.float64(25.0)}",0.32373
underdamped_pro,"{'gamma2': 0.7028282284736633, 'lambda_': 114.9304137293519, 'sigma2': 0.3909595012664795, 'p': 50, 'batch_size': 128, 'eval_every': 15, 'nula_step_size': np.float64(0.067), 'nula_friction': np.float64(0.5)}",0.69656
underdamped_pro,"{'gamma2': 0.7028282284736633, 'lambda_': 114.9304137293519, 'sigma2': 0.3909595012664795, 'p': 50, 'batch_size': 128, 'eval_every': 15, 'nula_step_size': np.float64(0.067), 'nula_friction': np.float64(1.5208333333333333)}",0.52666
underdamped_pro,"{'gamma2': 0.7028282284736633, 'lambda_': 114.9304137293519, 'sigma2': 0.3909595012664795, 'p': 50, 'batch_size': 128, 'eval_every': 15, 'nula_step_size': np.float64(0.067), 'nula_friction': np.float64(2.5416666666666665)}",0.40259
underdamped_pro,"{'gamma2': 0.7028282284736633, 'lambda_': 114.9304137293519, 'sigma2': 0.3909595012664795, 'p': 50, 'batch_size': 128, 'eval_every': 15, 'nula_step_size': np.float64(0.067), 'nula_friction': np.float64(3.5625)}",0.31922
underdamped_pro,"{'gamma2': 0.7028282284736633, 'lambda_': 114.9304137293519, 'sigma2': 0.3909595012664795, 'p': 50, 'batch_size': 128, 'eval_every': 15, 'nula_step_size': np.float64(0.067), 'nula_friction': np.float64(4.583333333333333)}",0.34802
underdamped_pro,"{'gamma2': 0.7028282284736633, 'lambda_': 114.9304137293519, 'sigma2': 0.3909595012664795, 'p': 50, 'batch_size': 128, 'eval_every': 15, 'nula_step_size': np.float64(0.067), 'nula_friction': np.float64(5.604166666666666)}",0.31180
underdamped_pro,"{'gamma2': 0.7028282284736633, 'lambda_': 114.9304137293519, 'sigma2': 0.3909595012664795, 'p': 50, 'batch_size': 128, 'eval_every': 15, 'nula_step_size': np.float64(0.067), 'nula_friction': np.float64(6.625)}",0.30571
underdamped_pro,"{'gamma2': 0.7028282284736633, 'lambda_': 114.9304137293519, 'sigma2': 0.3909595012664795, 'p': 50, 'batch_size': 128, 'eval_every': 15, 'nula_step_size': np.float64(0.067), 'nula_friction': np.float64(7.645833333333333)}",0.30597
underdamped_pro,"{'gamma2': 0.7028282284736633, 'lambda_': 114.9304137293519, 'sigma2': 0.3909595012664795, 'p': 50, 'batch_size': 128, 'eval_every': 15, 'nula_step_size': np.float64(0.067), 'nula_friction': np.float64(8.666666666666666)}",0.30553
underdamped_pro,"{'gamma2': 0.7028282284736633, 'lambda_': 114.9304137293519, 'sigma2': 0.3909595012664795, 'p': 50, 'batch_size': 128, 'eval_every': 15, 'nula_step_size': np.float64(0.067), 'nula_friction': np.float64(9.6875)}",0.30585
underdamped_pro,"{'gamma2': 0.7028282284736633, 'lambda_': 114.9304137293519, 'sigma2': 0.3909595012664795, 'p': 50, 'batch_size': 128, 'eval_every': 15, 'nula_step_size': np.float64(0.067), 'nula_friction': np.float64(10.708333333333332)}",0.30786
underdamped_pro,"{'gamma2': 0.7028282284736633, 'lambda_': 114.9304137293519, 'sigma2': 0.3909595012664795, 'p': 50, 'batch_size': 128, 'eval_every': 15, 'nula_step_size': np.float64(0.067), 'nula_friction': np.float64(11.729166666666666)}",0.30881
underdamped_pro,"{'gamma2': 0.7028282284736633, 'lambda_': 114.9304137293519, 'sigma2': 0.3909595012664795, 'p': 50, 'batch_size': 128, 'eval_every': 15, 'nula_step_size': np.float64(0.067), 'nula_friction': np.float64(12.75)}",0.30911
underdamped_pro,"{'gamma2': 0.7028282284736633, 'lambda_': 114.9304137293519, 'sigma2': 0.3909595012664795, 'p': 50, 'batch_size': 128, 'eval_every': 15, 'nula_step_size': np.float64(0.067), 'nula_friction': np.float64(13.770833333333332)}",0.30963
underdamped_pro,"{'gamma2': 0.7028282284736633, 'lambda_': 114.9304137293519, 'sigma2': 0.3909595012664795, 'p': 50, 'batch_size': 128, 'eval_every': 15, 'nula_step_size': np.float64(0.067), 'nula_friction': np.float64(14.791666666666666)}",0.31006
underdamped_pro,"{'gamma2': 0.7028282284736633, 'lambda_': 114.9304137293519, 'sigma2': 0.3909595012664795, 'p': 50, 'batch_size': 128, 'eval_every': 15, 'nula_step_size': np.float64(0.067), 'nula_friction': np.float64(15.812499999999998)}",0.31130
underdamped_pro,"{'gamma2': 0.7028282284736633, 'lambda_': 114.9304137293519, 'sigma2': 0.3909595012664795, 'p': 50, 'batch_size': 128, 'eval_every': 15, 'nula_step_size': np.float64(0.067), 'nula_friction': np.float64(16.833333333333332)}",0.31280
underdamped_pro,"{'gamma2': 0.7028282284736633, 'lambda_': 114.9304137293519, 'sigma2': 0.3909595012664795, 'p': 50, 'batch_size': 128, 'eval_every': 15, 'nula_step_size': np.float64(0.067), 'nula_friction': np.float64(17.854166666666664)}",0.31385
underdamped_pro,"{'gamma2': 0.7028282284736633, 'lambda_': 114.9304137293519, 'sigma2': 0.3909595012664795, 'p': 50, 'batch_size': 128, 'eval_every': 15, 'nula_step_size': np.float64(0.067), 'nula_friction': np.float64(18.875)}",0.31462
underdamped_pro,"{'gamma2': 0.7028282284736633, 'lambda_': 114.9304137293519, 'sigma2': 0.3909595012664795, 'p': 50, 'batch_size': 128, 'eval_every': 15, 'nula_step_size': np.float64(0.067), 'nula_friction': np.float64(19.895833333333332)}",0.31541
underdamped_pro,"{'gamma2': 0.7028282284736633, 'lambda_': 114.9304137293519, 'sigma2': 0.3909595012664795, 'p': 50, 'batch_size': 128, 'eval_every': 15, 'nula_step_size': np.float64(0.067), 'nula_friction': np.float64(20.916666666666664)}",0.31643
underdamped_pro,"{'gamma2': 0.7028282284736633, 'lambda_': 114.9304137293519, 'sigma2': 0.3909595012664795, 'p': 50, 'batch_size': 128, 'eval_every': 15, 'nula_step_size': np.float64(0.067), 'nula_friction': np.float64(21.9375)}",0.31812
underdamped_pro,"{'gamma2': 0.7028282284736633, 'lambda_': 114.9304137293519, 'sigma2': 0.3909595012664795, 'p': 50, 'batch_size': 128, 'eval_every': 15, 'nula_step_size': np.float64(0.067), 'nula_friction': np.float64(22.958333333333332)}",0.31969
underdamped_pro,"{'gamma2': 0.7028282284736633, 'lambda_': 114.9304137293519, 'sigma2': 0.3909595012664795, 'p': 50, 'batch_size': 128, 'eval_every': 15, 'nula_step_size': np.float64(0.067), 'nula_friction': np.float64(23.979166666666664)}",0.32100
underdamped_pro,"{'gamma2': 0.7028282284736633, 'lambda_': 114.9304137293519, 'sigma2': 0.3909595012664795, 'p': 50, 'batch_size': 128, 'eval_every': 15, 'nula_step_size': np.float64(0.067), 'nula_friction': np.float64(25.0)}",0.32231
underdamped_pro,"{'gamma2': 0.7028282284736633, 'lambda_': 114.9304137293519, 'sigma2': 0.3909595012664795, 'p': 50, 'batch_size': 128, 'eval_every': 15, 'nula_step_size': np.float64(0.07024999999999999), 'nula_friction': np.float64(0.5)}",0.70948
underdamped_pro,"{'gamma2': 0.7028282284736633, 'lambda_': 114.9304137293519, 'sigma2': 0.3909595012664795, 'p': 50, 'batch_size': 128, 'eval_every': 15, 'nula_step_size': np.float64(0.07024999999999999), 'nula_friction': np.float64(1.5208333333333333)}",0.50816
underdamped_pro,"{'gamma2': 0.7028282284736633, 'lambda_': 114.9304137293519, 'sigma2': 0.3909595012664795, 'p': 50, 'batch_size': 128, 'eval_every': 15, 'nula_step_size': np.float64(0.07024999999999999), 'nula_friction': np.float64(2.5416666666666665)}",0.46126
underdamped_pro,"{'gamma2': 0.7028282284736633, 'lambda_': 114.9304137293519, 'sigma2': 0.3909595012664795, 'p': 50, 'batch_size': 128, 'eval_every': 15, 'nula_step_size': np.float64(0.07024999999999999), 'nula_friction': np.float64(3.5625)}",0.38635
underdamped_pro,"{'gamma2': 0.7028282284736633, 'lambda_': 114.9304137293519, 'sigma2': 0.3909595012664795, 'p': 50, 'batch_size': 128, 'eval_every': 15, 'nula_step_size': np.float64(0.07024999999999999), 'nula_friction': np.float64(4.583333333333333)}",0.33436
underdamped_pro,"{'gamma2': 0.7028282284736633, 'lambda_': 114.9304137293519, 'sigma2': 0.3909595012664795, 'p': 50, 'batch_size': 128, 'eval_every': 15, 'nula_step_size': np.float64(0.07024999999999999), 'nula_friction': np.float64(5.604166666666666)}",0.30802
underdamped_pro,"{'gamma2': 0.7028282284736633, 'lambda_': 114.9304137293519, 'sigma2': 0.3909595012664795, 'p': 50, 'batch_size': 128, 'eval_every': 15, 'nula_step_size': np.float64(0.07024999999999999), 'nula_friction': np.float64(6.625)}",0.30752
underdamped_pro,"{'gamma2': 0.7028282284736633, 'lambda_': 114.9304137293519, 'sigma2': 0.3909595012664795, 'p': 50, 'batch_size': 128, 'eval_every': 15, 'nula_step_size': np.float64(0.07024999999999999), 'nula_friction': np.float64(7.645833333333333)}",0.30625
underdamped_pro,"{'gamma2': 0.7028282284736633, 'lambda_': 114.9304137293519, 'sigma2': 0.3909595012664795, 'p': 50, 'batch_size': 128, 'eval_every': 15, 'nula_step_size': np.float64(0.07024999999999999), 'nula_friction': np.float64(8.666666666666666)}",0.30590
underdamped_pro,"{'gamma2': 0.7028282284736633, 'lambda_': 114.9304137293519, 'sigma2': 0.3909595012664795, 'p': 50, 'batch_size': 128, 'eval_every': 15, 'nula_step_size': np.float64(0.07024999999999999), 'nula_friction': np.float64(9.6875)}",0.30579
underdamped_pro,"{'gamma2': 0.7028282284736633, 'lambda_': 114.9304137293519, 'sigma2': 0.3909595012664795, 'p': 50, 'batch_size': 128, 'eval_every': 15, 'nula_step_size': np.float64(0.07024999999999999), 'nula_friction': np.float64(10.708333333333332)}",0.30686
underdamped_pro,"{'gamma2': 0.7028282284736633, 'lambda_': 114.9304137293519, 'sigma2': 0.3909595012664795, 'p': 50, 'batch_size': 128, 'eval_every': 15, 'nula_step_size': np.float64(0.07024999999999999), 'nula_friction': np.float64(11.729166666666666)}",0.30817
underdamped_pro,"{'gamma2': 0.7028282284736633, 'lambda_': 114.9304137293519, 'sigma2': 0.3909595012664795, 'p': 50, 'batch_size': 128, 'eval_every': 15, 'nula_step_size': np.float64(0.07024999999999999), 'nula_friction': np.float64(12.75)}",0.30897
underdamped_pro,"{'gamma2': 0.7028282284736633, 'lambda_': 114.9304137293519, 'sigma2': 0.3909595012664795, 'p': 50, 'batch_size': 128, 'eval_every': 15, 'nula_step_size': np.float64(0.07024999999999999), 'nula_friction': np.float64(13.770833333333332)}",0.30953
underdamped_pro,"{'gamma2': 0.7028282284736633, 'lambda_': 114.9304137293519, 'sigma2': 0.3909595012664795, 'p': 50, 'batch_size': 128, 'eval_every': 15, 'nula_step_size': np.float64(0.07024999999999999), 'nula_friction': np.float64(14.791666666666666)}",0.31011
underdamped_pro,"{'gamma2': 0.7028282284736633, 'lambda_': 114.9304137293519, 'sigma2': 0.3909595012664795, 'p': 50, 'batch_size': 128, 'eval_every': 15, 'nula_step_size': np.float64(0.07024999999999999), 'nula_friction': np.float64(15.812499999999998)}",0.31018
underdamped_pro,"{'gamma2': 0.7028282284736633, 'lambda_': 114.9304137293519, 'sigma2': 0.3909595012664795, 'p': 50, 'batch_size': 128, 'eval_every': 15, 'nula_step_size': np.float64(0.07024999999999999), 'nula_friction': np.float64(16.833333333333332)}",0.31159
underdamped_pro,"{'gamma2': 0.7028282284736633, 'lambda_': 114.9304137293519, 'sigma2': 0.3909595012664795, 'p': 50, 'batch_size': 128, 'eval_every': 15, 'nula_step_size': np.float64(0.07024999999999999), 'nula_friction': np.float64(17.854166666666664)}",0.31287
underdamped_pro,"{'gamma2': 0.7028282284736633, 'lambda_': 114.9304137293519, 'sigma2': 0.3909595012664795, 'p': 50, 'batch_size': 128, 'eval_every': 15, 'nula_step_size': np.float64(0.07024999999999999), 'nula_friction': np.float64(18.875)}",0.31392
underdamped_pro,"{'gamma2': 0.7028282284736633, 'lambda_': 114.9304137293519, 'sigma2': 0.3909595012664795, 'p': 50, 'batch_size': 128, 'eval_every': 15, 'nula_step_size': np.float64(0.07024999999999999), 'nula_friction': np.float64(19.895833333333332)}",0.31474
underdamped_pro,"{'gamma2': 0.7028282284736633, 'lambda_': 114.9304137293519, 'sigma2': 0.3909595012664795, 'p': 50, 'batch_size': 128, 'eval_every': 15, 'nula_step_size': np.float64(0.07024999999999999), 'nula_friction': np.float64(20.916666666666664)}",0.31562
underdamped_pro,"{'gamma2': 0.7028282284736633, 'lambda_': 114.9304137293519, 'sigma2': 0.3909595012664795, 'p': 50, 'batch_size': 128, 'eval_every': 15, 'nula_step_size': np.float64(0.07024999999999999), 'nula_friction': np.float64(21.9375)}",0.31660
underdamped_pro,"{'gamma2': 0.7028282284736633, 'lambda_': 114.9304137293519, 'sigma2': 0.3909595012664795, 'p': 50, 'batch_size': 128, 'eval_every': 15, 'nula_step_size': np.float64(0.07024999999999999), 'nula_friction': np.float64(22.958333333333332)}",0.31812
underdamped_pro,"{'gamma2': 0.7028282284736633, 'lambda_': 114.9304137293519, 'sigma2': 0.3909595012664795, 'p': 50, 'batch_size': 128, 'eval_every': 15, 'nula_step_size': np.float64(0.07024999999999999), 'nula_friction': np.float64(23.979166666666664)}",0.31948
underdamped_pro,"{'gamma2': 0.7028282284736633, 'lambda_': 114.9304137293519, 'sigma2': 0.3909595012664795, 'p': 50, 'batch_size': 128, 'eval_every': 15, 'nula_step_size': np.float64(0.07024999999999999), 'nula_friction': np.float64(25.0)}",0.32095
underdamped_pro,"{'gamma2': 0.7028282284736633, 'lambda_': 114.9304137293519, 'sigma2': 0.3909595012664795, 'p': 50, 'batch_size': 128, 'eval_every': 15, 'nula_step_size': np.float64(0.0735), 'nula_friction': np.float64(0.5)}",0.76149
underdamped_pro,"{'gamma2': 0.7028282284736633, 'lambda_': 114.9304137293519, 'sigma2': 0.3909595012664795, 'p': 50, 'batch_size': 128, 'eval_every': 15, 'nula_step_size': np.float64(0.0735), 'nula_friction': np.float64(1.5208333333333333)}",0.55804
underdamped_pro,"{'gamma2': 0.7028282284736633, 'lambda_': 114.9304137293519, 'sigma2': 0.3909595012664795, 'p': 50, 'batch_size': 128, 'eval_every': 15, 'nula_step_size': np.float64(0.0735), 'nula_friction': np.float64(2.5416666666666665)}",0.44126
underdamped_pro,"{'gamma2': 0.7028282284736633, 'lambda_': 114.9304137293519, 'sigma2': 0.3909595012664795, 'p': 50, 'batch_size': 128, 'eval_every': 15, 'nula_step_size': np.float64(0.0735), 'nula_friction': np.float64(3.5625)}",0.38300
underdamped_pro,"{'gamma2': 0.7028282284736633, 'lambda_': 114.9304137293519, 'sigma2': 0.3909595012664795, 'p': 50, 'batch_size': 128, 'eval_every': 15, 'nula_step_size': np.float64(0.0735), 'nula_friction': np.float64(4.583333333333333)}",0.33090
underdamped_pro,"{'gamma2': 0.7028282284736633, 'lambda_': 114.9304137293519, 'sigma2': 0.3909595012664795, 'p': 50, 'batch_size': 128, 'eval_every': 15, 'nula_step_size': np.float64(0.0735), 'nula_friction': np.float64(5.604166666666666)}",0.31706
underdamped_pro,"{'gamma2': 0.7028282284736633, 'lambda_': 114.9304137293519, 'sigma2': 0.3909595012664795, 'p': 50, 'batch_size': 128, 'eval_every': 15, 'nula_step_size': np.float64(0.0735), 'nula_friction': np.float64(6.625)}",0.30899
underdamped_pro,"{'gamma2': 0.7028282284736633, 'lambda_': 114.9304137293519, 'sigma2': 0.3909595012664795, 'p': 50, 'batch_size': 128, 'eval_every': 15, 'nula_step_size': np.float64(0.0735), 'nula_friction': np.float64(7.645833333333333)}",0.30642
underdamped_pro,"{'gamma2': 0.7028282284736633, 'lambda_': 114.9304137293519, 'sigma2': 0.3909595012664795, 'p': 50, 'batch_size': 128, 'eval_every': 15, 'nula_step_size': np.float64(0.0735), 'nula_friction': np.float64(8.666666666666666)}",0.30620
underdamped_pro,"{'gamma2': 0.7028282284736633, 'lambda_': 114.9304137293519, 'sigma2': 0.3909595012664795, 'p': 50, 'batch_size': 128, 'eval_every': 15, 'nula_step_size': np.float64(0.0735), 'nula_friction': np.float64(9.6875)}",0.30613
underdamped_pro,"{'gamma2': 0.7028282284736633, 'lambda_': 114.9304137293519, 'sigma2': 0.3909595012664795, 'p': 50, 'batch_size': 128, 'eval_every': 15, 'nula_step_size': np.float64(0.0735), 'nula_friction': np.float64(10.708333333333332)}",0.30616
underdamped_pro,"{'gamma2': 0.7028282284736633, 'lambda_': 114.9304137293519, 'sigma2': 0.3909595012664795, 'p': 50, 'batch_size': 128, 'eval_every': 15, 'nula_step_size': np.float64(0.0735), 'nula_friction': np.float64(11.729166666666666)}",0.30760
underdamped_pro,"{'gamma2': 0.7028282284736633, 'lambda_': 114.9304137293519, 'sigma2': 0.3909595012664795, 'p': 50, 'batch_size': 128, 'eval_every': 15, 'nula_step_size': np.float64(0.0735), 'nula_friction': np.float64(12.75)}",0.30888
underdamped_pro,"{'gamma2': 0.7028282284736633, 'lambda_': 114.9304137293519, 'sigma2': 0.3909595012664795, 'p': 50, 'batch_size': 128, 'eval_every': 15, 'nula_step_size': np.float64(0.0735), 'nula_friction': np.float64(13.770833333333332)}",0.30950
underdamped_pro,"{'gamma2': 0.7028282284736633, 'lambda_': 114.9304137293519, 'sigma2': 0.3909595012664795, 'p': 50, 'batch_size': 128, 'eval_every': 15, 'nula_step_size': np.float64(0.0735), 'nula_friction': np.float64(14.791666666666666)}",0.30979
underdamped_pro,"{'gamma2': 0.7028282284736633, 'lambda_': 114.9304137293519, 'sigma2': 0.3909595012664795, 'p': 50, 'batch_size': 128, 'eval_every': 15, 'nula_step_size': np.float64(0.0735), 'nula_friction': np.float64(15.812499999999998)}",0.31045
underdamped_pro,"{'gamma2': 0.7028282284736633, 'lambda_': 114.9304137293519, 'sigma2': 0.3909595012664795, 'p': 50, 'batch_size': 128, 'eval_every': 15, 'nula_step_size': np.float64(0.0735), 'nula_friction': np.float64(16.833333333333332)}",0.31078
underdamped_pro,"{'gamma2': 0.7028282284736633, 'lambda_': 114.9304137293519, 'sigma2': 0.3909595012664795, 'p': 50, 'batch_size': 128, 'eval_every': 15, 'nula_step_size': np.float64(0.0735), 'nula_friction': np.float64(17.854166666666664)}",0.31188
underdamped_pro,"{'gamma2': 0.7028282284736633, 'lambda_': 114.9304137293519, 'sigma2': 0.3909595012664795, 'p': 50, 'batch_size': 128, 'eval_every': 15, 'nula_step_size': np.float64(0.0735), 'nula_friction': np.float64(18.875)}",0.31310
underdamped_pro,"{'gamma2': 0.7028282284736633, 'lambda_': 114.9304137293519, 'sigma2': 0.3909595012664795, 'p': 50, 'batch_size': 128, 'eval_every': 15, 'nula_step_size': np.float64(0.0735), 'nula_friction': np.float64(19.895833333333332)}",0.31405
underdamped_pro,"{'gamma2': 0.7028282284736633, 'lambda_': 114.9304137293519, 'sigma2': 0.3909595012664795, 'p': 50, 'batch_size': 128, 'eval_every': 15, 'nula_step_size': np.float64(0.0735), 'nula_friction': np.float64(20.916666666666664)}",0.31494
underdamped_pro,"{'gamma2': 0.7028282284736633, 'lambda_': 114.9304137293519, 'sigma2': 0.3909595012664795, 'p': 50, 'batch_size': 128, 'eval_every': 15, 'nula_step_size': np.float64(0.0735), 'nula_friction': np.float64(21.9375)}",0.31576
underdamped_pro,"{'gamma2': 0.7028282284736633, 'lambda_': 114.9304137293519, 'sigma2': 0.3909595012664795, 'p': 50, 'batch_size': 128, 'eval_every': 15, 'nula_step_size': np.float64(0.0735), 'nula_friction': np.float64(22.958333333333332)}",0.31666
underdamped_pro,"{'gamma2': 0.7028282284736633, 'lambda_': 114.9304137293519, 'sigma2': 0.3909595012664795, 'p': 50, 'batch_size': 128, 'eval_every': 15, 'nula_step_size': np.float64(0.0735), 'nula_friction': np.float64(23.979166666666664)}",0.31812
underdamped_pro,"{'gamma2': 0.7028282284736633, 'lambda_': 114.9304137293519, 'sigma2': 0.3909595012664795, 'p': 50, 'batch_size': 128, 'eval_every': 15, 'nula_step_size': np.float64(0.0735), 'nula_friction': np.float64(25.0)}",0.31936
underdamped_pro,"{'gamma2': 0.7028282284736633, 'lambda_': 114.9304137293519, 'sigma2': 0.3909595012664795, 'p': 50, 'batch_size': 128, 'eval_every': 15, 'nula_step_size': np.float64(0.07675), 'nula_friction': np.float64(0.5)}",0.74544
underdamped_pro,"{'gamma2': 0.7028282284736633, 'lambda_': 114.9304137293519, 'sigma2': 0.3909595012664795, 'p': 50, 'batch_size': 128, 'eval_every': 15, 'nula_step_size': np.float64(0.07675), 'nula_friction': np.float64(1.5208333333333333)}",0.55916
underdamped_pro,"{'gamma2': 0.7028282284736633, 'lambda_': 114.9304137293519, 'sigma2': 0.3909595012664795, 'p': 50, 'batch_size': 128, 'eval_every': 15, 'nula_step_size': np.float64(0.07675), 'nula_friction': np.float64(2.5416666666666665)}",0.36534
underdamped_pro,"{'gamma2': 0.7028282284736633, 'lambda_': 114.9304137293519, 'sigma2': 0.3909595012664795, 'p': 50, 'batch_size': 128, 'eval_every': 15, 'nula_step_size': np.float64(0.07675), 'nula_friction': np.float64(3.5625)}",0.34495
underdamped_pro,"{'gamma2': 0.7028282284736633, 'lambda_': 114.9304137293519, 'sigma2': 0.3909595012664795, 'p': 50, 'batch_size': 128, 'eval_every': 15, 'nula_step_size': np.float64(0.07675), 'nula_friction': np.float64(4.583333333333333)}",0.32643
underdamped_pro,"{'gamma2': 0.7028282284736633, 'lambda_': 114.9304137293519, 'sigma2': 0.3909595012664795, 'p': 50, 'batch_size': 128, 'eval_every': 15, 'nula_step_size': np.float64(0.07675), 'nula_friction': np.float64(5.604166666666666)}",0.32266
underdamped_pro,"{'gamma2': 0.7028282284736633, 'lambda_': 114.9304137293519, 'sigma2': 0.3909595012664795, 'p': 50, 'batch_size': 128, 'eval_every': 15, 'nula_step_size': np.float64(0.07675), 'nula_friction': np.float64(6.625)}",0.31051
underdamped_pro,"{'gamma2': 0.7028282284736633, 'lambda_': 114.9304137293519, 'sigma2': 0.3909595012664795, 'p': 50, 'batch_size': 128, 'eval_every': 15, 'nula_step_size': np.float64(0.07675), 'nula_friction': np.float64(7.645833333333333)}",0.30745
underdamped_pro,"{'gamma2': 0.7028282284736633, 'lambda_': 114.9304137293519, 'sigma2': 0.3909595012664795, 'p': 50, 'batch_size': 128, 'eval_every': 15, 'nula_step_size': np.float64(0.07675), 'nula_friction': np.float64(8.666666666666666)}",0.30660
underdamped_pro,"{'gamma2': 0.7028282284736633, 'lambda_': 114.9304137293519, 'sigma2': 0.3909595012664795, 'p': 50, 'batch_size': 128, 'eval_every': 15, 'nula_step_size': np.float64(0.07675), 'nula_friction': np.float64(9.6875)}",0.30630
underdamped_pro,"{'gamma2': 0.7028282284736633, 'lambda_': 114.9304137293519, 'sigma2': 0.3909595012664795, 'p': 50, 'batch_size': 128, 'eval_every': 15, 'nula_step_size': np.float64(0.07675), 'nula_friction': np.float64(10.708333333333332)}",0.30635
underdamped_pro,"{'gamma2': 0.7028282284736633, 'lambda_': 114.9304137293519, 'sigma2': 0.3909595012664795, 'p': 50, 'batch_size': 128, 'eval_every': 15, 'nula_step_size': np.float64(0.07675), 'nula_friction': np.float64(11.729166666666666)}",0.30722
underdamped_pro,"{'gamma2': 0.7028282284736633, 'lambda_': 114.9304137293519, 'sigma2': 0.3909595012664795, 'p': 50, 'batch_size': 128, 'eval_every': 15, 'nula_step_size': np.float64(0.07675), 'nula_friction': np.float64(12.75)}",0.30899
underdamped_pro,"{'gamma2': 0.7028282284736633, 'lambda_': 114.9304137293519, 'sigma2': 0.3909595012664795, 'p': 50, 'batch_size': 128, 'eval_every': 15, 'nula_step_size': np.float64(0.07675), 'nula_friction': np.float64(13.770833333333332)}",0.30950
underdamped_pro,"{'gamma2': 0.7028282284736633, 'lambda_': 114.9304137293519, 'sigma2': 0.3909595012664795, 'p': 50, 'batch_size': 128, 'eval_every': 15, 'nula_step_size': np.float64(0.07675), 'nula_friction': np.float64(14.791666666666666)}",0.30981
underdamped_pro,"{'gamma2': 0.7028282284736633, 'lambda_': 114.9304137293519, 'sigma2': 0.3909595012664795, 'p': 50, 'batch_size': 128, 'eval_every': 15, 'nula_step_size': np.float64(0.07675), 'nula_friction': np.float64(15.812499999999998)}",0.31010
underdamped_pro,"{'gamma2': 0.7028282284736633, 'lambda_': 114.9304137293519, 'sigma2': 0.3909595012664795, 'p': 50, 'batch_size': 128, 'eval_every': 15, 'nula_step_size': np.float64(0.07675), 'nula_friction': np.float64(16.833333333333332)}",0.31044
underdamped_pro,"{'gamma2': 0.7028282284736633, 'lambda_': 114.9304137293519, 'sigma2': 0.3909595012664795, 'p': 50, 'batch_size': 128, 'eval_every': 15, 'nula_step_size': np.float64(0.07675), 'nula_friction': np.float64(17.854166666666664)}",0.31097
underdamped_pro,"{'gamma2': 0.7028282284736633, 'lambda_': 114.9304137293519, 'sigma2': 0.3909595012664795, 'p': 50, 'batch_size': 128, 'eval_every': 15, 'nula_step_size': np.float64(0.07675), 'nula_friction': np.float64(18.875)}",0.31193
underdamped_pro,"{'gamma2': 0.7028282284736633, 'lambda_': 114.9304137293519, 'sigma2': 0.3909595012664795, 'p': 50, 'batch_size': 128, 'eval_every': 15, 'nula_step_size': np.float64(0.07675), 'nula_friction': np.float64(19.895833333333332)}",0.31333
underdamped_pro,"{'gamma2': 0.7028282284736633, 'lambda_': 114.9304137293519, 'sigma2': 0.3909595012664795, 'p': 50, 'batch_size': 128, 'eval_every': 15, 'nula_step_size': np.float64(0.07675), 'nula_friction': np.float64(20.916666666666664)}",0.31419
underdamped_pro,"{'gamma2': 0.7028282284736633, 'lambda_': 114.9304137293519, 'sigma2': 0.3909595012664795, 'p': 50, 'batch_size': 128, 'eval_every': 15, 'nula_step_size': np.float64(0.07675), 'nula_friction': np.float64(21.9375)}",0.31515
underdamped_pro,"{'gamma2': 0.7028282284736633, 'lambda_': 114.9304137293519, 'sigma2': 0.3909595012664795, 'p': 50, 'batch_size': 128, 'eval_every': 15, 'nula_step_size': np.float64(0.07675), 'nula_friction': np.float64(22.958333333333332)}",0.31587
underdamped_pro,"{'gamma2': 0.7028282284736633, 'lambda_': 114.9304137293519, 'sigma2': 0.3909595012664795, 'p': 50, 'batch_size': 128, 'eval_every': 15, 'nula_step_size': np.float64(0.07675), 'nula_friction': np.float64(23.979166666666664)}",0.31683
underdamped_pro,"{'gamma2': 0.7028282284736633, 'lambda_': 114.9304137293519, 'sigma2': 0.3909595012664795, 'p': 50, 'batch_size': 128, 'eval_every': 15, 'nula_step_size': np.float64(0.07675), 'nula_friction': np.float64(25.0)}",0.31804
underdamped_pro,"{'gamma2': 0.7028282284736633, 'lambda_': 114.9304137293519, 'sigma2': 0.3909595012664795, 'p': 50, 'batch_size': 128, 'eval_every': 15, 'nula_step_size': np.float64(0.08), 'nula_friction': np.float64(0.5)}",0.75155
underdamped_pro,"{'gamma2': 0.7028282284736633, 'lambda_': 114.9304137293519, 'sigma2': 0.3909595012664795, 'p': 50, 'batch_size': 128, 'eval_every': 15, 'nula_step_size': np.float64(0.08), 'nula_friction': np.float64(1.5208333333333333)}",0.52779
underdamped_pro,"{'gamma2': 0.7028282284736633, 'lambda_': 114.9304137293519, 'sigma2': 0.3909595012664795, 'p': 50, 'batch_size': 128, 'eval_every': 15, 'nula_step_size': np.float64(0.08), 'nula_friction': np.float64(2.5416666666666665)}",0.40147
underdamped_pro,"{'gamma2': 0.7028282284736633, 'lambda_': 114.9304137293519, 'sigma2': 0.3909595012664795, 'p': 50, 'batch_size': 128, 'eval_every': 15, 'nula_step_size': np.float64(0.08), 'nula_friction': np.float64(3.5625)}",0.34736
underdamped_pro,"{'gamma2': 0.7028282284736633, 'lambda_': 114.9304137293519, 'sigma2': 0.3909595012664795, 'p': 50, 'batch_size': 128, 'eval_every': 15, 'nula_step_size': np.float64(0.08), 'nula_friction': np.float64(4.583333333333333)}",0.34578
underdamped_pro,"{'gamma2': 0.7028282284736633, 'lambda_': 114.9304137293519, 'sigma2': 0.3909595012664795, 'p': 50, 'batch_size': 128, 'eval_every': 15, 'nula_step_size': np.float64(0.08), 'nula_friction': np.float64(5.604166666666666)}",0.32993
underdamped_pro,"{'gamma2': 0.7028282284736633, 'lambda_': 114.9304137293519, 'sigma2': 0.3909595012664795, 'p': 50, 'batch_size': 128, 'eval_every': 15, 'nula_step_size': np.float64(0.08), 'nula_friction': np.float64(6.625)}",0.31444
underdamped_pro,"{'gamma2': 0.7028282284736633, 'lambda_': 114.9304137293519, 'sigma2': 0.3909595012664795, 'p': 50, 'batch_size': 128, 'eval_every': 15, 'nula_step_size': np.float64(0.08), 'nula_friction': np.float64(7.645833333333333)}",0.30904
underdamped_pro,"{'gamma2': 0.7028282284736633, 'lambda_': 114.9304137293519, 'sigma2': 0.3909595012664795, 'p': 50, 'batch_size': 128, 'eval_every': 15, 'nula_step_size': np.float64(0.08), 'nula_friction': np.float64(8.666666666666666)}",0.30678
underdamped_pro,"{'gamma2': 0.7028282284736633, 'lambda_': 114.9304137293519, 'sigma2': 0.3909595012664795, 'p': 50, 'batch_size': 128, 'eval_every': 15, 'nula_step_size': np.float64(0.08), 'nula_friction': np.float64(9.6875)}",0.30702
underdamped_pro,"{'gamma2': 0.7028282284736633, 'lambda_': 114.9304137293519, 'sigma2': 0.3909595012664795, 'p': 50, 'batch_size': 128, 'eval_every': 15, 'nula_step_size': np.float64(0.08), 'nula_friction': np.float64(10.708333333333332)}",0.30641
underdamped_pro,"{'gamma2': 0.7028282284736633, 'lambda_': 114.9304137293519, 'sigma2': 0.3909595012664795, 'p': 50, 'batch_size': 128, 'eval_every': 15, 'nula_step_size': np.float64(0.08), 'nula_friction': np.float64(11.729166666666666)}",0.30669
underdamped_pro,"{'gamma2': 0.7028282284736633, 'lambda_': 114.9304137293519, 'sigma2': 0.3909595012664795, 'p': 50, 'batch_size': 128, 'eval_every': 15, 'nula_step_size': np.float64(0.08), 'nula_friction': np.float64(12.75)}",0.30807
underdamped_pro,"{'gamma2': 0.7028282284736633, 'lambda_': 114.9304137293519, 'sigma2': 0.3909595012664795, 'p': 50, 'batch_size': 128, 'eval_every': 15, 'nula_step_size': np.float64(0.08), 'nula_friction': np.float64(13.770833333333332)}",0.30886
underdamped_pro,"{'gamma2': 0.7028282284736633, 'lambda_': 114.9304137293519, 'sigma2': 0.3909595012664795, 'p': 50, 'batch_size': 128, 'eval_every': 15, 'nula_step_size': np.float64(0.08), 'nula_friction': np.float64(14.791666666666666)}",0.30960
underdamped_pro,"{'gamma2': 0.7028282284736633, 'lambda_': 114.9304137293519, 'sigma2': 0.3909595012664795, 'p': 50, 'batch_size': 128, 'eval_every': 15, 'nula_step_size': np.float64(0.08), 'nula_friction': np.float64(15.812499999999998)}",0.31010
underdamped_pro,"{'gamma2': 0.7028282284736633, 'lambda_': 114.9304137293519, 'sigma2': 0.3909595012664795, 'p': 50, 'batch_size': 128, 'eval_every': 15, 'nula_step_size': np.float64(0.08), 'nula_friction': np.float64(16.833333333333332)}",0.31044
underdamped_pro,"{'gamma2': 0.7028282284736633, 'lambda_': 114.9304137293519, 'sigma2': 0.3909595012664795, 'p': 50, 'batch_size': 128, 'eval_every': 15, 'nula_step_size': np.float64(0.08), 'nula_friction': np.float64(17.854166666666664)}",0.31061
underdamped_pro,"{'gamma2': 0.7028282284736633, 'lambda_': 114.9304137293519, 'sigma2': 0.3909595012664795, 'p': 50, 'batch_size': 128, 'eval_every': 15, 'nula_step_size': np.float64(0.08), 'nula_friction': np.float64(18.875)}",0.31111
underdamped_pro,"{'gamma2': 0.7028282284736633, 'lambda_': 114.9304137293519, 'sigma2': 0.3909595012664795, 'p': 50, 'batch_size': 128, 'eval_every': 15, 'nula_step_size': np.float64(0.08), 'nula_friction': np.float64(19.895833333333332)}",0.31235
underdamped_pro,"{'gamma2': 0.7028282284736633, 'lambda_': 114.9304137293519, 'sigma2': 0.3909595012664795, 'p': 50, 'batch_size': 128, 'eval_every': 15, 'nula_step_size': np.float64(0.08), 'nula_friction': np.float64(20.916666666666664)}",0.31361
underdamped_pro,"{'gamma2': 0.7028282284736633, 'lambda_': 114.9304137293519, 'sigma2': 0.3909595012664795, 'p': 50, 'batch_size': 128, 'eval_every': 15, 'nula_step_size': np.float64(0.08), 'nula_friction': np.float64(21.9375)}",0.31440
underdamped_pro,"{'gamma2': 0.7028282284736633, 'lambda_': 114.9304137293519, 'sigma2': 0.3909595012664795, 'p': 50, 'batch_size': 128, 'eval_every': 15, 'nula_step_size': np.float64(0.08), 'nula_friction': np.float64(22.958333333333332)}",0.31524
underdamped_pro,"{'gamma2': 0.7028282284736633, 'lambda_': 114.9304137293519, 'sigma2': 0.3909595012664795, 'p': 50, 'batch_size': 128, 'eval_every': 15, 'nula_step_size': np.float64(0.08), 'nula_friction': np.float64(23.979166666666664)}",0.31589
underdamped_pro,"{'gamma2': 0.7028282284736633, 'lambda_': 114.9304137293519, 'sigma2': 0.3909595012664795, 'p': 50, 'batch_size': 128, 'eval_every': 15, 'nula_step_size': np.float64(0.08), 'nula_friction': np.float64(25.0)}",0.31706
vgd,"{'gamma2': 0.7028282284736633, 'lambda_': 114.9304137293519, 'sigma2': 0.3909595012664795, 'p': 50, 'batch_size': 128, 'eval_every': 15, 'vgd_step_size': np.float64(0.001), 'vgd_lengthscales': (np.float64(0.05), np.float64(0.1), np.float64(0.2))}",0.55068
vgd,"{'gamma2': 0.7028282284736633, 'lambda_': 114.9304137293519, 'sigma2': 0.3909595012664795, 'p': 50, 'batch_size': 128, 'eval_every': 15, 'vgd_step_size': np.float64(0.001), 'vgd_lengthscales': (np.float64(0.08958333333333333), np.float64(0.17916666666666667), np.float64(0.35833333333333334))}",0.55492
vgd,"{'gamma2': 0.7028282284736633, 'lambda_': 114.9304137293519, 'sigma2': 0.3909595012664795, 'p': 50, 'batch_size': 128, 'eval_every': 15, 'vgd_step_size': np.float64(0.001), 'vgd_lengthscales': (np.float64(0.12916666666666665), np.float64(0.2583333333333333), np.float64(0.5166666666666666))}",0.55743
vgd,"{'gamma2': 0.7028282284736633, 'lambda_': 114.9304137293519, 'sigma2': 0.3909595012664795, 'p': 50, 'batch_size': 128, 'eval_every': 15, 'vgd_step_size': np.float64(0.001), 'vgd_lengthscales': (np.float64(0.16875), np.float64(0.3375), np.float64(0.675))}",0.55907
vgd,"{'gamma2': 0.7028282284736633, 'lambda_': 114.9304137293519, 'sigma2': 0.3909595012664795, 'p': 50, 'batch_size': 128, 'eval_every': 15, 'vgd_step_size': np.float64(0.001), 'vgd_lengthscales': (np.float64(0.20833333333333331), np.float64(0.41666666666666663), np.float64(0.8333333333333333))}",0.56027
vgd,"{'gamma2': 0.7028282284736633, 'lambda_': 114.9304137293519, 'sigma2': 0.3909595012664795, 'p': 50, 'batch_size': 128, 'eval_every': 15, 'vgd_step_size': np.float64(0.001), 'vgd_lengthscales': (np.float64(0.24791666666666667), np.float64(0.49583333333333335), np.float64(0.9916666666666667))}",0.56119
vgd,"{'gamma2': 0.7028282284736633, 'lambda_': 114.9304137293519, 'sigma2': 0.3909595012664795, 'p': 50, 'batch_size': 128, 'eval_every': 15, 'vgd_step_size': np.float64(0.001), 'vgd_lengthscales': (np.float64(0.2875), np.float64(0.575), np.float64(1.15))}",0.56194
vgd,"{'gamma2': 0.7028282284736633, 'lambda_': 114.9304137293519, 'sigma2': 0.3909595012664795, 'p': 50, 'batch_size': 128, 'eval_every': 15, 'vgd_step_size': np.float64(0.001), 'vgd_lengthscales': (np.float64(0.32708333333333334), np.float64(0.6541666666666667), np.float64(1.3083333333333333))}",0.56256
vgd,"{'gamma2': 0.7028282284736633, 'lambda_': 114.9304137293519, 'sigma2': 0.3909595012664795, 'p': 50, 'batch_size': 128, 'eval_every': 15, 'vgd_step_size': np.float64(0.001), 'vgd_lengthscales': (np.float64(0.36666666666666664), np.float64(0.7333333333333333), np.float64(1.4666666666666666))}",0.56309
vgd,"{'gamma2': 0.7028282284736633, 'lambda_': 114.9304137293519, 'sigma2': 0.3909595012664795, 'p': 50, 'batch_size': 128, 'eval_every': 15, 'vgd_step_size': np.float64(0.001), 'vgd_lengthscales': (np.float64(0.40624999999999994), np.float64(0.8124999999999999), np.float64(1.6249999999999998))}",0.56357
vgd,"{'gamma2': 0.7028282284736633, 'lambda_': 114.9304137293519, 'sigma2': 0.3909595012664795, 'p': 50, 'batch_size': 128, 'eval_every': 15, 'vgd_step_size': np.float64(0.001), 'vgd_lengthscales': (np.float64(0.4458333333333333), np.float64(0.8916666666666666), np.float64(1.7833333333333332))}",0.56399
vgd,"{'gamma2': 0.7028282284736633, 'lambda_': 114.9304137293519, 'sigma2': 0.3909595012664795, 'p': 50, 'batch_size': 128, 'eval_every': 15, 'vgd_step_size': np.float64(0.001), 'vgd_lengthscales': (np.float64(0.48541666666666666), np.float64(0.9708333333333333), np.float64(1.9416666666666667))}",0.56437
vgd,"{'gamma2': 0.7028282284736633, 'lambda_': 114.9304137293519, 'sigma2': 0.3909595012664795, 'p': 50, 'batch_size': 128, 'eval_every': 15, 'vgd_step_size': np.float64(0.001), 'vgd_lengthscales': (np.float64(0.525), np.float64(1.05), np.float64(2.1))}",0.56472
vgd,"{'gamma2': 0.7028282284736633, 'lambda_': 114.9304137293519, 'sigma2': 0.3909595012664795, 'p': 50, 'batch_size': 128, 'eval_every': 15, 'vgd_step_size': np.float64(0.001), 'vgd_lengthscales': (np.float64(0.5645833333333333), np.float64(1.1291666666666667), np.float64(2.2583333333333333))}",0.56503
vgd,"{'gamma2': 0.7028282284736633, 'lambda_': 114.9304137293519, 'sigma2': 0.3909595012664795, 'p': 50, 'batch_size': 128, 'eval_every': 15, 'vgd_step_size': np.float64(0.001), 'vgd_lengthscales': (np.float64(0.6041666666666667), np.float64(1.2083333333333335), np.float64(2.416666666666667))}",0.56533
vgd,"{'gamma2': 0.7028282284736633, 'lambda_': 114.9304137293519, 'sigma2': 0.3909595012664795, 'p': 50, 'batch_size': 128, 'eval_every': 15, 'vgd_step_size': np.float64(0.001), 'vgd_lengthscales': (np.float64(0.64375), np.float64(1.2875), np.float64(2.575))}",0.56560
vgd,"{'gamma2': 0.7028282284736633, 'lambda_': 114.9304137293519, 'sigma2': 0.3909595012664795, 'p': 50, 'batch_size': 128, 'eval_every': 15, 'vgd_step_size': np.float64(0.001), 'vgd_lengthscales': (np.float64(0.6833333333333333), np.float64(1.3666666666666667), np.float64(2.7333333333333334))}",0.56585
vgd,"{'gamma2': 0.7028282284736633, 'lambda_': 114.9304137293519, 'sigma2': 0.3909595012664795, 'p': 50, 'batch_size': 128, 'eval_every': 15, 'vgd_step_size': np.float64(0.001), 'vgd_lengthscales': (np.float64(0.7229166666666667), np.float64(1.4458333333333333), np.float64(2.8916666666666666))}",0.56609
vgd,"{'gamma2': 0.7028282284736633, 'lambda_': 114.9304137293519, 'sigma2': 0.3909595012664795, 'p': 50, 'batch_size': 128, 'eval_every': 15, 'vgd_step_size': np.float64(0.001), 'vgd_lengthscales': (np.float64(0.7625), np.float64(1.525), np.float64(3.05))}",0.56631
vgd,"{'gamma2': 0.7028282284736633, 'lambda_': 114.9304137293519, 'sigma2': 0.3909595012664795, 'p': 50, 'batch_size': 128, 'eval_every': 15, 'vgd_step_size': np.float64(0.001), 'vgd_lengthscales': (np.float64(0.8020833333333334), np.float64(1.6041666666666667), np.float64(3.2083333333333335))}",0.56652
vgd,"{'gamma2': 0.7028282284736633, 'lambda_': 114.9304137293519, 'sigma2': 0.3909595012664795, 'p': 50, 'batch_size': 128, 'eval_every': 15, 'vgd_step_size': np.float64(0.001), 'vgd_lengthscales': (np.float64(0.8416666666666667), np.float64(1.6833333333333333), np.float64(3.3666666666666667))}",0.56671
vgd,"{'gamma2': 0.7028282284736633, 'lambda_': 114.9304137293519, 'sigma2': 0.3909595012664795, 'p': 50, 'batch_size': 128, 'eval_every': 15, 'vgd_step_size': np.float64(0.001), 'vgd_lengthscales': (np.float64(0.88125), np.float64(1.7625), np.float64(3.525))}",0.56689
vgd,"{'gamma2': 0.7028282284736633, 'lambda_': 114.9304137293519, 'sigma2': 0.3909595012664795, 'p': 50, 'batch_size': 128, 'eval_every': 15, 'vgd_step_size': np.float64(0.001), 'vgd_lengthscales': (np.float64(0.9208333333333334), np.float64(1.8416666666666668), np.float64(3.6833333333333336))}",0.56706
vgd,"{'gamma2': 0.7028282284736633, 'lambda_': 114.9304137293519, 'sigma2': 0.3909595012664795, 'p': 50, 'batch_size': 128, 'eval_every': 15, 'vgd_step_size': np.float64(0.001), 'vgd_lengthscales': (np.float64(0.9604166666666667), np.float64(1.9208333333333334), np.float64(3.841666666666667))}",0.56723
vgd,"{'gamma2': 0.7028282284736633, 'lambda_': 114.9304137293519, 'sigma2': 0.3909595012664795, 'p': 50, 'batch_size': 128, 'eval_every': 15, 'vgd_step_size': np.float64(0.001), 'vgd_lengthscales': (np.float64(1.0), np.float64(2.0), np.float64(4.0))}",0.56738
vgd,"{'gamma2': 0.7028282284736633, 'lambda_': 114.9304137293519, 'sigma2': 0.3909595012664795, 'p': 50, 'batch_size': 128, 'eval_every': 15, 'vgd_step_size': np.float64(0.004291666666666667), 'vgd_lengthscales': (np.float64(0.05), np.float64(0.1), np.float64(0.2))}",0.43534
vgd,"{'gamma2': 0.7028282284736633, 'lambda_': 114.9304137293519, 'sigma2': 0.3909595012664795, 'p': 50, 'batch_size': 128, 'eval_every': 15, 'vgd_step_size': np.float64(0.004291666666666667), 'vgd_lengthscales': (np.float64(0.08958333333333333), np.float64(0.17916666666666667), np.float64(0.35833333333333334))}",0.44861
vgd,"{'gamma2': 0.7028282284736633, 'lambda_': 114.9304137293519, 'sigma2': 0.3909595012664795, 'p': 50, 'batch_size': 128, 'eval_every': 15, 'vgd_step_size': np.float64(0.004291666666666667), 'vgd_lengthscales': (np.float64(0.12916666666666665), np.float64(0.2583333333333333), np.float64(0.5166666666666666))}",0.45965
vgd,"{'gamma2': 0.7028282284736633, 'lambda_': 114.9304137293519, 'sigma2': 0.3909595012664795, 'p': 50, 'batch_size': 128, 'eval_every': 15, 'vgd_step_size': np.float64(0.004291666666666667), 'vgd_lengthscales': (np.float64(0.16875), np.float64(0.3375), np.float64(0.675))}",0.46846
vgd,"{'gamma2': 0.7028282284736633, 'lambda_': 114.9304137293519, 'sigma2': 0.3909595012664795, 'p': 50, 'batch_size': 128, 'eval_every': 15, 'vgd_step_size': np.float64(0.004291666666666667), 'vgd_lengthscales': (np.float64(0.20833333333333331), np.float64(0.41666666666666663), np.float64(0.8333333333333333))}",0.47558
vgd,"{'gamma2': 0.7028282284736633, 'lambda_': 114.9304137293519, 'sigma2': 0.3909595012664795, 'p': 50, 'batch_size': 128, 'eval_every': 15, 'vgd_step_size': np.float64(0.004291666666666667), 'vgd_lengthscales': (np.float64(0.24791666666666667), np.float64(0.49583333333333335), np.float64(0.9916666666666667))}",0.48153
vgd,"{'gamma2': 0.7028282284736633, 'lambda_': 114.9304137293519, 'sigma2': 0.3909595012664795, 'p': 50, 'batch_size': 128, 'eval_every': 15, 'vgd_step_size': np.float64(0.004291666666666667), 'vgd_lengthscales': (np.float64(0.2875), np.float64(0.575), np.float64(1.15))}",0.48666
vgd,"{'gamma2': 0.7028282284736633, 'lambda_': 114.9304137293519, 'sigma2': 0.3909595012664795, 'p': 50, 'batch_size': 128, 'eval_every': 15, 'vgd_step_size': np.float64(0.004291666666666667), 'vgd_lengthscales': (np.float64(0.32708333333333334), np.float64(0.6541666666666667), np.float64(1.3083333333333333))}",0.49107
vgd,"{'gamma2': 0.7028282284736633, 'lambda_': 114.9304137293519, 'sigma2': 0.3909595012664795, 'p': 50, 'batch_size': 128, 'eval_every': 15, 'vgd_step_size': np.float64(0.004291666666666667), 'vgd_lengthscales': (np.float64(0.36666666666666664), np.float64(0.7333333333333333), np.float64(1.4666666666666666))}",0.49491
vgd,"{'gamma2': 0.7028282284736633, 'lambda_': 114.9304137293519, 'sigma2': 0.3909595012664795, 'p': 50, 'batch_size': 128, 'eval_every': 15, 'vgd_step_size': np.float64(0.004291666666666667), 'vgd_lengthscales': (np.float64(0.40624999999999994), np.float64(0.8124999999999999), np.float64(1.6249999999999998))}",0.49838
vgd,"{'gamma2': 0.7028282284736633, 'lambda_': 114.9304137293519, 'sigma2': 0.3909595012664795, 'p': 50, 'batch_size': 128, 'eval_every': 15, 'vgd_step_size': np.float64(0.004291666666666667), 'vgd_lengthscales': (np.float64(0.4458333333333333), np.float64(0.8916666666666666), np.float64(1.7833333333333332))}",0.50158
vgd,"{'gamma2': 0.7028282284736633, 'lambda_': 114.9304137293519, 'sigma2': 0.3909595012664795, 'p': 50, 'batch_size': 128, 'eval_every': 15, 'vgd_step_size': np.float64(0.004291666666666667), 'vgd_lengthscales': (np.float64(0.48541666666666666), np.float64(0.9708333333333333), np.float64(1.9416666666666667))}",0.50435
vgd,"{'gamma2': 0.7028282284736633, 'lambda_': 114.9304137293519, 'sigma2': 0.3909595012664795, 'p': 50, 'batch_size': 128, 'eval_every': 15, 'vgd_step_size': np.float64(0.004291666666666667), 'vgd_lengthscales': (np.float64(0.525), np.float64(1.05), np.float64(2.1))}",0.50678
vgd,"{'gamma2': 0.7028282284736633, 'lambda_': 114.9304137293519, 'sigma2': 0.3909595012664795, 'p': 50, 'batch_size': 128, 'eval_every': 15, 'vgd_step_size': np.float64(0.004291666666666667), 'vgd_lengthscales': (np.float64(0.5645833333333333), np.float64(1.1291666666666667), np.float64(2.2583333333333333))}",0.50899
vgd,"{'gamma2': 0.7028282284736633, 'lambda_': 114.9304137293519, 'sigma2': 0.3909595012664795, 'p': 50, 'batch_size': 128, 'eval_every': 15, 'vgd_step_size': np.float64(0.004291666666666667), 'vgd_lengthscales': (np.float64(0.6041666666666667), np.float64(1.2083333333333335), np.float64(2.416666666666667))}",0.51105
vgd,"{'gamma2': 0.7028282284736633, 'lambda_': 114.9304137293519, 'sigma2': 0.3909595012664795, 'p': 50, 'batch_size': 128, 'eval_every': 15, 'vgd_step_size': np.float64(0.004291666666666667), 'vgd_lengthscales': (np.float64(0.64375), np.float64(1.2875), np.float64(2.575))}",0.51297
vgd,"{'gamma2': 0.7028282284736633, 'lambda_': 114.9304137293519, 'sigma2': 0.3909595012664795, 'p': 50, 'batch_size': 128, 'eval_every': 15, 'vgd_step_size': np.float64(0.004291666666666667), 'vgd_lengthscales': (np.float64(0.6833333333333333), np.float64(1.3666666666666667), np.float64(2.7333333333333334))}",0.51474
vgd,"{'gamma2': 0.7028282284736633, 'lambda_': 114.9304137293519, 'sigma2': 0.3909595012664795, 'p': 50, 'batch_size': 128, 'eval_every': 15, 'vgd_step_size': np.float64(0.004291666666666667), 'vgd_lengthscales': (np.float64(0.7229166666666667), np.float64(1.4458333333333333), np.float64(2.8916666666666666))}",0.51634
vgd,"{'gamma2': 0.7028282284736633, 'lambda_': 114.9304137293519, 'sigma2': 0.3909595012664795, 'p': 50, 'batch_size': 128, 'eval_every': 15, 'vgd_step_size': np.float64(0.004291666666666667), 'vgd_lengthscales': (np.float64(0.7625), np.float64(1.525), np.float64(3.05))}",0.51781
vgd,"{'gamma2': 0.7028282284736633, 'lambda_': 114.9304137293519, 'sigma2': 0.3909595012664795, 'p': 50, 'batch_size': 128, 'eval_every': 15, 'vgd_step_size': np.float64(0.004291666666666667), 'vgd_lengthscales': (np.float64(0.8020833333333334), np.float64(1.6041666666666667), np.float64(3.2083333333333335))}",0.51916
vgd,"{'gamma2': 0.7028282284736633, 'lambda_': 114.9304137293519, 'sigma2': 0.3909595012664795, 'p': 50, 'batch_size': 128, 'eval_every': 15, 'vgd_step_size': np.float64(0.004291666666666667), 'vgd_lengthscales': (np.float64(0.8416666666666667), np.float64(1.6833333333333333), np.float64(3.3666666666666667))}",0.52043
vgd,"{'gamma2': 0.7028282284736633, 'lambda_': 114.9304137293519, 'sigma2': 0.3909595012664795, 'p': 50, 'batch_size': 128, 'eval_every': 15, 'vgd_step_size': np.float64(0.004291666666666667), 'vgd_lengthscales': (np.float64(0.88125), np.float64(1.7625), np.float64(3.525))}",0.52162
vgd,"{'gamma2': 0.7028282284736633, 'lambda_': 114.9304137293519, 'sigma2': 0.3909595012664795, 'p': 50, 'batch_size': 128, 'eval_every': 15, 'vgd_step_size': np.float64(0.004291666666666667), 'vgd_lengthscales': (np.float64(0.9208333333333334), np.float64(1.8416666666666668), np.float64(3.6833333333333336))}",0.52275
vgd,"{'gamma2': 0.7028282284736633, 'lambda_': 114.9304137293519, 'sigma2': 0.3909595012664795, 'p': 50, 'batch_size': 128, 'eval_every': 15, 'vgd_step_size': np.float64(0.004291666666666667), 'vgd_lengthscales': (np.float64(0.9604166666666667), np.float64(1.9208333333333334), np.float64(3.841666666666667))}",0.52380
vgd,"{'gamma2': 0.7028282284736633, 'lambda_': 114.9304137293519, 'sigma2': 0.3909595012664795, 'p': 50, 'batch_size': 128, 'eval_every': 15, 'vgd_step_size': np.float64(0.004291666666666667), 'vgd_lengthscales': (np.float64(1.0), np.float64(2.0), np.float64(4.0))}",0.52480
vgd,"{'gamma2': 0.7028282284736633, 'lambda_': 114.9304137293519, 'sigma2': 0.3909595012664795, 'p': 50, 'batch_size': 128, 'eval_every': 15, 'vgd_step_size': np.float64(0.007583333333333333), 'vgd_lengthscales': (np.float64(0.05), np.float64(0.1), np.float64(0.2))}",0.36194
vgd,"{'gamma2': 0.7028282284736633, 'lambda_': 114.9304137293519, 'sigma2': 0.3909595012664795, 'p': 50, 'batch_size': 128, 'eval_every': 15, 'vgd_step_size': np.float64(0.007583333333333333), 'vgd_lengthscales': (np.float64(0.08958333333333333), np.float64(0.17916666666666667), np.float64(0.35833333333333334))}",0.37666
vgd,"{'gamma2': 0.7028282284736633, 'lambda_': 114.9304137293519, 'sigma2': 0.3909595012664795, 'p': 50, 'batch_size': 128, 'eval_every': 15, 'vgd_step_size': np.float64(0.007583333333333333), 'vgd_lengthscales': (np.float64(0.12916666666666665), np.float64(0.2583333333333333), np.float64(0.5166666666666666))}",0.38939
vgd,"{'gamma2': 0.7028282284736633, 'lambda_': 114.9304137293519, 'sigma2': 0.3909595012664795, 'p': 50, 'batch_size': 128, 'eval_every': 15, 'vgd_step_size': np.float64(0.007583333333333333), 'vgd_lengthscales': (np.float64(0.16875), np.float64(0.3375), np.float64(0.675))}",0.39980
vgd,"{'gamma2': 0.7028282284736633, 'lambda_': 114.9304137293519, 'sigma2': 0.3909595012664795, 'p': 50, 'batch_size': 128, 'eval_every': 15, 'vgd_step_size': np.float64(0.007583333333333333), 'vgd_lengthscales': (np.float64(0.20833333333333331), np.float64(0.41666666666666663), np.float64(0.8333333333333333))}",0.40930
vgd,"{'gamma2': 0.7028282284736633, 'lambda_': 114.9304137293519, 'sigma2': 0.3909595012664795, 'p': 50, 'batch_size': 128, 'eval_every': 15, 'vgd_step_size': np.float64(0.007583333333333333), 'vgd_lengthscales': (np.float64(0.24791666666666667), np.float64(0.49583333333333335), np.float64(0.9916666666666667))}",0.41748
vgd,"{'gamma2': 0.7028282284736633, 'lambda_': 114.9304137293519, 'sigma2': 0.3909595012664795, 'p': 50, 'batch_size': 128, 'eval_every': 15, 'vgd_step_size': np.float64(0.007583333333333333), 'vgd_lengthscales': (np.float64(0.2875), np.float64(0.575), np.float64(1.15))}",0.42493
vgd,"{'gamma2': 0.7028282284736633, 'lambda_': 114.9304137293519, 'sigma2': 0.3909595012664795, 'p': 50, 'batch_size': 128, 'eval_every': 15, 'vgd_step_size': np.float64(0.007583333333333333), 'vgd_lengthscales': (np.float64(0.32708333333333334), np.float64(0.6541666666666667), np.float64(1.3083333333333333))}",0.43149
vgd,"{'gamma2': 0.7028282284736633, 'lambda_': 114.9304137293519, 'sigma2': 0.3909595012664795, 'p': 50, 'batch_size': 128, 'eval_every': 15, 'vgd_step_size': np.float64(0.007583333333333333), 'vgd_lengthscales': (np.float64(0.36666666666666664), np.float64(0.7333333333333333), np.float64(1.4666666666666666))}",0.43738
vgd,"{'gamma2': 0.7028282284736633, 'lambda_': 114.9304137293519, 'sigma2': 0.3909595012664795, 'p': 50, 'batch_size': 128, 'eval_every': 15, 'vgd_step_size': np.float64(0.007583333333333333), 'vgd_lengthscales': (np.float64(0.40624999999999994), np.float64(0.8124999999999999), np.float64(1.6249999999999998))}",0.44269
vgd,"{'gamma2': 0.7028282284736633, 'lambda_': 114.9304137293519, 'sigma2': 0.3909595012664795, 'p': 50, 'batch_size': 128, 'eval_every': 15, 'vgd_step_size': np.float64(0.007583333333333333), 'vgd_lengthscales': (np.float64(0.4458333333333333), np.float64(0.8916666666666666), np.float64(1.7833333333333332))}",0.44759
vgd,"{'gamma2': 0.7028282284736633, 'lambda_': 114.9304137293519, 'sigma2': 0.3909595012664795, 'p': 50, 'batch_size': 128, 'eval_every': 15, 'vgd_step_size': np.float64(0.007583333333333333), 'vgd_lengthscales': (np.float64(0.48541666666666666), np.float64(0.9708333333333333), np.float64(1.9416666666666667))}",0.45210
vgd,"{'gamma2': 0.7028282284736633, 'lambda_': 114.9304137293519, 'sigma2': 0.3909595012664795, 'p': 50, 'batch_size': 128, 'eval_every': 15, 'vgd_step_size': np.float64(0.007583333333333333), 'vgd_lengthscales': (np.float64(0.525), np.float64(1.05), np.float64(2.1))}",0.45622
vgd,"{'gamma2': 0.7028282284736633, 'lambda_': 114.9304137293519, 'sigma2': 0.3909595012664795, 'p': 50, 'batch_size': 128, 'eval_every': 15, 'vgd_step_size': np.float64(0.007583333333333333), 'vgd_lengthscales': (np.float64(0.5645833333333333), np.float64(1.1291666666666667), np.float64(2.2583333333333333))}",0.45999
vgd,"{'gamma2': 0.7028282284736633, 'lambda_': 114.9304137293519, 'sigma2': 0.3909595012664795, 'p': 50, 'batch_size': 128, 'eval_every': 15, 'vgd_step_size': np.float64(0.007583333333333333), 'vgd_lengthscales': (np.float64(0.6041666666666667), np.float64(1.2083333333333335), np.float64(2.416666666666667))}",0.46348
vgd,"{'gamma2': 0.7028282284736633, 'lambda_': 114.9304137293519, 'sigma2': 0.3909595012664795, 'p': 50, 'batch_size': 128, 'eval_every': 15, 'vgd_step_size': np.float64(0.007583333333333333), 'vgd_lengthscales': (np.float64(0.64375), np.float64(1.2875), np.float64(2.575))}",0.46678
vgd,"{'gamma2': 0.7028282284736633, 'lambda_': 114.9304137293519, 'sigma2': 0.3909595012664795, 'p': 50, 'batch_size': 128, 'eval_every': 15, 'vgd_step_size': np.float64(0.007583333333333333), 'vgd_lengthscales': (np.float64(0.6833333333333333), np.float64(1.3666666666666667), np.float64(2.7333333333333334))}",0.46984
vgd,"{'gamma2': 0.7028282284736633, 'lambda_': 114.9304137293519, 'sigma2': 0.3909595012664795, 'p': 50, 'batch_size': 128, 'eval_every': 15, 'vgd_step_size': np.float64(0.007583333333333333), 'vgd_lengthscales': (np.float64(0.7229166666666667), np.float64(1.4458333333333333), np.float64(2.8916666666666666))}",0.47264
vgd,"{'gamma2': 0.7028282284736633, 'lambda_': 114.9304137293519, 'sigma2': 0.3909595012664795, 'p': 50, 'batch_size': 128, 'eval_every': 15, 'vgd_step_size': np.float64(0.007583333333333333), 'vgd_lengthscales': (np.float64(0.7625), np.float64(1.525), np.float64(3.05))}",0.47528
vgd,"{'gamma2': 0.7028282284736633, 'lambda_': 114.9304137293519, 'sigma2': 0.3909595012664795, 'p': 50, 'batch_size': 128, 'eval_every': 15, 'vgd_step_size': np.float64(0.007583333333333333), 'vgd_lengthscales': (np.float64(0.8020833333333334), np.float64(1.6041666666666667), np.float64(3.2083333333333335))}",0.47789
vgd,"{'gamma2': 0.7028282284736633, 'lambda_': 114.9304137293519, 'sigma2': 0.3909595012664795, 'p': 50, 'batch_size': 128, 'eval_every': 15, 'vgd_step_size': np.float64(0.007583333333333333), 'vgd_lengthscales': (np.float64(0.8416666666666667), np.float64(1.6833333333333333), np.float64(3.3666666666666667))}",0.48035
vgd,"{'gamma2': 0.7028282284736633, 'lambda_': 114.9304137293519, 'sigma2': 0.3909595012664795, 'p': 50, 'batch_size': 128, 'eval_every': 15, 'vgd_step_size': np.float64(0.007583333333333333), 'vgd_lengthscales': (np.float64(0.88125), np.float64(1.7625), np.float64(3.525))}",0.48257
vgd,"{'gamma2': 0.7028282284736633, 'lambda_': 114.9304137293519, 'sigma2': 0.3909595012664795, 'p': 50, 'batch_size': 128, 'eval_every': 15, 'vgd_step_size': np.float64(0.007583333333333333), 'vgd_lengthscales': (np.float64(0.9208333333333334), np.float64(1.8416666666666668), np.float64(3.6833333333333336))}",0.48468
vgd,"{'gamma2': 0.7028282284736633, 'lambda_': 114.9304137293519, 'sigma2': 0.3909595012664795, 'p': 50, 'batch_size': 128, 'eval_every': 15, 'vgd_step_size': np.float64(0.007583333333333333), 'vgd_lengthscales': (np.float64(0.9604166666666667), np.float64(1.9208333333333334), np.float64(3.841666666666667))}",0.48669
vgd,"{'gamma2': 0.7028282284736633, 'lambda_': 114.9304137293519, 'sigma2': 0.3909595012664795, 'p': 50, 'batch_size': 128, 'eval_every': 15, 'vgd_step_size': np.float64(0.007583333333333333), 'vgd_lengthscales': (np.float64(1.0), np.float64(2.0), np.float64(4.0))}",0.48859
vgd,"{'gamma2': 0.7028282284736633, 'lambda_': 114.9304137293519, 'sigma2': 0.3909595012664795, 'p': 50, 'batch_size': 128, 'eval_every': 15, 'vgd_step_size': np.float64(0.010875), 'vgd_lengthscales': (np.float64(0.05), np.float64(0.1), np.float64(0.2))}",0.31943
vgd,"{'gamma2': 0.7028282284736633, 'lambda_': 114.9304137293519, 'sigma2': 0.3909595012664795, 'p': 50, 'batch_size': 128, 'eval_every': 15, 'vgd_step_size': np.float64(0.010875), 'vgd_lengthscales': (np.float64(0.08958333333333333), np.float64(0.17916666666666667), np.float64(0.35833333333333334))}",0.33391
vgd,"{'gamma2': 0.7028282284736633, 'lambda_': 114.9304137293519, 'sigma2': 0.3909595012664795, 'p': 50, 'batch_size': 128, 'eval_every': 15, 'vgd_step_size': np.float64(0.010875), 'vgd_lengthscales': (np.float64(0.12916666666666665), np.float64(0.2583333333333333), np.float64(0.5166666666666666))}",0.34574
vgd,"{'gamma2': 0.7028282284736633, 'lambda_': 114.9304137293519, 'sigma2': 0.3909595012664795, 'p': 50, 'batch_size': 128, 'eval_every': 15, 'vgd_step_size': np.float64(0.010875), 'vgd_lengthscales': (np.float64(0.16875), np.float64(0.3375), np.float64(0.675))}",0.35584
vgd,"{'gamma2': 0.7028282284736633, 'lambda_': 114.9304137293519, 'sigma2': 0.3909595012664795, 'p': 50, 'batch_size': 128, 'eval_every': 15, 'vgd_step_size': np.float64(0.010875), 'vgd_lengthscales': (np.float64(0.20833333333333331), np.float64(0.41666666666666663), np.float64(0.8333333333333333))}",0.36536
vgd,"{'gamma2': 0.7028282284736633, 'lambda_': 114.9304137293519, 'sigma2': 0.3909595012664795, 'p': 50, 'batch_size': 128, 'eval_every': 15, 'vgd_step_size': np.float64(0.010875), 'vgd_lengthscales': (np.float64(0.24791666666666667), np.float64(0.49583333333333335), np.float64(0.9916666666666667))}",0.37371
vgd,"{'gamma2': 0.7028282284736633, 'lambda_': 114.9304137293519, 'sigma2': 0.3909595012664795, 'p': 50, 'batch_size': 128, 'eval_every': 15, 'vgd_step_size': np.float64(0.010875), 'vgd_lengthscales': (np.float64(0.2875), np.float64(0.575), np.float64(1.15))}",0.38141
vgd,"{'gamma2': 0.7028282284736633, 'lambda_': 114.9304137293519, 'sigma2': 0.3909595012664795, 'p': 50, 'batch_size': 128, 'eval_every': 15, 'vgd_step_size': np.float64(0.010875), 'vgd_lengthscales': (np.float64(0.32708333333333334), np.float64(0.6541666666666667), np.float64(1.3083333333333333))}",0.38837
vgd,"{'gamma2': 0.7028282284736633, 'lambda_': 114.9304137293519, 'sigma2': 0.3909595012664795, 'p': 50, 'batch_size': 128, 'eval_every': 15, 'vgd_step_size': np.float64(0.010875), 'vgd_lengthscales': (np.float64(0.36666666666666664), np.float64(0.7333333333333333), np.float64(1.4666666666666666))}",0.39465
vgd,"{'gamma2': 0.7028282284736633, 'lambda_': 114.9304137293519, 'sigma2': 0.3909595012664795, 'p': 50, 'batch_size': 128, 'eval_every': 15, 'vgd_step_size': np.float64(0.010875), 'vgd_lengthscales': (np.float64(0.40624999999999994), np.float64(0.8124999999999999), np.float64(1.6249999999999998))}",0.40041
vgd,"{'gamma2': 0.7028282284736633, 'lambda_': 114.9304137293519, 'sigma2': 0.3909595012664795, 'p': 50, 'batch_size': 128, 'eval_every': 15, 'vgd_step_size': np.float64(0.010875), 'vgd_lengthscales': (np.float64(0.4458333333333333), np.float64(0.8916666666666666), np.float64(1.7833333333333332))}",0.40598
vgd,"{'gamma2': 0.7028282284736633, 'lambda_': 114.9304137293519, 'sigma2': 0.3909595012664795, 'p': 50, 'batch_size': 128, 'eval_every': 15, 'vgd_step_size': np.float64(0.010875), 'vgd_lengthscales': (np.float64(0.48541666666666666), np.float64(0.9708333333333333), np.float64(1.9416666666666667))}",0.41113
vgd,"{'gamma2': 0.7028282284736633, 'lambda_': 114.9304137293519, 'sigma2': 0.3909595012664795, 'p': 50, 'batch_size': 128, 'eval_every': 15, 'vgd_step_size': np.float64(0.010875), 'vgd_lengthscales': (np.float64(0.525), np.float64(1.05), np.float64(2.1))}",0.41597
vgd,"{'gamma2': 0.7028282284736633, 'lambda_': 114.9304137293519, 'sigma2': 0.3909595012664795, 'p': 50, 'batch_size': 128, 'eval_every': 15, 'vgd_step_size': np.float64(0.010875), 'vgd_lengthscales': (np.float64(0.5645833333333333), np.float64(1.1291666666666667), np.float64(2.2583333333333333))}",0.42050
vgd,"{'gamma2': 0.7028282284736633, 'lambda_': 114.9304137293519, 'sigma2': 0.3909595012664795, 'p': 50, 'batch_size': 128, 'eval_every': 15, 'vgd_step_size': np.float64(0.010875), 'vgd_lengthscales': (np.float64(0.6041666666666667), np.float64(1.2083333333333335), np.float64(2.416666666666667))}",0.42478
vgd,"{'gamma2': 0.7028282284736633, 'lambda_': 114.9304137293519, 'sigma2': 0.3909595012664795, 'p': 50, 'batch_size': 128, 'eval_every': 15, 'vgd_step_size': np.float64(0.010875), 'vgd_lengthscales': (np.float64(0.64375), np.float64(1.2875), np.float64(2.575))}",0.42886
vgd,"{'gamma2': 0.7028282284736633, 'lambda_': 114.9304137293519, 'sigma2': 0.3909595012664795, 'p': 50, 'batch_size': 128, 'eval_every': 15, 'vgd_step_size': np.float64(0.010875), 'vgd_lengthscales': (np.float64(0.6833333333333333), np.float64(1.3666666666666667), np.float64(2.7333333333333334))}",0.43266
vgd,"{'gamma2': 0.7028282284736633, 'lambda_': 114.9304137293519, 'sigma2': 0.3909595012664795, 'p': 50, 'batch_size': 128, 'eval_every': 15, 'vgd_step_size': np.float64(0.010875), 'vgd_lengthscales': (np.float64(0.7229166666666667), np.float64(1.4458333333333333), np.float64(2.8916666666666666))}",0.43620
vgd,"{'gamma2': 0.7028282284736633, 'lambda_': 114.9304137293519, 'sigma2': 0.3909595012664795, 'p': 50, 'batch_size': 128, 'eval_every': 15, 'vgd_step_size': np.float64(0.010875), 'vgd_lengthscales': (np.float64(0.7625), np.float64(1.525), np.float64(3.05))}",0.43956
vgd,"{'gamma2': 0.7028282284736633, 'lambda_': 114.9304137293519, 'sigma2': 0.3909595012664795, 'p': 50, 'batch_size': 128, 'eval_every': 15, 'vgd_step_size': np.float64(0.010875), 'vgd_lengthscales': (np.float64(0.8020833333333334), np.float64(1.6041666666666667), np.float64(3.2083333333333335))}",0.44277
vgd,"{'gamma2': 0.7028282284736633, 'lambda_': 114.9304137293519, 'sigma2': 0.3909595012664795, 'p': 50, 'batch_size': 128, 'eval_every': 15, 'vgd_step_size': np.float64(0.010875), 'vgd_lengthscales': (np.float64(0.8416666666666667), np.float64(1.6833333333333333), np.float64(3.3666666666666667))}",0.44584
vgd,"{'gamma2': 0.7028282284736633, 'lambda_': 114.9304137293519, 'sigma2': 0.3909595012664795, 'p': 50, 'batch_size': 128, 'eval_every': 15, 'vgd_step_size': np.float64(0.010875), 'vgd_lengthscales': (np.float64(0.88125), np.float64(1.7625), np.float64(3.525))}",0.44871
vgd,"{'gamma2': 0.7028282284736633, 'lambda_': 114.9304137293519, 'sigma2': 0.3909595012664795, 'p': 50, 'batch_size': 128, 'eval_every': 15, 'vgd_step_size': np.float64(0.010875), 'vgd_lengthscales': (np.float64(0.9208333333333334), np.float64(1.8416666666666668), np.float64(3.6833333333333336))}",0.45142
vgd,"{'gamma2': 0.7028282284736633, 'lambda_': 114.9304137293519, 'sigma2': 0.3909595012664795, 'p': 50, 'batch_size': 128, 'eval_every': 15, 'vgd_step_size': np.float64(0.010875), 'vgd_lengthscales': (np.float64(0.9604166666666667), np.float64(1.9208333333333334), np.float64(3.841666666666667))}",0.45399
vgd,"{'gamma2': 0.7028282284736633, 'lambda_': 114.9304137293519, 'sigma2': 0.3909595012664795, 'p': 50, 'batch_size': 128, 'eval_every': 15, 'vgd_step_size': np.float64(0.010875), 'vgd_lengthscales': (np.float64(1.0), np.float64(2.0), np.float64(4.0))}",0.45645
vgd,"{'gamma2': 0.7028282284736633, 'lambda_': 114.9304137293519, 'sigma2': 0.3909595012664795, 'p': 50, 'batch_size': 128, 'eval_every': 15, 'vgd_step_size': np.float64(0.014166666666666668), 'vgd_lengthscales': (np.float64(0.05), np.float64(0.1), np.float64(0.2))}",0.29986
vgd,"{'gamma2': 0.7028282284736633, 'lambda_': 114.9304137293519, 'sigma2': 0.3909595012664795, 'p': 50, 'batch_size': 128, 'eval_every': 15, 'vgd_step_size': np.float64(0.014166666666666668), 'vgd_lengthscales': (np.float64(0.08958333333333333), np.float64(0.17916666666666667), np.float64(0.35833333333333334))}",0.31145
vgd,"{'gamma2': 0.7028282284736633, 'lambda_': 114.9304137293519, 'sigma2': 0.3909595012664795, 'p': 50, 'batch_size': 128, 'eval_every': 15, 'vgd_step_size': np.float64(0.014166666666666668), 'vgd_lengthscales': (np.float64(0.12916666666666665), np.float64(0.2583333333333333), np.float64(0.5166666666666666))}",0.32187
vgd,"{'gamma2': 0.7028282284736633, 'lambda_': 114.9304137293519, 'sigma2': 0.3909595012664795, 'p': 50, 'batch_size': 128, 'eval_every': 15, 'vgd_step_size': np.float64(0.014166666666666668), 'vgd_lengthscales': (np.float64(0.16875), np.float64(0.3375), np.float64(0.675))}",0.33078
vgd,"{'gamma2': 0.7028282284736633, 'lambda_': 114.9304137293519, 'sigma2': 0.3909595012664795, 'p': 50, 'batch_size': 128, 'eval_every': 15, 'vgd_step_size': np.float64(0.014166666666666668), 'vgd_lengthscales': (np.float64(0.20833333333333331), np.float64(0.41666666666666663), np.float64(0.8333333333333333))}",0.33904
vgd,"{'gamma2': 0.7028282284736633, 'lambda_': 114.9304137293519, 'sigma2': 0.3909595012664795, 'p': 50, 'batch_size': 128, 'eval_every': 15, 'vgd_step_size': np.float64(0.014166666666666668), 'vgd_lengthscales': (np.float64(0.24791666666666667), np.float64(0.49583333333333335), np.float64(0.9916666666666667))}",0.34632
vgd,"{'gamma2': 0.7028282284736633, 'lambda_': 114.9304137293519, 'sigma2': 0.3909595012664795, 'p': 50, 'batch_size': 128, 'eval_every': 15, 'vgd_step_size': np.float64(0.014166666666666668), 'vgd_lengthscales': (np.float64(0.2875), np.float64(0.575), np.float64(1.15))}",0.35319
vgd,"{'gamma2': 0.7028282284736633, 'lambda_': 114.9304137293519, 'sigma2': 0.3909595012664795, 'p': 50, 'batch_size': 128, 'eval_every': 15, 'vgd_step_size': np.float64(0.014166666666666668), 'vgd_lengthscales': (np.float64(0.32708333333333334), np.float64(0.6541666666666667), np.float64(1.3083333333333333))}",0.35969
vgd,"{'gamma2': 0.7028282284736633, 'lambda_': 114.9304137293519, 'sigma2': 0.3909595012664795, 'p': 50, 'batch_size': 128, 'eval_every': 15, 'vgd_step_size': np.float64(0.014166666666666668), 'vgd_lengthscales': (np.float64(0.36666666666666664), np.float64(0.7333333333333333), np.float64(1.4666666666666666))}",0.36573
vgd,"{'gamma2': 0.7028282284736633, 'lambda_': 114.9304137293519, 'sigma2': 0.3909595012664795, 'p': 50, 'batch_size': 128, 'eval_every': 15, 'vgd_step_size': np.float64(0.014166666666666668), 'vgd_lengthscales': (np.float64(0.40624999999999994), np.float64(0.8124999999999999), np.float64(1.6249999999999998))}",0.37137
vgd,"{'gamma2': 0.7028282284736633, 'lambda_': 114.9304137293519, 'sigma2': 0.3909595012664795, 'p': 50, 'batch_size': 128, 'eval_every': 15, 'vgd_step_size': np.float64(0.014166666666666668), 'vgd_lengthscales': (np.float64(0.4458333333333333), np.float64(0.8916666666666666), np.float64(1.7833333333333332))}",0.37680
vgd,"{'gamma2': 0.7028282284736633, 'lambda_': 114.9304137293519, 'sigma2': 0.3909595012664795, 'p': 50, 'batch_size': 128, 'eval_every': 15, 'vgd_step_size': np.float64(0.014166666666666668), 'vgd_lengthscales': (np.float64(0.48541666666666666), np.float64(0.9708333333333333), np.float64(1.9416666666666667))}",0.38193
vgd,"{'gamma2': 0.7028282284736633, 'lambda_': 114.9304137293519, 'sigma2': 0.3909595012664795, 'p': 50, 'batch_size': 128, 'eval_every': 15, 'vgd_step_size': np.float64(0.014166666666666668), 'vgd_lengthscales': (np.float64(0.525), np.float64(1.05), np.float64(2.1))}",0.38664
vgd,"{'gamma2': 0.7028282284736633, 'lambda_': 114.9304137293519, 'sigma2': 0.3909595012664795, 'p': 50, 'batch_size': 128, 'eval_every': 15, 'vgd_step_size': np.float64(0.014166666666666668), 'vgd_lengthscales': (np.float64(0.5645833333333333), np.float64(1.1291666666666667), np.float64(2.2583333333333333))}",0.39115
vgd,"{'gamma2': 0.7028282284736633, 'lambda_': 114.9304137293519, 'sigma2': 0.3909595012664795, 'p': 50, 'batch_size': 128, 'eval_every': 15, 'vgd_step_size': np.float64(0.014166666666666668), 'vgd_lengthscales': (np.float64(0.6041666666666667), np.float64(1.2083333333333335), np.float64(2.416666666666667))}",0.39535
vgd,"{'gamma2': 0.7028282284736633, 'lambda_': 114.9304137293519, 'sigma2': 0.3909595012664795, 'p': 50, 'batch_size': 128, 'eval_every': 15, 'vgd_step_size': np.float64(0.014166666666666668), 'vgd_lengthscales': (np.float64(0.64375), np.float64(1.2875), np.float64(2.575))}",0.39946
vgd,"{'gamma2': 0.7028282284736633, 'lambda_': 114.9304137293519, 'sigma2': 0.3909595012664795, 'p': 50, 'batch_size': 128, 'eval_every': 15, 'vgd_step_size': np.float64(0.014166666666666668), 'vgd_lengthscales': (np.float64(0.6833333333333333), np.float64(1.3666666666666667), np.float64(2.7333333333333334))}",0.40363
vgd,"{'gamma2': 0.7028282284736633, 'lambda_': 114.9304137293519, 'sigma2': 0.3909595012664795, 'p': 50, 'batch_size': 128, 'eval_every': 15, 'vgd_step_size': np.float64(0.014166666666666668), 'vgd_lengthscales': (np.float64(0.7229166666666667), np.float64(1.4458333333333333), np.float64(2.8916666666666666))}",0.40736
vgd,"{'gamma2': 0.7028282284736633, 'lambda_': 114.9304137293519, 'sigma2': 0.3909595012664795, 'p': 50, 'batch_size': 128, 'eval_every': 15, 'vgd_step_size': np.float64(0.014166666666666668), 'vgd_lengthscales': (np.float64(0.7625), np.float64(1.525), np.float64(3.05))}",0.41095
vgd,"{'gamma2': 0.7028282284736633, 'lambda_': 114.9304137293519, 'sigma2': 0.3909595012664795, 'p': 50, 'batch_size': 128, 'eval_every': 15, 'vgd_step_size': np.float64(0.014166666666666668), 'vgd_lengthscales': (np.float64(0.8020833333333334), np.float64(1.6041666666666667), np.float64(3.2083333333333335))}",0.41447
vgd,"{'gamma2': 0.7028282284736633, 'lambda_': 114.9304137293519, 'sigma2': 0.3909595012664795, 'p': 50, 'batch_size': 128, 'eval_every': 15, 'vgd_step_size': np.float64(0.014166666666666668), 'vgd_lengthscales': (np.float64(0.8416666666666667), np.float64(1.6833333333333333), np.float64(3.3666666666666667))}",0.41792
vgd,"{'gamma2': 0.7028282284736633, 'lambda_': 114.9304137293519, 'sigma2': 0.3909595012664795, 'p': 50, 'batch_size': 128, 'eval_every': 15, 'vgd_step_size': np.float64(0.014166666666666668), 'vgd_lengthscales': (np.float64(0.88125), np.float64(1.7625), np.float64(3.525))}",0.42120
vgd,"{'gamma2': 0.7028282284736633, 'lambda_': 114.9304137293519, 'sigma2': 0.3909595012664795, 'p': 50, 'batch_size': 128, 'eval_every': 15, 'vgd_step_size': np.float64(0.014166666666666668), 'vgd_lengthscales': (np.float64(0.9208333333333334), np.float64(1.8416666666666668), np.float64(3.6833333333333336))}",0.42435
vgd,"{'gamma2': 0.7028282284736633, 'lambda_': 114.9304137293519, 'sigma2': 0.3909595012664795, 'p': 50, 'batch_size': 128, 'eval_every': 15, 'vgd_step_size': np.float64(0.014166666666666668), 'vgd_lengthscales': (np.float64(0.9604166666666667), np.float64(1.9208333333333334), np.float64(3.841666666666667))}",0.42733
vgd,"{'gamma2': 0.7028282284736633, 'lambda_': 114.9304137293519, 'sigma2': 0.3909595012664795, 'p': 50, 'batch_size': 128, 'eval_every': 15, 'vgd_step_size': np.float64(0.014166666666666668), 'vgd_lengthscales': (np.float64(1.0), np.float64(2.0), np.float64(4.0))}",0.43012
vgd,"{'gamma2': 0.7028282284736633, 'lambda_': 114.9304137293519, 'sigma2': 0.3909595012664795, 'p': 50, 'batch_size': 128, 'eval_every': 15, 'vgd_step_size': np.float64(0.017458333333333333), 'vgd_lengthscales': (np.float64(0.05), np.float64(0.1), np.float64(0.2))}",0.29073
vgd,"{'gamma2': 0.7028282284736633, 'lambda_': 114.9304137293519, 'sigma2': 0.3909595012664795, 'p': 50, 'batch_size': 128, 'eval_every': 15, 'vgd_step_size': np.float64(0.017458333333333333), 'vgd_lengthscales': (np.float64(0.08958333333333333), np.float64(0.17916666666666667), np.float64(0.35833333333333334))}",0.30042
vgd,"{'gamma2': 0.7028282284736633, 'lambda_': 114.9304137293519, 'sigma2': 0.3909595012664795, 'p': 50, 'batch_size': 128, 'eval_every': 15, 'vgd_step_size': np.float64(0.017458333333333333), 'vgd_lengthscales': (np.float64(0.12916666666666665), np.float64(0.2583333333333333), np.float64(0.5166666666666666))}",0.30946
vgd,"{'gamma2': 0.7028282284736633, 'lambda_': 114.9304137293519, 'sigma2': 0.3909595012664795, 'p': 50, 'batch_size': 128, 'eval_every': 15, 'vgd_step_size': np.float64(0.017458333333333333), 'vgd_lengthscales': (np.float64(0.16875), np.float64(0.3375), np.float64(0.675))}",0.31691
vgd,"{'gamma2': 0.7028282284736633, 'lambda_': 114.9304137293519, 'sigma2': 0.3909595012664795, 'p': 50, 'batch_size': 128, 'eval_every': 15, 'vgd_step_size': np.float64(0.017458333333333333), 'vgd_lengthscales': (np.float64(0.20833333333333331), np.float64(0.41666666666666663), np.float64(0.8333333333333333))}",0.32393
vgd,"{'gamma2': 0.7028282284736633, 'lambda_': 114.9304137293519, 'sigma2': 0.3909595012664795, 'p': 50, 'batch_size': 128, 'eval_every': 15, 'vgd_step_size': np.float64(0.017458333333333333), 'vgd_lengthscales': (np.float64(0.24791666666666667), np.float64(0.49583333333333335), np.float64(0.9916666666666667))}",0.33072
vgd,"{'gamma2': 0.7028282284736633, 'lambda_': 114.9304137293519, 'sigma2': 0.3909595012664795, 'p': 50, 'batch_size': 128, 'eval_every': 15, 'vgd_step_size': np.float64(0.017458333333333333), 'vgd_lengthscales': (np.float64(0.2875), np.float64(0.575), np.float64(1.15))}",0.33677
vgd,"{'gamma2': 0.7028282284736633, 'lambda_': 114.9304137293519, 'sigma2': 0.3909595012664795, 'p': 50, 'batch_size': 128, 'eval_every': 15, 'vgd_step_size': np.float64(0.017458333333333333), 'vgd_lengthscales': (np.float64(0.32708333333333334), np.float64(0.6541666666666667), np.float64(1.3083333333333333))}",0.34230
vgd,"{'gamma2': 0.7028282284736633, 'lambda_': 114.9304137293519, 'sigma2': 0.3909595012664795, 'p': 50, 'batch_size': 128, 'eval_every': 15, 'vgd_step_size': np.float64(0.017458333333333333), 'vgd_lengthscales': (np.float64(0.36666666666666664), np.float64(0.7333333333333333), np.float64(1.4666666666666666))}",0.34748
vgd,"{'gamma2': 0.7028282284736633, 'lambda_': 114.9304137293519, 'sigma2': 0.3909595012664795, 'p': 50, 'batch_size': 128, 'eval_every': 15, 'vgd_step_size': np.float64(0.017458333333333333), 'vgd_lengthscales': (np.float64(0.40624999999999994), np.float64(0.8124999999999999), np.float64(1.6249999999999998))}",0.35251
vgd,"{'gamma2': 0.7028282284736633, 'lambda_': 114.9304137293519, 'sigma2': 0.3909595012664795, 'p': 50, 'batch_size': 128, 'eval_every': 15, 'vgd_step_size': np.float64(0.017458333333333333), 'vgd_lengthscales': (np.float64(0.4458333333333333), np.float64(0.8916666666666666), np.float64(1.7833333333333332))}",0.35747
vgd,"{'gamma2': 0.7028282284736633, 'lambda_': 114.9304137293519, 'sigma2': 0.3909595012664795, 'p': 50, 'batch_size': 128, 'eval_every': 15, 'vgd_step_size': np.float64(0.017458333333333333), 'vgd_lengthscales': (np.float64(0.48541666666666666), np.float64(0.9708333333333333), np.float64(1.9416666666666667))}",0.36178
vgd,"{'gamma2': 0.7028282284736633, 'lambda_': 114.9304137293519, 'sigma2': 0.3909595012664795, 'p': 50, 'batch_size': 128, 'eval_every': 15, 'vgd_step_size': np.float64(0.017458333333333333), 'vgd_lengthscales': (np.float64(0.525), np.float64(1.05), np.float64(2.1))}",0.36646
vgd,"{'gamma2': 0.7028282284736633, 'lambda_': 114.9304137293519, 'sigma2': 0.3909595012664795, 'p': 50, 'batch_size': 128, 'eval_every': 15, 'vgd_step_size': np.float64(0.017458333333333333), 'vgd_lengthscales': (np.float64(0.5645833333333333), np.float64(1.1291666666666667), np.float64(2.2583333333333333))}",0.37069
vgd,"{'gamma2': 0.7028282284736633, 'lambda_': 114.9304137293519, 'sigma2': 0.3909595012664795, 'p': 50, 'batch_size': 128, 'eval_every': 15, 'vgd_step_size': np.float64(0.017458333333333333), 'vgd_lengthscales': (np.float64(0.6041666666666667), np.float64(1.2083333333333335), np.float64(2.416666666666667))}",0.37464
vgd,"{'gamma2': 0.7028282284736633, 'lambda_': 114.9304137293519, 'sigma2': 0.3909595012664795, 'p': 50, 'batch_size': 128, 'eval_every': 15, 'vgd_step_size': np.float64(0.017458333333333333), 'vgd_lengthscales': (np.float64(0.64375), np.float64(1.2875), np.float64(2.575))}",0.37855
vgd,"{'gamma2': 0.7028282284736633, 'lambda_': 114.9304137293519, 'sigma2': 0.3909595012664795, 'p': 50, 'batch_size': 128, 'eval_every': 15, 'vgd_step_size': np.float64(0.017458333333333333), 'vgd_lengthscales': (np.float64(0.6833333333333333), np.float64(1.3666666666666667), np.float64(2.7333333333333334))}",0.38241
vgd,"{'gamma2': 0.7028282284736633, 'lambda_': 114.9304137293519, 'sigma2': 0.3909595012664795, 'p': 50, 'batch_size': 128, 'eval_every': 15, 'vgd_step_size': np.float64(0.017458333333333333), 'vgd_lengthscales': (np.float64(0.7229166666666667), np.float64(1.4458333333333333), np.float64(2.8916666666666666))}",0.38609
vgd,"{'gamma2': 0.7028282284736633, 'lambda_': 114.9304137293519, 'sigma2': 0.3909595012664795, 'p': 50, 'batch_size': 128, 'eval_every': 15, 'vgd_step_size': np.float64(0.017458333333333333), 'vgd_lengthscales': (np.float64(0.7625), np.float64(1.525), np.float64(3.05))}",0.38961
vgd,"{'gamma2': 0.7028282284736633, 'lambda_': 114.9304137293519, 'sigma2': 0.3909595012664795, 'p': 50, 'batch_size': 128, 'eval_every': 15, 'vgd_step_size': np.float64(0.017458333333333333), 'vgd_lengthscales': (np.float64(0.8020833333333334), np.float64(1.6041666666666667), np.float64(3.2083333333333335))}",0.39306
vgd,"{'gamma2': 0.7028282284736633, 'lambda_': 114.9304137293519, 'sigma2': 0.3909595012664795, 'p': 50, 'batch_size': 128, 'eval_every': 15, 'vgd_step_size': np.float64(0.017458333333333333), 'vgd_lengthscales': (np.float64(0.8416666666666667), np.float64(1.6833333333333333), np.float64(3.3666666666666667))}",0.39643
vgd,"{'gamma2': 0.7028282284736633, 'lambda_': 114.9304137293519, 'sigma2': 0.3909595012664795, 'p': 50, 'batch_size': 128, 'eval_every': 15, 'vgd_step_size': np.float64(0.017458333333333333), 'vgd_lengthscales': (np.float64(0.88125), np.float64(1.7625), np.float64(3.525))}",0.39971
vgd,"{'gamma2': 0.7028282284736633, 'lambda_': 114.9304137293519, 'sigma2': 0.3909595012664795, 'p': 50, 'batch_size': 128, 'eval_every': 15, 'vgd_step_size': np.float64(0.017458333333333333), 'vgd_lengthscales': (np.float64(0.9208333333333334), np.float64(1.8416666666666668), np.float64(3.6833333333333336))}",0.40283
vgd,"{'gamma2': 0.7028282284736633, 'lambda_': 114.9304137293519, 'sigma2': 0.3909595012664795, 'p': 50, 'batch_size': 128, 'eval_every': 15, 'vgd_step_size': np.float64(0.017458333333333333), 'vgd_lengthscales': (np.float64(0.9604166666666667), np.float64(1.9208333333333334), np.float64(3.841666666666667))}",0.40584
vgd,"{'gamma2': 0.7028282284736633, 'lambda_': 114.9304137293519, 'sigma2': 0.3909595012664795, 'p': 50, 'batch_size': 128, 'eval_every': 15, 'vgd_step_size': np.float64(0.017458333333333333), 'vgd_lengthscales': (np.float64(1.0), np.float64(2.0), np.float64(4.0))}",0.40877
vgd,"{'gamma2': 0.7028282284736633, 'lambda_': 114.9304137293519, 'sigma2': 0.3909595012664795, 'p': 50, 'batch_size': 128, 'eval_every': 15, 'vgd_step_size': np.float64(0.02075), 'vgd_lengthscales': (np.float64(0.05), np.float64(0.1), np.float64(0.2))}",0.28633
vgd,"{'gamma2': 0.7028282284736633, 'lambda_': 114.9304137293519, 'sigma2': 0.3909595012664795, 'p': 50, 'batch_size': 128, 'eval_every': 15, 'vgd_step_size': np.float64(0.02075), 'vgd_lengthscales': (np.float64(0.08958333333333333), np.float64(0.17916666666666667), np.float64(0.35833333333333334))}",0.29414
vgd,"{'gamma2': 0.7028282284736633, 'lambda_': 114.9304137293519, 'sigma2': 0.3909595012664795, 'p': 50, 'batch_size': 128, 'eval_every': 15, 'vgd_step_size': np.float64(0.02075), 'vgd_lengthscales': (np.float64(0.12916666666666665), np.float64(0.2583333333333333), np.float64(0.5166666666666666))}",0.30171
vgd,"{'gamma2': 0.7028282284736633, 'lambda_': 114.9304137293519, 'sigma2': 0.3909595012664795, 'p': 50, 'batch_size': 128, 'eval_every': 15, 'vgd_step_size': np.float64(0.02075), 'vgd_lengthscales': (np.float64(0.16875), np.float64(0.3375), np.float64(0.675))}",0.30893
vgd,"{'gamma2': 0.7028282284736633, 'lambda_': 114.9304137293519, 'sigma2': 0.3909595012664795, 'p': 50, 'batch_size': 128, 'eval_every': 15, 'vgd_step_size': np.float64(0.02075), 'vgd_lengthscales': (np.float64(0.20833333333333331), np.float64(0.41666666666666663), np.float64(0.8333333333333333))}",0.31473
vgd,"{'gamma2': 0.7028282284736633, 'lambda_': 114.9304137293519, 'sigma2': 0.3909595012664795, 'p': 50, 'batch_size': 128, 'eval_every': 15, 'vgd_step_size': np.float64(0.02075), 'vgd_lengthscales': (np.float64(0.24791666666666667), np.float64(0.49583333333333335), np.float64(0.9916666666666667))}",0.32025
vgd,"{'gamma2': 0.7028282284736633, 'lambda_': 114.9304137293519, 'sigma2': 0.3909595012664795, 'p': 50, 'batch_size': 128, 'eval_every': 15, 'vgd_step_size': np.float64(0.02075), 'vgd_lengthscales': (np.float64(0.2875), np.float64(0.575), np.float64(1.15))}",0.32563
vgd,"{'gamma2': 0.7028282284736633, 'lambda_': 114.9304137293519, 'sigma2': 0.3909595012664795, 'p': 50, 'batch_size': 128, 'eval_every': 15, 'vgd_step_size': np.float64(0.02075), 'vgd_lengthscales': (np.float64(0.32708333333333334), np.float64(0.6541666666666667), np.float64(1.3083333333333333))}",0.33070
vgd,"{'gamma2': 0.7028282284736633, 'lambda_': 114.9304137293519, 'sigma2': 0.3909595012664795, 'p': 50, 'batch_size': 128, 'eval_every': 15, 'vgd_step_size': np.float64(0.02075), 'vgd_lengthscales': (np.float64(0.36666666666666664), np.float64(0.7333333333333333), np.float64(1.4666666666666666))}",0.33538
vgd,"{'gamma2': 0.7028282284736633, 'lambda_': 114.9304137293519, 'sigma2': 0.3909595012664795, 'p': 50, 'batch_size': 128, 'eval_every': 15, 'vgd_step_size': np.float64(0.02075), 'vgd_lengthscales': (np.float64(0.40624999999999994), np.float64(0.8124999999999999), np.float64(1.6249999999999998))}",0.33975
vgd,"{'gamma2': 0.7028282284736633, 'lambda_': 114.9304137293519, 'sigma2': 0.3909595012664795, 'p': 50, 'batch_size': 128, 'eval_every': 15, 'vgd_step_size': np.float64(0.02075), 'vgd_lengthscales': (np.float64(0.4458333333333333), np.float64(0.8916666666666666), np.float64(1.7833333333333332))}",0.34400
vgd,"{'gamma2': 0.7028282284736633, 'lambda_': 114.9304137293519, 'sigma2': 0.3909595012664795, 'p': 50, 'batch_size': 128, 'eval_every': 15, 'vgd_step_size': np.float64(0.02075), 'vgd_lengthscales': (np.float64(0.48541666666666666), np.float64(0.9708333333333333), np.float64(1.9416666666666667))}",0.34808
vgd,"{'gamma2': 0.7028282284736633, 'lambda_': 114.9304137293519, 'sigma2': 0.3909595012664795, 'p': 50, 'batch_size': 128, 'eval_every': 15, 'vgd_step_size': np.float64(0.02075), 'vgd_lengthscales': (np.float64(0.525), np.float64(1.05), np.float64(2.1))}",0.35194
vgd,"{'gamma2': 0.7028282284736633, 'lambda_': 114.9304137293519, 'sigma2': 0.3909595012664795, 'p': 50, 'batch_size': 128, 'eval_every': 15, 'vgd_step_size': np.float64(0.02075), 'vgd_lengthscales': (np.float64(0.5645833333333333), np.float64(1.1291666666666667), np.float64(2.2583333333333333))}",0.35579
vgd,"{'gamma2': 0.7028282284736633, 'lambda_': 114.9304137293519, 'sigma2': 0.3909595012664795, 'p': 50, 'batch_size': 128, 'eval_every': 15, 'vgd_step_size': np.float64(0.02075), 'vgd_lengthscales': (np.float64(0.6041666666666667), np.float64(1.2083333333333335), np.float64(2.416666666666667))}",0.35929
vgd,"{'gamma2': 0.7028282284736633, 'lambda_': 114.9304137293519, 'sigma2': 0.3909595012664795, 'p': 50, 'batch_size': 128, 'eval_every': 15, 'vgd_step_size': np.float64(0.02075), 'vgd_lengthscales': (np.float64(0.64375), np.float64(1.2875), np.float64(2.575))}",0.36262
vgd,"{'gamma2': 0.7028282284736633, 'lambda_': 114.9304137293519, 'sigma2': 0.3909595012664795, 'p': 50, 'batch_size': 128, 'eval_every': 15, 'vgd_step_size': np.float64(0.02075), 'vgd_lengthscales': (np.float64(0.6833333333333333), np.float64(1.3666666666666667), np.float64(2.7333333333333334))}",0.36648
vgd,"{'gamma2': 0.7028282284736633, 'lambda_': 114.9304137293519, 'sigma2': 0.3909595012664795, 'p': 50, 'batch_size': 128, 'eval_every': 15, 'vgd_step_size': np.float64(0.02075), 'vgd_lengthscales': (np.float64(0.7229166666666667), np.float64(1.4458333333333333), np.float64(2.8916666666666666))}",0.36972
vgd,"{'gamma2': 0.7028282284736633, 'lambda_': 114.9304137293519, 'sigma2': 0.3909595012664795, 'p': 50, 'batch_size': 128, 'eval_every': 15, 'vgd_step_size': np.float64(0.02075), 'vgd_lengthscales': (np.float64(0.7625), np.float64(1.525), np.float64(3.05))}",0.37297
vgd,"{'gamma2': 0.7028282284736633, 'lambda_': 114.9304137293519, 'sigma2': 0.3909595012664795, 'p': 50, 'batch_size': 128, 'eval_every': 15, 'vgd_step_size': np.float64(0.02075), 'vgd_lengthscales': (np.float64(0.8020833333333334), np.float64(1.6041666666666667), np.float64(3.2083333333333335))}",0.37645
vgd,"{'gamma2': 0.7028282284736633, 'lambda_': 114.9304137293519, 'sigma2': 0.3909595012664795, 'p': 50, 'batch_size': 128, 'eval_every': 15, 'vgd_step_size': np.float64(0.02075), 'vgd_lengthscales': (np.float64(0.8416666666666667), np.float64(1.6833333333333333), np.float64(3.3666666666666667))}",0.37970
vgd,"{'gamma2': 0.7028282284736633, 'lambda_': 114.9304137293519, 'sigma2': 0.3909595012664795, 'p': 50, 'batch_size': 128, 'eval_every': 15, 'vgd_step_size': np.float64(0.02075), 'vgd_lengthscales': (np.float64(0.88125), np.float64(1.7625), np.float64(3.525))}",0.38275
vgd,"{'gamma2': 0.7028282284736633, 'lambda_': 114.9304137293519, 'sigma2': 0.3909595012664795, 'p': 50, 'batch_size': 128, 'eval_every': 15, 'vgd_step_size': np.float64(0.02075), 'vgd_lengthscales': (np.float64(0.9208333333333334), np.float64(1.8416666666666668), np.float64(3.6833333333333336))}",0.38573
vgd,"{'gamma2': 0.7028282284736633, 'lambda_': 114.9304137293519, 'sigma2': 0.3909595012664795, 'p': 50, 'batch_size': 128, 'eval_every': 15, 'vgd_step_size': np.float64(0.02075), 'vgd_lengthscales': (np.float64(0.9604166666666667), np.float64(1.9208333333333334), np.float64(3.841666666666667))}",0.38867
vgd,"{'gamma2': 0.7028282284736633, 'lambda_': 114.9304137293519, 'sigma2': 0.3909595012664795, 'p': 50, 'batch_size': 128, 'eval_every': 15, 'vgd_step_size': np.float64(0.02075), 'vgd_lengthscales': (np.float64(1.0), np.float64(2.0), np.float64(4.0))}",0.39144
vgd,"{'gamma2': 0.7028282284736633, 'lambda_': 114.9304137293519, 'sigma2': 0.3909595012664795, 'p': 50, 'batch_size': 128, 'eval_every': 15, 'vgd_step_size': np.float64(0.02404166666666667), 'vgd_lengthscales': (np.float64(0.05), np.float64(0.1), np.float64(0.2))}",0.28399
vgd,"{'gamma2': 0.7028282284736633, 'lambda_': 114.9304137293519, 'sigma2': 0.3909595012664795, 'p': 50, 'batch_size': 128, 'eval_every': 15, 'vgd_step_size': np.float64(0.02404166666666667), 'vgd_lengthscales': (np.float64(0.08958333333333333), np.float64(0.17916666666666667), np.float64(0.35833333333333334))}",0.29060
vgd,"{'gamma2': 0.7028282284736633, 'lambda_': 114.9304137293519, 'sigma2': 0.3909595012664795, 'p': 50, 'batch_size': 128, 'eval_every': 15, 'vgd_step_size': np.float64(0.02404166666666667), 'vgd_lengthscales': (np.float64(0.12916666666666665), np.float64(0.2583333333333333), np.float64(0.5166666666666666))}",0.29710
vgd,"{'gamma2': 0.7028282284736633, 'lambda_': 114.9304137293519, 'sigma2': 0.3909595012664795, 'p': 50, 'batch_size': 128, 'eval_every': 15, 'vgd_step_size': np.float64(0.02404166666666667), 'vgd_lengthscales': (np.float64(0.16875), np.float64(0.3375), np.float64(0.675))}",0.30298
vgd,"{'gamma2': 0.7028282284736633, 'lambda_': 114.9304137293519, 'sigma2': 0.3909595012664795, 'p': 50, 'batch_size': 128, 'eval_every': 15, 'vgd_step_size': np.float64(0.02404166666666667), 'vgd_lengthscales': (np.float64(0.20833333333333331), np.float64(0.41666666666666663), np.float64(0.8333333333333333))}",0.30845
vgd,"{'gamma2': 0.7028282284736633, 'lambda_': 114.9304137293519, 'sigma2': 0.3909595012664795, 'p': 50, 'batch_size': 128, 'eval_every': 15, 'vgd_step_size': np.float64(0.02404166666666667), 'vgd_lengthscales': (np.float64(0.24791666666666667), np.float64(0.49583333333333335), np.float64(0.9916666666666667))}",0.31363
vgd,"{'gamma2': 0.7028282284736633, 'lambda_': 114.9304137293519, 'sigma2': 0.3909595012664795, 'p': 50, 'batch_size': 128, 'eval_every': 15, 'vgd_step_size': np.float64(0.02404166666666667), 'vgd_lengthscales': (np.float64(0.2875), np.float64(0.575), np.float64(1.15))}",0.31854
vgd,"{'gamma2': 0.7028282284736633, 'lambda_': 114.9304137293519, 'sigma2': 0.3909595012664795, 'p': 50, 'batch_size': 128, 'eval_every': 15, 'vgd_step_size': np.float64(0.02404166666666667), 'vgd_lengthscales': (np.float64(0.32708333333333334), np.float64(0.6541666666666667), np.float64(1.3083333333333333))}",0.32257
vgd,"{'gamma2': 0.7028282284736633, 'lambda_': 114.9304137293519, 'sigma2': 0.3909595012664795, 'p': 50, 'batch_size': 128, 'eval_every': 15, 'vgd_step_size': np.float64(0.02404166666666667), 'vgd_lengthscales': (np.float64(0.36666666666666664), np.float64(0.7333333333333333), np.float64(1.4666666666666666))}",0.32697
vgd,"{'gamma2': 0.7028282284736633, 'lambda_': 114.9304137293519, 'sigma2': 0.3909595012664795, 'p': 50, 'batch_size': 128, 'eval_every': 15, 'vgd_step_size': np.float64(0.02404166666666667), 'vgd_lengthscales': (np.float64(0.40624999999999994), np.float64(0.8124999999999999), np.float64(1.6249999999999998))}",0.33081
vgd,"{'gamma2': 0.7028282284736633, 'lambda_': 114.9304137293519, 'sigma2': 0.3909595012664795, 'p': 50, 'batch_size': 128, 'eval_every': 15, 'vgd_step_size': np.float64(0.02404166666666667), 'vgd_lengthscales': (np.float64(0.4458333333333333), np.float64(0.8916666666666666), np.float64(1.7833333333333332))}",0.33456
vgd,"{'gamma2': 0.7028282284736633, 'lambda_': 114.9304137293519, 'sigma2': 0.3909595012664795, 'p': 50, 'batch_size': 128, 'eval_every': 15, 'vgd_step_size': np.float64(0.02404166666666667), 'vgd_lengthscales': (np.float64(0.48541666666666666), np.float64(0.9708333333333333), np.float64(1.9416666666666667))}",0.33826
vgd,"{'gamma2': 0.7028282284736633, 'lambda_': 114.9304137293519, 'sigma2': 0.3909595012664795, 'p': 50, 'batch_size': 128, 'eval_every': 15, 'vgd_step_size': np.float64(0.02404166666666667), 'vgd_lengthscales': (np.float64(0.525), np.float64(1.05), np.float64(2.1))}",0.34165
vgd,"{'gamma2': 0.7028282284736633, 'lambda_': 114.9304137293519, 'sigma2': 0.3909595012664795, 'p': 50, 'batch_size': 128, 'eval_every': 15, 'vgd_step_size': np.float64(0.02404166666666667), 'vgd_lengthscales': (np.float64(0.5645833333333333), np.float64(1.1291666666666667), np.float64(2.2583333333333333))}",0.34504
vgd,"{'gamma2': 0.7028282284736633, 'lambda_': 114.9304137293519, 'sigma2': 0.3909595012664795, 'p': 50, 'batch_size': 128, 'eval_every': 15, 'vgd_step_size': np.float64(0.02404166666666667), 'vgd_lengthscales': (np.float64(0.6041666666666667), np.float64(1.2083333333333335), np.float64(2.416666666666667))}",0.34819
vgd,"{'gamma2': 0.7028282284736633, 'lambda_': 114.9304137293519, 'sigma2': 0.3909595012664795, 'p': 50, 'batch_size': 128, 'eval_every': 15, 'vgd_step_size': np.float64(0.02404166666666667), 'vgd_lengthscales': (np.float64(0.64375), np.float64(1.2875), np.float64(2.575))}",0.35137
vgd,"{'gamma2': 0.7028282284736633, 'lambda_': 114.9304137293519, 'sigma2': 0.3909595012664795, 'p': 50, 'batch_size': 128, 'eval_every': 15, 'vgd_step_size': np.float64(0.02404166666666667), 'vgd_lengthscales': (np.float64(0.6833333333333333), np.float64(1.3666666666666667), np.float64(2.7333333333333334))}",0.35444
vgd,"{'gamma2': 0.7028282284736633, 'lambda_': 114.9304137293519, 'sigma2': 0.3909595012664795, 'p': 50, 'batch_size': 128, 'eval_every': 15, 'vgd_step_size': np.float64(0.02404166666666667), 'vgd_lengthscales': (np.float64(0.7229166666666667), np.float64(1.4458333333333333), np.float64(2.8916666666666666))}",0.35747
vgd,"{'gamma2': 0.7028282284736633, 'lambda_': 114.9304137293519, 'sigma2': 0.3909595012664795, 'p': 50, 'batch_size': 128, 'eval_every': 15, 'vgd_step_size': np.float64(0.02404166666666667), 'vgd_lengthscales': (np.float64(0.7625), np.float64(1.525), np.float64(3.05))}",0.36041
vgd,"{'gamma2': 0.7028282284736633, 'lambda_': 114.9304137293519, 'sigma2': 0.3909595012664795, 'p': 50, 'batch_size': 128, 'eval_every': 15, 'vgd_step_size': np.float64(0.02404166666666667), 'vgd_lengthscales': (np.float64(0.8020833333333334), np.float64(1.6041666666666667), np.float64(3.2083333333333335))}",0.36344
vgd,"{'gamma2': 0.7028282284736633, 'lambda_': 114.9304137293519, 'sigma2': 0.3909595012664795, 'p': 50, 'batch_size': 128, 'eval_every': 15, 'vgd_step_size': np.float64(0.02404166666666667), 'vgd_lengthscales': (np.float64(0.8416666666666667), np.float64(1.6833333333333333), np.float64(3.3666666666666667))}",0.36665
vgd,"{'gamma2': 0.7028282284736633, 'lambda_': 114.9304137293519, 'sigma2': 0.3909595012664795, 'p': 50, 'batch_size': 128, 'eval_every': 15, 'vgd_step_size': np.float64(0.02404166666666667), 'vgd_lengthscales': (np.float64(0.88125), np.float64(1.7625), np.float64(3.525))}",0.36950
vgd,"{'gamma2': 0.7028282284736633, 'lambda_': 114.9304137293519, 'sigma2': 0.3909595012664795, 'p': 50, 'batch_size': 128, 'eval_every': 15, 'vgd_step_size': np.float64(0.02404166666666667), 'vgd_lengthscales': (np.float64(0.9208333333333334), np.float64(1.8416666666666668), np.float64(3.6833333333333336))}",0.37223
vgd,"{'gamma2': 0.7028282284736633, 'lambda_': 114.9304137293519, 'sigma2': 0.3909595012664795, 'p': 50, 'batch_size': 128, 'eval_every': 15, 'vgd_step_size': np.float64(0.02404166666666667), 'vgd_lengthscales': (np.float64(0.9604166666666667), np.float64(1.9208333333333334), np.float64(3.841666666666667))}",0.37497
vgd,"{'gamma2': 0.7028282284736633, 'lambda_': 114.9304137293519, 'sigma2': 0.3909595012664795, 'p': 50, 'batch_size': 128, 'eval_every': 15, 'vgd_step_size': np.float64(0.02404166666666667), 'vgd_lengthscales': (np.float64(1.0), np.float64(2.0), np.float64(4.0))}",0.37777
vgd,"{'gamma2': 0.7028282284736633, 'lambda_': 114.9304137293519, 'sigma2': 0.3909595012664795, 'p': 50, 'batch_size': 128, 'eval_every': 15, 'vgd_step_size': np.float64(0.027333333333333334), 'vgd_lengthscales': (np.float64(0.05), np.float64(0.1), np.float64(0.2))}",0.28258
vgd,"{'gamma2': 0.7028282284736633, 'lambda_': 114.9304137293519, 'sigma2': 0.3909595012664795, 'p': 50, 'batch_size': 128, 'eval_every': 15, 'vgd_step_size': np.float64(0.027333333333333334), 'vgd_lengthscales': (np.float64(0.08958333333333333), np.float64(0.17916666666666667), np.float64(0.35833333333333334))}",0.28846
vgd,"{'gamma2': 0.7028282284736633, 'lambda_': 114.9304137293519, 'sigma2': 0.3909595012664795, 'p': 50, 'batch_size': 128, 'eval_every': 15, 'vgd_step_size': np.float64(0.027333333333333334), 'vgd_lengthscales': (np.float64(0.12916666666666665), np.float64(0.2583333333333333), np.float64(0.5166666666666666))}",0.29429
vgd,"{'gamma2': 0.7028282284736633, 'lambda_': 114.9304137293519, 'sigma2': 0.3909595012664795, 'p': 50, 'batch_size': 128, 'eval_every': 15, 'vgd_step_size': np.float64(0.027333333333333334), 'vgd_lengthscales': (np.float64(0.16875), np.float64(0.3375), np.float64(0.675))}",0.29946
vgd,"{'gamma2': 0.7028282284736633, 'lambda_': 114.9304137293519, 'sigma2': 0.3909595012664795, 'p': 50, 'batch_size': 128, 'eval_every': 15, 'vgd_step_size': np.float64(0.027333333333333334), 'vgd_lengthscales': (np.float64(0.20833333333333331), np.float64(0.41666666666666663), np.float64(0.8333333333333333))}",0.30430
vgd,"{'gamma2': 0.7028282284736633, 'lambda_': 114.9304137293519, 'sigma2': 0.3909595012664795, 'p': 50, 'batch_size': 128, 'eval_every': 15, 'vgd_step_size': np.float64(0.027333333333333334), 'vgd_lengthscales': (np.float64(0.24791666666666667), np.float64(0.49583333333333335), np.float64(0.9916666666666667))}",0.30897
vgd,"{'gamma2': 0.7028282284736633, 'lambda_': 114.9304137293519, 'sigma2': 0.3909595012664795, 'p': 50, 'batch_size': 128, 'eval_every': 15, 'vgd_step_size': np.float64(0.027333333333333334), 'vgd_lengthscales': (np.float64(0.2875), np.float64(0.575), np.float64(1.15))}",0.31317
vgd,"{'gamma2': 0.7028282284736633, 'lambda_': 114.9304137293519, 'sigma2': 0.3909595012664795, 'p': 50, 'batch_size': 128, 'eval_every': 15, 'vgd_step_size': np.float64(0.027333333333333334), 'vgd_lengthscales': (np.float64(0.32708333333333334), np.float64(0.6541666666666667), np.float64(1.3083333333333333))}",0.31726
vgd,"{'gamma2': 0.7028282284736633, 'lambda_': 114.9304137293519, 'sigma2': 0.3909595012664795, 'p': 50, 'batch_size': 128, 'eval_every': 15, 'vgd_step_size': np.float64(0.027333333333333334), 'vgd_lengthscales': (np.float64(0.36666666666666664), np.float64(0.7333333333333333), np.float64(1.4666666666666666))}",0.32101
vgd,"{'gamma2': 0.7028282284736633, 'lambda_': 114.9304137293519, 'sigma2': 0.3909595012664795, 'p': 50, 'batch_size': 128, 'eval_every': 15, 'vgd_step_size': np.float64(0.027333333333333334), 'vgd_lengthscales': (np.float64(0.40624999999999994), np.float64(0.8124999999999999), np.float64(1.6249999999999998))}",0.32451
vgd,"{'gamma2': 0.7028282284736633, 'lambda_': 114.9304137293519, 'sigma2': 0.3909595012664795, 'p': 50, 'batch_size': 128, 'eval_every': 15, 'vgd_step_size': np.float64(0.027333333333333334), 'vgd_lengthscales': (np.float64(0.4458333333333333), np.float64(0.8916666666666666), np.float64(1.7833333333333332))}",0.32772
vgd,"{'gamma2': 0.7028282284736633, 'lambda_': 114.9304137293519, 'sigma2': 0.3909595012664795, 'p': 50, 'batch_size': 128, 'eval_every': 15, 'vgd_step_size': np.float64(0.027333333333333334), 'vgd_lengthscales': (np.float64(0.48541666666666666), np.float64(0.9708333333333333), np.float64(1.9416666666666667))}",0.33126
vgd,"{'gamma2': 0.7028282284736633, 'lambda_': 114.9304137293519, 'sigma2': 0.3909595012664795, 'p': 50, 'batch_size': 128, 'eval_every': 15, 'vgd_step_size': np.float64(0.027333333333333334), 'vgd_lengthscales': (np.float64(0.525), np.float64(1.05), np.float64(2.1))}",0.33445
vgd,"{'gamma2': 0.7028282284736633, 'lambda_': 114.9304137293519, 'sigma2': 0.3909595012664795, 'p': 50, 'batch_size': 128, 'eval_every': 15, 'vgd_step_size': np.float64(0.027333333333333334), 'vgd_lengthscales': (np.float64(0.5645833333333333), np.float64(1.1291666666666667), np.float64(2.2583333333333333))}",0.33750
vgd,"{'gamma2': 0.7028282284736633, 'lambda_': 114.9304137293519, 'sigma2': 0.3909595012664795, 'p': 50, 'batch_size': 128, 'eval_every': 15, 'vgd_step_size': np.float64(0.027333333333333334), 'vgd_lengthscales': (np.float64(0.6041666666666667), np.float64(1.2083333333333335), np.float64(2.416666666666667))}",0.33999
vgd,"{'gamma2': 0.7028282284736633, 'lambda_': 114.9304137293519, 'sigma2': 0.3909595012664795, 'p': 50, 'batch_size': 128, 'eval_every': 15, 'vgd_step_size': np.float64(0.027333333333333334), 'vgd_lengthscales': (np.float64(0.64375), np.float64(1.2875), np.float64(2.575))}",0.34299
vgd,"{'gamma2': 0.7028282284736633, 'lambda_': 114.9304137293519, 'sigma2': 0.3909595012664795, 'p': 50, 'batch_size': 128, 'eval_every': 15, 'vgd_step_size': np.float64(0.027333333333333334), 'vgd_lengthscales': (np.float64(0.6833333333333333), np.float64(1.3666666666666667), np.float64(2.7333333333333334))}",0.34585
vgd,"{'gamma2': 0.7028282284736633, 'lambda_': 114.9304137293519, 'sigma2': 0.3909595012664795, 'p': 50, 'batch_size': 128, 'eval_every': 15, 'vgd_step_size': np.float64(0.027333333333333334), 'vgd_lengthscales': (np.float64(0.7229166666666667), np.float64(1.4458333333333333), np.float64(2.8916666666666666))}",0.34882
vgd,"{'gamma2': 0.7028282284736633, 'lambda_': 114.9304137293519, 'sigma2': 0.3909595012664795, 'p': 50, 'batch_size': 128, 'eval_every': 15, 'vgd_step_size': np.float64(0.027333333333333334), 'vgd_lengthscales': (np.float64(0.7625), np.float64(1.525), np.float64(3.05))}",0.35155
vgd,"{'gamma2': 0.7028282284736633, 'lambda_': 114.9304137293519, 'sigma2': 0.3909595012664795, 'p': 50, 'batch_size': 128, 'eval_every': 15, 'vgd_step_size': np.float64(0.027333333333333334), 'vgd_lengthscales': (np.float64(0.8020833333333334), np.float64(1.6041666666666667), np.float64(3.2083333333333335))}",0.35412
vgd,"{'gamma2': 0.7028282284736633, 'lambda_': 114.9304137293519, 'sigma2': 0.3909595012664795, 'p': 50, 'batch_size': 128, 'eval_every': 15, 'vgd_step_size': np.float64(0.027333333333333334), 'vgd_lengthscales': (np.float64(0.8416666666666667), np.float64(1.6833333333333333), np.float64(3.3666666666666667))}",0.35677
vgd,"{'gamma2': 0.7028282284736633, 'lambda_': 114.9304137293519, 'sigma2': 0.3909595012664795, 'p': 50, 'batch_size': 128, 'eval_every': 15, 'vgd_step_size': np.float64(0.027333333333333334), 'vgd_lengthscales': (np.float64(0.88125), np.float64(1.7625), np.float64(3.525))}",0.35937
vgd,"{'gamma2': 0.7028282284736633, 'lambda_': 114.9304137293519, 'sigma2': 0.3909595012664795, 'p': 50, 'batch_size': 128, 'eval_every': 15, 'vgd_step_size': np.float64(0.027333333333333334), 'vgd_lengthscales': (np.float64(0.9208333333333334), np.float64(1.8416666666666668), np.float64(3.6833333333333336))}",0.36198
vgd,"{'gamma2': 0.7028282284736633, 'lambda_': 114.9304137293519, 'sigma2': 0.3909595012664795, 'p': 50, 'batch_size': 128, 'eval_every': 15, 'vgd_step_size': np.float64(0.027333333333333334), 'vgd_lengthscales': (np.float64(0.9604166666666667), np.float64(1.9208333333333334), np.float64(3.841666666666667))}",0.36455
vgd,"{'gamma2': 0.7028282284736633, 'lambda_': 114.9304137293519, 'sigma2': 0.3909595012664795, 'p': 50, 'batch_size': 128, 'eval_every': 15, 'vgd_step_size': np.float64(0.027333333333333334), 'vgd_lengthscales': (np.float64(1.0), np.float64(2.0), np.float64(4.0))}",0.36716
vgd,"{'gamma2': 0.7028282284736633, 'lambda_': 114.9304137293519, 'sigma2': 0.3909595012664795, 'p': 50, 'batch_size': 128, 'eval_every': 15, 'vgd_step_size': np.float64(0.030625), 'vgd_lengthscales': (np.float64(0.05), np.float64(0.1), np.float64(0.2))}",0.28174
vgd,"{'gamma2': 0.7028282284736633, 'lambda_': 114.9304137293519, 'sigma2': 0.3909595012664795, 'p': 50, 'batch_size': 128, 'eval_every': 15, 'vgd_step_size': np.float64(0.030625), 'vgd_lengthscales': (np.float64(0.08958333333333333), np.float64(0.17916666666666667), np.float64(0.35833333333333334))}",0.28666
vgd,"{'gamma2': 0.7028282284736633, 'lambda_': 114.9304137293519, 'sigma2': 0.3909595012664795, 'p': 50, 'batch_size': 128, 'eval_every': 15, 'vgd_step_size': np.float64(0.030625), 'vgd_lengthscales': (np.float64(0.12916666666666665), np.float64(0.2583333333333333), np.float64(0.5166666666666666))}",0.29208
vgd,"{'gamma2': 0.7028282284736633, 'lambda_': 114.9304137293519, 'sigma2': 0.3909595012664795, 'p': 50, 'batch_size': 128, 'eval_every': 15, 'vgd_step_size': np.float64(0.030625), 'vgd_lengthscales': (np.float64(0.16875), np.float64(0.3375), np.float64(0.675))}",0.29708
vgd,"{'gamma2': 0.7028282284736633, 'lambda_': 114.9304137293519, 'sigma2': 0.3909595012664795, 'p': 50, 'batch_size': 128, 'eval_every': 15, 'vgd_step_size': np.float64(0.030625), 'vgd_lengthscales': (np.float64(0.20833333333333331), np.float64(0.41666666666666663), np.float64(0.8333333333333333))}",0.30144
vgd,"{'gamma2': 0.7028282284736633, 'lambda_': 114.9304137293519, 'sigma2': 0.3909595012664795, 'p': 50, 'batch_size': 128, 'eval_every': 15, 'vgd_step_size': np.float64(0.030625), 'vgd_lengthscales': (np.float64(0.24791666666666667), np.float64(0.49583333333333335), np.float64(0.9916666666666667))}",0.30515
vgd,"{'gamma2': 0.7028282284736633, 'lambda_': 114.9304137293519, 'sigma2': 0.3909595012664795, 'p': 50, 'batch_size': 128, 'eval_every': 15, 'vgd_step_size': np.float64(0.030625), 'vgd_lengthscales': (np.float64(0.2875), np.float64(0.575), np.float64(1.15))}",0.30923
vgd,"{'gamma2': 0.7028282284736633, 'lambda_': 114.9304137293519, 'sigma2': 0.3909595012664795, 'p': 50, 'batch_size': 128, 'eval_every': 15, 'vgd_step_size': np.float64(0.030625), 'vgd_lengthscales': (np.float64(0.32708333333333334), np.float64(0.6541666666666667), np.float64(1.3083333333333333))}",0.31233
vgd,"{'gamma2': 0.7028282284736633, 'lambda_': 114.9304137293519, 'sigma2': 0.3909595012664795, 'p': 50, 'batch_size': 128, 'eval_every': 15, 'vgd_step_size': np.float64(0.030625), 'vgd_lengthscales': (np.float64(0.36666666666666664), np.float64(0.7333333333333333), np.float64(1.4666666666666666))}",0.31639
vgd,"{'gamma2': 0.7028282284736633, 'lambda_': 114.9304137293519, 'sigma2': 0.3909595012664795, 'p': 50, 'batch_size': 128, 'eval_every': 15, 'vgd_step_size': np.float64(0.030625), 'vgd_lengthscales': (np.float64(0.40624999999999994), np.float64(0.8124999999999999), np.float64(1.6249999999999998))}",0.31966
vgd,"{'gamma2': 0.7028282284736633, 'lambda_': 114.9304137293519, 'sigma2': 0.3909595012664795, 'p': 50, 'batch_size': 128, 'eval_every': 15, 'vgd_step_size': np.float64(0.030625), 'vgd_lengthscales': (np.float64(0.4458333333333333), np.float64(0.8916666666666666), np.float64(1.7833333333333332))}",0.32298
vgd,"{'gamma2': 0.7028282284736633, 'lambda_': 114.9304137293519, 'sigma2': 0.3909595012664795, 'p': 50, 'batch_size': 128, 'eval_every': 15, 'vgd_step_size': np.float64(0.030625), 'vgd_lengthscales': (np.float64(0.48541666666666666), np.float64(0.9708333333333333), np.float64(1.9416666666666667))}",0.32612
vgd,"{'gamma2': 0.7028282284736633, 'lambda_': 114.9304137293519, 'sigma2': 0.3909595012664795, 'p': 50, 'batch_size': 128, 'eval_every': 15, 'vgd_step_size': np.float64(0.030625), 'vgd_lengthscales': (np.float64(0.525), np.float64(1.05), np.float64(2.1))}",0.32870
vgd,"{'gamma2': 0.7028282284736633, 'lambda_': 114.9304137293519, 'sigma2': 0.3909595012664795, 'p': 50, 'batch_size': 128, 'eval_every': 15, 'vgd_step_size': np.float64(0.030625), 'vgd_lengthscales': (np.float64(0.5645833333333333), np.float64(1.1291666666666667), np.float64(2.2583333333333333))}",0.33160
vgd,"{'gamma2': 0.7028282284736633, 'lambda_': 114.9304137293519, 'sigma2': 0.3909595012664795, 'p': 50, 'batch_size': 128, 'eval_every': 15, 'vgd_step_size': np.float64(0.030625), 'vgd_lengthscales': (np.float64(0.6041666666666667), np.float64(1.2083333333333335), np.float64(2.416666666666667))}",0.33424
vgd,"{'gamma2': 0.7028282284736633, 'lambda_': 114.9304137293519, 'sigma2': 0.3909595012664795, 'p': 50, 'batch_size': 128, 'eval_every': 15, 'vgd_step_size': np.float64(0.030625), 'vgd_lengthscales': (np.float64(0.64375), np.float64(1.2875), np.float64(2.575))}",0.33692
vgd,"{'gamma2': 0.7028282284736633, 'lambda_': 114.9304137293519, 'sigma2': 0.3909595012664795, 'p': 50, 'batch_size': 128, 'eval_every': 15, 'vgd_step_size': np.float64(0.030625), 'vgd_lengthscales': (np.float64(0.6833333333333333), np.float64(1.3666666666666667), np.float64(2.7333333333333334))}",0.33928
vgd,"{'gamma2': 0.7028282284736633, 'lambda_': 114.9304137293519, 'sigma2': 0.3909595012664795, 'p': 50, 'batch_size': 128, 'eval_every': 15, 'vgd_step_size': np.float64(0.030625), 'vgd_lengthscales': (np.float64(0.7229166666666667), np.float64(1.4458333333333333), np.float64(2.8916666666666666))}",0.34191
vgd,"{'gamma2': 0.7028282284736633, 'lambda_': 114.9304137293519, 'sigma2': 0.3909595012664795, 'p': 50, 'batch_size': 128, 'eval_every': 15, 'vgd_step_size': np.float64(0.030625), 'vgd_lengthscales': (np.float64(0.7625), np.float64(1.525), np.float64(3.05))}",0.34439
vgd,"{'gamma2': 0.7028282284736633, 'lambda_': 114.9304137293519, 'sigma2': 0.3909595012664795, 'p': 50, 'batch_size': 128, 'eval_every': 15, 'vgd_step_size': np.float64(0.030625), 'vgd_lengthscales': (np.float64(0.8020833333333334), np.float64(1.6041666666666667), np.float64(3.2083333333333335))}",0.34679
vgd,"{'gamma2': 0.7028282284736633, 'lambda_': 114.9304137293519, 'sigma2': 0.3909595012664795, 'p': 50, 'batch_size': 128, 'eval_every': 15, 'vgd_step_size': np.float64(0.030625), 'vgd_lengthscales': (np.float64(0.8416666666666667), np.float64(1.6833333333333333), np.float64(3.3666666666666667))}",0.34932
vgd,"{'gamma2': 0.7028282284736633, 'lambda_': 114.9304137293519, 'sigma2': 0.3909595012664795, 'p': 50, 'batch_size': 128, 'eval_every': 15, 'vgd_step_size': np.float64(0.030625), 'vgd_lengthscales': (np.float64(0.88125), np.float64(1.7625), np.float64(3.525))}",0.35177
vgd,"{'gamma2': 0.7028282284736633, 'lambda_': 114.9304137293519, 'sigma2': 0.3909595012664795, 'p': 50, 'batch_size': 128, 'eval_every': 15, 'vgd_step_size': np.float64(0.030625), 'vgd_lengthscales': (np.float64(0.9208333333333334), np.float64(1.8416666666666668), np.float64(3.6833333333333336))}",0.35421
vgd,"{'gamma2': 0.7028282284736633, 'lambda_': 114.9304137293519, 'sigma2': 0.3909595012664795, 'p': 50, 'batch_size': 128, 'eval_every': 15, 'vgd_step_size': np.float64(0.030625), 'vgd_lengthscales': (np.float64(0.9604166666666667), np.float64(1.9208333333333334), np.float64(3.841666666666667))}",0.35655
vgd,"{'gamma2': 0.7028282284736633, 'lambda_': 114.9304137293519, 'sigma2': 0.3909595012664795, 'p': 50, 'batch_size': 128, 'eval_every': 15, 'vgd_step_size': np.float64(0.030625), 'vgd_lengthscales': (np.float64(1.0), np.float64(2.0), np.float64(4.0))}",0.35884
vgd,"{'gamma2': 0.7028282284736633, 'lambda_': 114.9304137293519, 'sigma2': 0.3909595012664795, 'p': 50, 'batch_size': 128, 'eval_every': 15, 'vgd_step_size': np.float64(0.033916666666666664), 'vgd_lengthscales': (np.float64(0.05), np.float64(0.1), np.float64(0.2))}",0.28068
vgd,"{'gamma2': 0.7028282284736633, 'lambda_': 114.9304137293519, 'sigma2': 0.3909595012664795, 'p': 50, 'batch_size': 128, 'eval_every': 15, 'vgd_step_size': np.float64(0.033916666666666664), 'vgd_lengthscales': (np.float64(0.08958333333333333), np.float64(0.17916666666666667), np.float64(0.35833333333333334))}",0.28549
vgd,"{'gamma2': 0.7028282284736633, 'lambda_': 114.9304137293519, 'sigma2': 0.3909595012664795, 'p': 50, 'batch_size': 128, 'eval_every': 15, 'vgd_step_size': np.float64(0.033916666666666664), 'vgd_lengthscales': (np.float64(0.12916666666666665), np.float64(0.2583333333333333), np.float64(0.5166666666666666))}",0.29030
vgd,"{'gamma2': 0.7028282284736633, 'lambda_': 114.9304137293519, 'sigma2': 0.3909595012664795, 'p': 50, 'batch_size': 128, 'eval_every': 15, 'vgd_step_size': np.float64(0.033916666666666664), 'vgd_lengthscales': (np.float64(0.16875), np.float64(0.3375), np.float64(0.675))}",0.29511
vgd,"{'gamma2': 0.7028282284736633, 'lambda_': 114.9304137293519, 'sigma2': 0.3909595012664795, 'p': 50, 'batch_size': 128, 'eval_every': 15, 'vgd_step_size': np.float64(0.033916666666666664), 'vgd_lengthscales': (np.float64(0.20833333333333331), np.float64(0.41666666666666663), np.float64(0.8333333333333333))}",0.29911
vgd,"{'gamma2': 0.7028282284736633, 'lambda_': 114.9304137293519, 'sigma2': 0.3909595012664795, 'p': 50, 'batch_size': 128, 'eval_every': 15, 'vgd_step_size': np.float64(0.033916666666666664), 'vgd_lengthscales': (np.float64(0.24791666666666667), np.float64(0.49583333333333335), np.float64(0.9916666666666667))}",0.30261
vgd,"{'gamma2': 0.7028282284736633, 'lambda_': 114.9304137293519, 'sigma2': 0.3909595012664795, 'p': 50, 'batch_size': 128, 'eval_every': 15, 'vgd_step_size': np.float64(0.033916666666666664), 'vgd_lengthscales': (np.float64(0.2875), np.float64(0.575), np.float64(1.15))}",0.30643
vgd,"{'gamma2': 0.7028282284736633, 'lambda_': 114.9304137293519, 'sigma2': 0.3909595012664795, 'p': 50, 'batch_size': 128, 'eval_every': 15, 'vgd_step_size': np.float64(0.033916666666666664), 'vgd_lengthscales': (np.float64(0.32708333333333334), np.float64(0.6541666666666667), np.float64(1.3083333333333333))}",0.30963
vgd,"{'gamma2': 0.7028282284736633, 'lambda_': 114.9304137293519, 'sigma2': 0.3909595012664795, 'p': 50, 'batch_size': 128, 'eval_every': 15, 'vgd_step_size': np.float64(0.033916666666666664), 'vgd_lengthscales': (np.float64(0.36666666666666664), np.float64(0.7333333333333333), np.float64(1.4666666666666666))}",0.31272
vgd,"{'gamma2': 0.7028282284736633, 'lambda_': 114.9304137293519, 'sigma2': 0.3909595012664795, 'p': 50, 'batch_size': 128, 'eval_every': 15, 'vgd_step_size': np.float64(0.033916666666666664), 'vgd_lengthscales': (np.float64(0.40624999999999994), np.float64(0.8124999999999999), np.float64(1.6249999999999998))}",0.31561
vgd,"{'gamma2': 0.7028282284736633, 'lambda_': 114.9304137293519, 'sigma2': 0.3909595012664795, 'p': 50, 'batch_size': 128, 'eval_every': 15, 'vgd_step_size': np.float64(0.033916666666666664), 'vgd_lengthscales': (np.float64(0.4458333333333333), np.float64(0.8916666666666666), np.float64(1.7833333333333332))}",0.31863
vgd,"{'gamma2': 0.7028282284736633, 'lambda_': 114.9304137293519, 'sigma2': 0.3909595012664795, 'p': 50, 'batch_size': 128, 'eval_every': 15, 'vgd_step_size': np.float64(0.033916666666666664), 'vgd_lengthscales': (np.float64(0.48541666666666666), np.float64(0.9708333333333333), np.float64(1.9416666666666667))}",0.32109
vgd,"{'gamma2': 0.7028282284736633, 'lambda_': 114.9304137293519, 'sigma2': 0.3909595012664795, 'p': 50, 'batch_size': 128, 'eval_every': 15, 'vgd_step_size': np.float64(0.033916666666666664), 'vgd_lengthscales': (np.float64(0.525), np.float64(1.05), np.float64(2.1))}",0.32405
vgd,"{'gamma2': 0.7028282284736633, 'lambda_': 114.9304137293519, 'sigma2': 0.3909595012664795, 'p': 50, 'batch_size': 128, 'eval_every': 15, 'vgd_step_size': np.float64(0.033916666666666664), 'vgd_lengthscales': (np.float64(0.5645833333333333), np.float64(1.1291666666666667), np.float64(2.2583333333333333))}",0.32663
vgd,"{'gamma2': 0.7028282284736633, 'lambda_': 114.9304137293519, 'sigma2': 0.3909595012664795, 'p': 50, 'batch_size': 128, 'eval_every': 15, 'vgd_step_size': np.float64(0.033916666666666664), 'vgd_lengthscales': (np.float64(0.6041666666666667), np.float64(1.2083333333333335), np.float64(2.416666666666667))}",0.32905
vgd,"{'gamma2': 0.7028282284736633, 'lambda_': 114.9304137293519, 'sigma2': 0.3909595012664795, 'p': 50, 'batch_size': 128, 'eval_every': 15, 'vgd_step_size': np.float64(0.033916666666666664), 'vgd_lengthscales': (np.float64(0.64375), np.float64(1.2875), np.float64(2.575))}",0.33168
vgd,"{'gamma2': 0.7028282284736633, 'lambda_': 114.9304137293519, 'sigma2': 0.3909595012664795, 'p': 50, 'batch_size': 128, 'eval_every': 15, 'vgd_step_size': np.float64(0.033916666666666664), 'vgd_lengthscales': (np.float64(0.6833333333333333), np.float64(1.3666666666666667), np.float64(2.7333333333333334))}",0.33399
vgd,"{'gamma2': 0.7028282284736633, 'lambda_': 114.9304137293519, 'sigma2': 0.3909595012664795, 'p': 50, 'batch_size': 128, 'eval_every': 15, 'vgd_step_size': np.float64(0.033916666666666664), 'vgd_lengthscales': (np.float64(0.7229166666666667), np.float64(1.4458333333333333), np.float64(2.8916666666666666))}",0.33639
vgd,"{'gamma2': 0.7028282284736633, 'lambda_': 114.9304137293519, 'sigma2': 0.3909595012664795, 'p': 50, 'batch_size': 128, 'eval_every': 15, 'vgd_step_size': np.float64(0.033916666666666664), 'vgd_lengthscales': (np.float64(0.7625), np.float64(1.525), np.float64(3.05))}",0.33873
vgd,"{'gamma2': 0.7028282284736633, 'lambda_': 114.9304137293519, 'sigma2': 0.3909595012664795, 'p': 50, 'batch_size': 128, 'eval_every': 15, 'vgd_step_size': np.float64(0.033916666666666664), 'vgd_lengthscales': (np.float64(0.8020833333333334), np.float64(1.6041666666666667), np.float64(3.2083333333333335))}",0.34117
vgd,"{'gamma2': 0.7028282284736633, 'lambda_': 114.9304137293519, 'sigma2': 0.3909595012664795, 'p': 50, 'batch_size': 128, 'eval_every': 15, 'vgd_step_size': np.float64(0.033916666666666664), 'vgd_lengthscales': (np.float64(0.8416666666666667), np.float64(1.6833333333333333), np.float64(3.3666666666666667))}",0.34341
vgd,"{'gamma2': 0.7028282284736633, 'lambda_': 114.9304137293519, 'sigma2': 0.3909595012664795, 'p': 50, 'batch_size': 128, 'eval_every': 15, 'vgd_step_size': np.float64(0.033916666666666664), 'vgd_lengthscales': (np.float64(0.88125), np.float64(1.7625), np.float64(3.525))}",0.34548
vgd,"{'gamma2': 0.7028282284736633, 'lambda_': 114.9304137293519, 'sigma2': 0.3909595012664795, 'p': 50, 'batch_size': 128, 'eval_every': 15, 'vgd_step_size': np.float64(0.033916666666666664), 'vgd_lengthscales': (np.float64(0.9208333333333334), np.float64(1.8416666666666668), np.float64(3.6833333333333336))}",0.34769
vgd,"{'gamma2': 0.7028282284736633, 'lambda_': 114.9304137293519, 'sigma2': 0.3909595012664795, 'p': 50, 'batch_size': 128, 'eval_every': 15, 'vgd_step_size': np.float64(0.033916666666666664), 'vgd_lengthscales': (np.float64(0.9604166666666667), np.float64(1.9208333333333334), np.float64(3.841666666666667))}",0.34991
vgd,"{'gamma2': 0.7028282284736633, 'lambda_': 114.9304137293519, 'sigma2': 0.3909595012664795, 'p': 50, 'batch_size': 128, 'eval_every': 15, 'vgd_step_size': np.float64(0.033916666666666664), 'vgd_lengthscales': (np.float64(1.0), np.float64(2.0), np.float64(4.0))}",0.35209
vgd,"{'gamma2': 0.7028282284736633, 'lambda_': 114.9304137293519, 'sigma2': 0.3909595012664795, 'p': 50, 'batch_size': 128, 'eval_every': 15, 'vgd_step_size': np.float64(0.037208333333333336), 'vgd_lengthscales': (np.float64(0.05), np.float64(0.1), np.float64(0.2))}",0.27993
vgd,"{'gamma2': 0.7028282284736633, 'lambda_': 114.9304137293519, 'sigma2': 0.3909595012664795, 'p': 50, 'batch_size': 128, 'eval_every': 15, 'vgd_step_size': np.float64(0.037208333333333336), 'vgd_lengthscales': (np.float64(0.08958333333333333), np.float64(0.17916666666666667), np.float64(0.35833333333333334))}",0.28401
vgd,"{'gamma2': 0.7028282284736633, 'lambda_': 114.9304137293519, 'sigma2': 0.3909595012664795, 'p': 50, 'batch_size': 128, 'eval_every': 15, 'vgd_step_size': np.float64(0.037208333333333336), 'vgd_lengthscales': (np.float64(0.12916666666666665), np.float64(0.2583333333333333), np.float64(0.5166666666666666))}",0.28913
vgd,"{'gamma2': 0.7028282284736633, 'lambda_': 114.9304137293519, 'sigma2': 0.3909595012664795, 'p': 50, 'batch_size': 128, 'eval_every': 15, 'vgd_step_size': np.float64(0.037208333333333336), 'vgd_lengthscales': (np.float64(0.16875), np.float64(0.3375), np.float64(0.675))}",0.29309
vgd,"{'gamma2': 0.7028282284736633, 'lambda_': 114.9304137293519, 'sigma2': 0.3909595012664795, 'p': 50, 'batch_size': 128, 'eval_every': 15, 'vgd_step_size': np.float64(0.037208333333333336), 'vgd_lengthscales': (np.float64(0.20833333333333331), np.float64(0.41666666666666663), np.float64(0.8333333333333333))}",0.29689
vgd,"{'gamma2': 0.7028282284736633, 'lambda_': 114.9304137293519, 'sigma2': 0.3909595012664795, 'p': 50, 'batch_size': 128, 'eval_every': 15, 'vgd_step_size': np.float64(0.037208333333333336), 'vgd_lengthscales': (np.float64(0.24791666666666667), np.float64(0.49583333333333335), np.float64(0.9916666666666667))}",0.30036
vgd,"{'gamma2': 0.7028282284736633, 'lambda_': 114.9304137293519, 'sigma2': 0.3909595012664795, 'p': 50, 'batch_size': 128, 'eval_every': 15, 'vgd_step_size': np.float64(0.037208333333333336), 'vgd_lengthscales': (np.float64(0.2875), np.float64(0.575), np.float64(1.15))}",0.30395
vgd,"{'gamma2': 0.7028282284736633, 'lambda_': 114.9304137293519, 'sigma2': 0.3909595012664795, 'p': 50, 'batch_size': 128, 'eval_every': 15, 'vgd_step_size': np.float64(0.037208333333333336), 'vgd_lengthscales': (np.float64(0.32708333333333334), np.float64(0.6541666666666667), np.float64(1.3083333333333333))}",0.30678
vgd,"{'gamma2': 0.7028282284736633, 'lambda_': 114.9304137293519, 'sigma2': 0.3909595012664795, 'p': 50, 'batch_size': 128, 'eval_every': 15, 'vgd_step_size': np.float64(0.037208333333333336), 'vgd_lengthscales': (np.float64(0.36666666666666664), np.float64(0.7333333333333333), np.float64(1.4666666666666666))}",0.30987
vgd,"{'gamma2': 0.7028282284736633, 'lambda_': 114.9304137293519, 'sigma2': 0.3909595012664795, 'p': 50, 'batch_size': 128, 'eval_every': 15, 'vgd_step_size': np.float64(0.037208333333333336), 'vgd_lengthscales': (np.float64(0.40624999999999994), np.float64(0.8124999999999999), np.float64(1.6249999999999998))}",0.31268
vgd,"{'gamma2': 0.7028282284736633, 'lambda_': 114.9304137293519, 'sigma2': 0.3909595012664795, 'p': 50, 'batch_size': 128, 'eval_every': 15, 'vgd_step_size': np.float64(0.037208333333333336), 'vgd_lengthscales': (np.float64(0.4458333333333333), np.float64(0.8916666666666666), np.float64(1.7833333333333332))}",0.31492
vgd,"{'gamma2': 0.7028282284736633, 'lambda_': 114.9304137293519, 'sigma2': 0.3909595012664795, 'p': 50, 'batch_size': 128, 'eval_every': 15, 'vgd_step_size': np.float64(0.037208333333333336), 'vgd_lengthscales': (np.float64(0.48541666666666666), np.float64(0.9708333333333333), np.float64(1.9416666666666667))}",0.31778
vgd,"{'gamma2': 0.7028282284736633, 'lambda_': 114.9304137293519, 'sigma2': 0.3909595012664795, 'p': 50, 'batch_size': 128, 'eval_every': 15, 'vgd_step_size': np.float64(0.037208333333333336), 'vgd_lengthscales': (np.float64(0.525), np.float64(1.05), np.float64(2.1))}",0.31994
vgd,"{'gamma2': 0.7028282284736633, 'lambda_': 114.9304137293519, 'sigma2': 0.3909595012664795, 'p': 50, 'batch_size': 128, 'eval_every': 15, 'vgd_step_size': np.float64(0.037208333333333336), 'vgd_lengthscales': (np.float64(0.5645833333333333), np.float64(1.1291666666666667), np.float64(2.2583333333333333))}",0.32263
vgd,"{'gamma2': 0.7028282284736633, 'lambda_': 114.9304137293519, 'sigma2': 0.3909595012664795, 'p': 50, 'batch_size': 128, 'eval_every': 15, 'vgd_step_size': np.float64(0.037208333333333336), 'vgd_lengthscales': (np.float64(0.6041666666666667), np.float64(1.2083333333333335), np.float64(2.416666666666667))}",0.32473
vgd,"{'gamma2': 0.7028282284736633, 'lambda_': 114.9304137293519, 'sigma2': 0.3909595012664795, 'p': 50, 'batch_size': 128, 'eval_every': 15, 'vgd_step_size': np.float64(0.037208333333333336), 'vgd_lengthscales': (np.float64(0.64375), np.float64(1.2875), np.float64(2.575))}",0.32701
vgd,"{'gamma2': 0.7028282284736633, 'lambda_': 114.9304137293519, 'sigma2': 0.3909595012664795, 'p': 50, 'batch_size': 128, 'eval_every': 15, 'vgd_step_size': np.float64(0.037208333333333336), 'vgd_lengthscales': (np.float64(0.6833333333333333), np.float64(1.3666666666666667), np.float64(2.7333333333333334))}",0.32952
vgd,"{'gamma2': 0.7028282284736633, 'lambda_': 114.9304137293519, 'sigma2': 0.3909595012664795, 'p': 50, 'batch_size': 128, 'eval_every': 15, 'vgd_step_size': np.float64(0.037208333333333336), 'vgd_lengthscales': (np.float64(0.7229166666666667), np.float64(1.4458333333333333), np.float64(2.8916666666666666))}",0.33168
vgd,"{'gamma2': 0.7028282284736633, 'lambda_': 114.9304137293519, 'sigma2': 0.3909595012664795, 'p': 50, 'batch_size': 128, 'eval_every': 15, 'vgd_step_size': np.float64(0.037208333333333336), 'vgd_lengthscales': (np.float64(0.7625), np.float64(1.525), np.float64(3.05))}",0.33389
vgd,"{'gamma2': 0.7028282284736633, 'lambda_': 114.9304137293519, 'sigma2': 0.3909595012664795, 'p': 50, 'batch_size': 128, 'eval_every': 15, 'vgd_step_size': np.float64(0.037208333333333336), 'vgd_lengthscales': (np.float64(0.8020833333333334), np.float64(1.6041666666666667), np.float64(3.2083333333333335))}",0.33591
vgd,"{'gamma2': 0.7028282284736633, 'lambda_': 114.9304137293519, 'sigma2': 0.3909595012664795, 'p': 50, 'batch_size': 128, 'eval_every': 15, 'vgd_step_size': np.float64(0.037208333333333336), 'vgd_lengthscales': (np.float64(0.8416666666666667), np.float64(1.6833333333333333), np.float64(3.3666666666666667))}",0.33812
vgd,"{'gamma2': 0.7028282284736633, 'lambda_': 114.9304137293519, 'sigma2': 0.3909595012664795, 'p': 50, 'batch_size': 128, 'eval_every': 15, 'vgd_step_size': np.float64(0.037208333333333336), 'vgd_lengthscales': (np.float64(0.88125), np.float64(1.7625), np.float64(3.525))}",0.34032
vgd,"{'gamma2': 0.7028282284736633, 'lambda_': 114.9304137293519, 'sigma2': 0.3909595012664795, 'p': 50, 'batch_size': 128, 'eval_every': 15, 'vgd_step_size': np.float64(0.037208333333333336), 'vgd_lengthscales': (np.float64(0.9208333333333334), np.float64(1.8416666666666668), np.float64(3.6833333333333336))}",0.34243
vgd,"{'gamma2': 0.7028282284736633, 'lambda_': 114.9304137293519, 'sigma2': 0.3909595012664795, 'p': 50, 'batch_size': 128, 'eval_every': 15, 'vgd_step_size': np.float64(0.037208333333333336), 'vgd_lengthscales': (np.float64(0.9604166666666667), np.float64(1.9208333333333334), np.float64(3.841666666666667))}",0.34449
vgd,"{'gamma2': 0.7028282284736633, 'lambda_': 114.9304137293519, 'sigma2': 0.3909595012664795, 'p': 50, 'batch_size': 128, 'eval_every': 15, 'vgd_step_size': np.float64(0.037208333333333336), 'vgd_lengthscales': (np.float64(1.0), np.float64(2.0), np.float64(4.0))}",0.34639
vgd,"{'gamma2': 0.7028282284736633, 'lambda_': 114.9304137293519, 'sigma2': 0.3909595012664795, 'p': 50, 'batch_size': 128, 'eval_every': 15, 'vgd_step_size': np.float64(0.0405), 'vgd_lengthscales': (np.float64(0.05), np.float64(0.1), np.float64(0.2))}",0.27945
vgd,"{'gamma2': 0.7028282284736633, 'lambda_': 114.9304137293519, 'sigma2': 0.3909595012664795, 'p': 50, 'batch_size': 128, 'eval_every': 15, 'vgd_step_size': np.float64(0.0405), 'vgd_lengthscales': (np.float64(0.08958333333333333), np.float64(0.17916666666666667), np.float64(0.35833333333333334))}",0.28305
vgd,"{'gamma2': 0.7028282284736633, 'lambda_': 114.9304137293519, 'sigma2': 0.3909595012664795, 'p': 50, 'batch_size': 128, 'eval_every': 15, 'vgd_step_size': np.float64(0.0405), 'vgd_lengthscales': (np.float64(0.12916666666666665), np.float64(0.2583333333333333), np.float64(0.5166666666666666))}",0.28768
vgd,"{'gamma2': 0.7028282284736633, 'lambda_': 114.9304137293519, 'sigma2': 0.3909595012664795, 'p': 50, 'batch_size': 128, 'eval_every': 15, 'vgd_step_size': np.float64(0.0405), 'vgd_lengthscales': (np.float64(0.16875), np.float64(0.3375), np.float64(0.675))}",0.29161
vgd,"{'gamma2': 0.7028282284736633, 'lambda_': 114.9304137293519, 'sigma2': 0.3909595012664795, 'p': 50, 'batch_size': 128, 'eval_every': 15, 'vgd_step_size': np.float64(0.0405), 'vgd_lengthscales': (np.float64(0.20833333333333331), np.float64(0.41666666666666663), np.float64(0.8333333333333333))}",0.29530
vgd,"{'gamma2': 0.7028282284736633, 'lambda_': 114.9304137293519, 'sigma2': 0.3909595012664795, 'p': 50, 'batch_size': 128, 'eval_every': 15, 'vgd_step_size': np.float64(0.0405), 'vgd_lengthscales': (np.float64(0.24791666666666667), np.float64(0.49583333333333335), np.float64(0.9916666666666667))}",0.29819
vgd,"{'gamma2': 0.7028282284736633, 'lambda_': 114.9304137293519, 'sigma2': 0.3909595012664795, 'p': 50, 'batch_size': 128, 'eval_every': 15, 'vgd_step_size': np.float64(0.0405), 'vgd_lengthscales': (np.float64(0.2875), np.float64(0.575), np.float64(1.15))}",0.30147
vgd,"{'gamma2': 0.7028282284736633, 'lambda_': 114.9304137293519, 'sigma2': 0.3909595012664795, 'p': 50, 'batch_size': 128, 'eval_every': 15, 'vgd_step_size': np.float64(0.0405), 'vgd_lengthscales': (np.float64(0.32708333333333334), np.float64(0.6541666666666667), np.float64(1.3083333333333333))}",0.30430
vgd,"{'gamma2': 0.7028282284736633, 'lambda_': 114.9304137293519, 'sigma2': 0.3909595012664795, 'p': 50, 'batch_size': 128, 'eval_every': 15, 'vgd_step_size': np.float64(0.0405), 'vgd_lengthscales': (np.float64(0.36666666666666664), np.float64(0.7333333333333333), np.float64(1.4666666666666666))}",0.30709
vgd,"{'gamma2': 0.7028282284736633, 'lambda_': 114.9304137293519, 'sigma2': 0.3909595012664795, 'p': 50, 'batch_size': 128, 'eval_every': 15, 'vgd_step_size': np.float64(0.0405), 'vgd_lengthscales': (np.float64(0.40624999999999994), np.float64(0.8124999999999999), np.float64(1.6249999999999998))}",0.30922
vgd,"{'gamma2': 0.7028282284736633, 'lambda_': 114.9304137293519, 'sigma2': 0.3909595012664795, 'p': 50, 'batch_size': 128, 'eval_every': 15, 'vgd_step_size': np.float64(0.0405), 'vgd_lengthscales': (np.float64(0.4458333333333333), np.float64(0.8916666666666666), np.float64(1.7833333333333332))}",0.31221
vgd,"{'gamma2': 0.7028282284736633, 'lambda_': 114.9304137293519, 'sigma2': 0.3909595012664795, 'p': 50, 'batch_size': 128, 'eval_every': 15, 'vgd_step_size': np.float64(0.0405), 'vgd_lengthscales': (np.float64(0.48541666666666666), np.float64(0.9708333333333333), np.float64(1.9416666666666667))}",0.31433
vgd,"{'gamma2': 0.7028282284736633, 'lambda_': 114.9304137293519, 'sigma2': 0.3909595012664795, 'p': 50, 'batch_size': 128, 'eval_every': 15, 'vgd_step_size': np.float64(0.0405), 'vgd_lengthscales': (np.float64(0.525), np.float64(1.05), np.float64(2.1))}",0.31691
vgd,"{'gamma2': 0.7028282284736633, 'lambda_': 114.9304137293519, 'sigma2': 0.3909595012664795, 'p': 50, 'batch_size': 128, 'eval_every': 15, 'vgd_step_size': np.float64(0.0405), 'vgd_lengthscales': (np.float64(0.5645833333333333), np.float64(1.1291666666666667), np.float64(2.2583333333333333))}",0.31905
vgd,"{'gamma2': 0.7028282284736633, 'lambda_': 114.9304137293519, 'sigma2': 0.3909595012664795, 'p': 50, 'batch_size': 128, 'eval_every': 15, 'vgd_step_size': np.float64(0.0405), 'vgd_lengthscales': (np.float64(0.6041666666666667), np.float64(1.2083333333333335), np.float64(2.416666666666667))}",0.32118
vgd,"{'gamma2': 0.7028282284736633, 'lambda_': 114.9304137293519, 'sigma2': 0.3909595012664795, 'p': 50, 'batch_size': 128, 'eval_every': 15, 'vgd_step_size': np.float64(0.0405), 'vgd_lengthscales': (np.float64(0.64375), np.float64(1.2875), np.float64(2.575))}",0.32344
vgd,"{'gamma2': 0.7028282284736633, 'lambda_': 114.9304137293519, 'sigma2': 0.3909595012664795, 'p': 50, 'batch_size': 128, 'eval_every': 15, 'vgd_step_size': np.float64(0.0405), 'vgd_lengthscales': (np.float64(0.6833333333333333), np.float64(1.3666666666666667), np.float64(2.7333333333333334))}",0.32552
vgd,"{'gamma2': 0.7028282284736633, 'lambda_': 114.9304137293519, 'sigma2': 0.3909595012664795, 'p': 50, 'batch_size': 128, 'eval_every': 15, 'vgd_step_size': np.float64(0.0405), 'vgd_lengthscales': (np.float64(0.7229166666666667), np.float64(1.4458333333333333), np.float64(2.8916666666666666))}",0.32761
vgd,"{'gamma2': 0.7028282284736633, 'lambda_': 114.9304137293519, 'sigma2': 0.3909595012664795, 'p': 50, 'batch_size': 128, 'eval_every': 15, 'vgd_step_size': np.float64(0.0405), 'vgd_lengthscales': (np.float64(0.7625), np.float64(1.525), np.float64(3.05))}",0.32950
vgd,"{'gamma2': 0.7028282284736633, 'lambda_': 114.9304137293519, 'sigma2': 0.3909595012664795, 'p': 50, 'batch_size': 128, 'eval_every': 15, 'vgd_step_size': np.float64(0.0405), 'vgd_lengthscales': (np.float64(0.8020833333333334), np.float64(1.6041666666666667), np.float64(3.2083333333333335))}",0.33150
vgd,"{'gamma2': 0.7028282284736633, 'lambda_': 114.9304137293519, 'sigma2': 0.3909595012664795, 'p': 50, 'batch_size': 128, 'eval_every': 15, 'vgd_step_size': np.float64(0.0405), 'vgd_lengthscales': (np.float64(0.8416666666666667), np.float64(1.6833333333333333), np.float64(3.3666666666666667))}",0.33357
vgd,"{'gamma2': 0.7028282284736633, 'lambda_': 114.9304137293519, 'sigma2': 0.3909595012664795, 'p': 50, 'batch_size': 128, 'eval_every': 15, 'vgd_step_size': np.float64(0.0405), 'vgd_lengthscales': (np.float64(0.88125), np.float64(1.7625), np.float64(3.525))}",0.33550
vgd,"{'gamma2': 0.7028282284736633, 'lambda_': 114.9304137293519, 'sigma2': 0.3909595012664795, 'p': 50, 'batch_size': 128, 'eval_every': 15, 'vgd_step_size': np.float64(0.0405), 'vgd_lengthscales': (np.float64(0.9208333333333334), np.float64(1.8416666666666668), np.float64(3.6833333333333336))}",0.33750
vgd,"{'gamma2': 0.7028282284736633, 'lambda_': 114.9304137293519, 'sigma2': 0.3909595012664795, 'p': 50, 'batch_size': 128, 'eval_every': 15, 'vgd_step_size': np.float64(0.0405), 'vgd_lengthscales': (np.float64(0.9604166666666667), np.float64(1.9208333333333334), np.float64(3.841666666666667))}",0.33959
vgd,"{'gamma2': 0.7028282284736633, 'lambda_': 114.9304137293519, 'sigma2': 0.3909595012664795, 'p': 50, 'batch_size': 128, 'eval_every': 15, 'vgd_step_size': np.float64(0.0405), 'vgd_lengthscales': (np.float64(1.0), np.float64(2.0), np.float64(4.0))}",0.34169
vgd,"{'gamma2': 0.7028282284736633, 'lambda_': 114.9304137293519, 'sigma2': 0.3909595012664795, 'p': 50, 'batch_size': 128, 'eval_every': 15, 'vgd_step_size': np.float64(0.043791666666666666), 'vgd_lengthscales': (np.float64(0.05), np.float64(0.1), np.float64(0.2))}",0.28008
vgd,"{'gamma2': 0.7028282284736633, 'lambda_': 114.9304137293519, 'sigma2': 0.3909595012664795, 'p': 50, 'batch_size': 128, 'eval_every': 15, 'vgd_step_size': np.float64(0.043791666666666666), 'vgd_lengthscales': (np.float64(0.08958333333333333), np.float64(0.17916666666666667), np.float64(0.35833333333333334))}",0.28212
vgd,"{'gamma2': 0.7028282284736633, 'lambda_': 114.9304137293519, 'sigma2': 0.3909595012664795, 'p': 50, 'batch_size': 128, 'eval_every': 15, 'vgd_step_size': np.float64(0.043791666666666666), 'vgd_lengthscales': (np.float64(0.12916666666666665), np.float64(0.2583333333333333), np.float64(0.5166666666666666))}",0.28651
vgd,"{'gamma2': 0.7028282284736633, 'lambda_': 114.9304137293519, 'sigma2': 0.3909595012664795, 'p': 50, 'batch_size': 128, 'eval_every': 15, 'vgd_step_size': np.float64(0.043791666666666666), 'vgd_lengthscales': (np.float64(0.16875), np.float64(0.3375), np.float64(0.675))}",0.29029
vgd,"{'gamma2': 0.7028282284736633, 'lambda_': 114.9304137293519, 'sigma2': 0.3909595012664795, 'p': 50, 'batch_size': 128, 'eval_every': 15, 'vgd_step_size': np.float64(0.043791666666666666), 'vgd_lengthscales': (np.float64(0.20833333333333331), np.float64(0.41666666666666663), np.float64(0.8333333333333333))}",0.29378
vgd,"{'gamma2': 0.7028282284736633, 'lambda_': 114.9304137293519, 'sigma2': 0.3909595012664795, 'p': 50, 'batch_size': 128, 'eval_every': 15, 'vgd_step_size': np.float64(0.043791666666666666), 'vgd_lengthscales': (np.float64(0.24791666666666667), np.float64(0.49583333333333335), np.float64(0.9916666666666667))}",0.29656
vgd,"{'gamma2': 0.7028282284736633, 'lambda_': 114.9304137293519, 'sigma2': 0.3909595012664795, 'p': 50, 'batch_size': 128, 'eval_every': 15, 'vgd_step_size': np.float64(0.043791666666666666), 'vgd_lengthscales': (np.float64(0.2875), np.float64(0.575), np.float64(1.15))}",0.29943
vgd,"{'gamma2': 0.7028282284736633, 'lambda_': 114.9304137293519, 'sigma2': 0.3909595012664795, 'p': 50, 'batch_size': 128, 'eval_every': 15, 'vgd_step_size': np.float64(0.043791666666666666), 'vgd_lengthscales': (np.float64(0.32708333333333334), np.float64(0.6541666666666667), np.float64(1.3083333333333333))}",0.30234
vgd,"{'gamma2': 0.7028282284736633, 'lambda_': 114.9304137293519, 'sigma2': 0.3909595012664795, 'p': 50, 'batch_size': 128, 'eval_every': 15, 'vgd_step_size': np.float64(0.043791666666666666), 'vgd_lengthscales': (np.float64(0.36666666666666664), np.float64(0.7333333333333333), np.float64(1.4666666666666666))}",0.30464
vgd,"{'gamma2': 0.7028282284736633, 'lambda_': 114.9304137293519, 'sigma2': 0.3909595012664795, 'p': 50, 'batch_size': 128, 'eval_every': 15, 'vgd_step_size': np.float64(0.043791666666666666), 'vgd_lengthscales': (np.float64(0.40624999999999994), np.float64(0.8124999999999999), np.float64(1.6249999999999998))}",0.30690
vgd,"{'gamma2': 0.7028282284736633, 'lambda_': 114.9304137293519, 'sigma2': 0.3909595012664795, 'p': 50, 'batch_size': 128, 'eval_every': 15, 'vgd_step_size': np.float64(0.043791666666666666), 'vgd_lengthscales': (np.float64(0.4458333333333333), np.float64(0.8916666666666666), np.float64(1.7833333333333332))}",0.30972
vgd,"{'gamma2': 0.7028282284736633, 'lambda_': 114.9304137293519, 'sigma2': 0.3909595012664795, 'p': 50, 'batch_size': 128, 'eval_every': 15, 'vgd_step_size': np.float64(0.043791666666666666), 'vgd_lengthscales': (np.float64(0.48541666666666666), np.float64(0.9708333333333333), np.float64(1.9416666666666667))}",0.31185
vgd,"{'gamma2': 0.7028282284736633, 'lambda_': 114.9304137293519, 'sigma2': 0.3909595012664795, 'p': 50, 'batch_size': 128, 'eval_every': 15, 'vgd_step_size': np.float64(0.043791666666666666), 'vgd_lengthscales': (np.float64(0.525), np.float64(1.05), np.float64(2.1))}",0.31413
vgd,"{'gamma2': 0.7028282284736633, 'lambda_': 114.9304137293519, 'sigma2': 0.3909595012664795, 'p': 50, 'batch_size': 128, 'eval_every': 15, 'vgd_step_size': np.float64(0.043791666666666666), 'vgd_lengthscales': (np.float64(0.5645833333333333), np.float64(1.1291666666666667), np.float64(2.2583333333333333))}",0.31648
vgd,"{'gamma2': 0.7028282284736633, 'lambda_': 114.9304137293519, 'sigma2': 0.3909595012664795, 'p': 50, 'batch_size': 128, 'eval_every': 15, 'vgd_step_size': np.float64(0.043791666666666666), 'vgd_lengthscales': (np.float64(0.6041666666666667), np.float64(1.2083333333333335), np.float64(2.416666666666667))}",0.31864
vgd,"{'gamma2': 0.7028282284736633, 'lambda_': 114.9304137293519, 'sigma2': 0.3909595012664795, 'p': 50, 'batch_size': 128, 'eval_every': 15, 'vgd_step_size': np.float64(0.043791666666666666), 'vgd_lengthscales': (np.float64(0.64375), np.float64(1.2875), np.float64(2.575))}",0.32075
vgd,"{'gamma2': 0.7028282284736633, 'lambda_': 114.9304137293519, 'sigma2': 0.3909595012664795, 'p': 50, 'batch_size': 128, 'eval_every': 15, 'vgd_step_size': np.float64(0.043791666666666666), 'vgd_lengthscales': (np.float64(0.6833333333333333), np.float64(1.3666666666666667), np.float64(2.7333333333333334))}",0.32277
vgd,"{'gamma2': 0.7028282284736633, 'lambda_': 114.9304137293519, 'sigma2': 0.3909595012664795, 'p': 50, 'batch_size': 128, 'eval_every': 15, 'vgd_step_size': np.float64(0.043791666666666666), 'vgd_lengthscales': (np.float64(0.7229166666666667), np.float64(1.4458333333333333), np.float64(2.8916666666666666))}",0.32467
vgd,"{'gamma2': 0.7028282284736633, 'lambda_': 114.9304137293519, 'sigma2': 0.3909595012664795, 'p': 50, 'batch_size': 128, 'eval_every': 15, 'vgd_step_size': np.float64(0.043791666666666666), 'vgd_lengthscales': (np.float64(0.7625), np.float64(1.525), np.float64(3.05))}",0.32681
vgd,"{'gamma2': 0.7028282284736633, 'lambda_': 114.9304137293519, 'sigma2': 0.3909595012664795, 'p': 50, 'batch_size': 128, 'eval_every': 15, 'vgd_step_size': np.float64(0.043791666666666666), 'vgd_lengthscales': (np.float64(0.8020833333333334), np.float64(1.6041666666666667), np.float64(3.2083333333333335))}",0.32861
vgd,"{'gamma2': 0.7028282284736633, 'lambda_': 114.9304137293519, 'sigma2': 0.3909595012664795, 'p': 50, 'batch_size': 128, 'eval_every': 15, 'vgd_step_size': np.float64(0.043791666666666666), 'vgd_lengthscales': (np.float64(0.8416666666666667), np.float64(1.6833333333333333), np.float64(3.3666666666666667))}",0.33032
vgd,"{'gamma2': 0.7028282284736633, 'lambda_': 114.9304137293519, 'sigma2': 0.3909595012664795, 'p': 50, 'batch_size': 128, 'eval_every': 15, 'vgd_step_size': np.float64(0.043791666666666666), 'vgd_lengthscales': (np.float64(0.88125), np.float64(1.7625), np.float64(3.525))}",0.33209
vgd,"{'gamma2': 0.7028282284736633, 'lambda_': 114.9304137293519, 'sigma2': 0.3909595012664795, 'p': 50, 'batch_size': 128, 'eval_every': 15, 'vgd_step_size': np.float64(0.043791666666666666), 'vgd_lengthscales': (np.float64(0.9208333333333334), np.float64(1.8416666666666668), np.float64(3.6833333333333336))}",0.33391
vgd,"{'gamma2': 0.7028282284736633, 'lambda_': 114.9304137293519, 'sigma2': 0.3909595012664795, 'p': 50, 'batch_size': 128, 'eval_every': 15, 'vgd_step_size': np.float64(0.043791666666666666), 'vgd_lengthscales': (np.float64(0.9604166666666667), np.float64(1.9208333333333334), np.float64(3.841666666666667))}",0.33556
vgd,"{'gamma2': 0.7028282284736633, 'lambda_': 114.9304137293519, 'sigma2': 0.3909595012664795, 'p': 50, 'batch_size': 128, 'eval_every': 15, 'vgd_step_size': np.float64(0.043791666666666666), 'vgd_lengthscales': (np.float64(1.0), np.float64(2.0), np.float64(4.0))}",0.33733
vgd,"{'gamma2': 0.7028282284736633, 'lambda_': 114.9304137293519, 'sigma2': 0.3909595012664795, 'p': 50, 'batch_size': 128, 'eval_every': 15, 'vgd_step_size': np.float64(0.04708333333333334), 'vgd_lengthscales': (np.float64(0.05), np.float64(0.1), np.float64(0.2))}",0.27952
vgd,"{'gamma2': 0.7028282284736633, 'lambda_': 114.9304137293519, 'sigma2': 0.3909595012664795, 'p': 50, 'batch_size': 128, 'eval_every': 15, 'vgd_step_size': np.float64(0.04708333333333334), 'vgd_lengthscales': (np.float64(0.08958333333333333), np.float64(0.17916666666666667), np.float64(0.35833333333333334))}",0.28170
vgd,"{'gamma2': 0.7028282284736633, 'lambda_': 114.9304137293519, 'sigma2': 0.3909595012664795, 'p': 50, 'batch_size': 128, 'eval_every': 15, 'vgd_step_size': np.float64(0.04708333333333334), 'vgd_lengthscales': (np.float64(0.12916666666666665), np.float64(0.2583333333333333), np.float64(0.5166666666666666))}",0.28604
vgd,"{'gamma2': 0.7028282284736633, 'lambda_': 114.9304137293519, 'sigma2': 0.3909595012664795, 'p': 50, 'batch_size': 128, 'eval_every': 15, 'vgd_step_size': np.float64(0.04708333333333334), 'vgd_lengthscales': (np.float64(0.16875), np.float64(0.3375), np.float64(0.675))}",0.28955
vgd,"{'gamma2': 0.7028282284736633, 'lambda_': 114.9304137293519, 'sigma2': 0.3909595012664795, 'p': 50, 'batch_size': 128, 'eval_every': 15, 'vgd_step_size': np.float64(0.04708333333333334), 'vgd_lengthscales': (np.float64(0.20833333333333331), np.float64(0.41666666666666663), np.float64(0.8333333333333333))}",0.29269
vgd,"{'gamma2': 0.7028282284736633, 'lambda_': 114.9304137293519, 'sigma2': 0.3909595012664795, 'p': 50, 'batch_size': 128, 'eval_every': 15, 'vgd_step_size': np.float64(0.04708333333333334), 'vgd_lengthscales': (np.float64(0.24791666666666667), np.float64(0.49583333333333335), np.float64(0.9916666666666667))}",0.29529
vgd,"{'gamma2': 0.7028282284736633, 'lambda_': 114.9304137293519, 'sigma2': 0.3909595012664795, 'p': 50, 'batch_size': 128, 'eval_every': 15, 'vgd_step_size': np.float64(0.04708333333333334), 'vgd_lengthscales': (np.float64(0.2875), np.float64(0.575), np.float64(1.15))}",0.29786
vgd,"{'gamma2': 0.7028282284736633, 'lambda_': 114.9304137293519, 'sigma2': 0.3909595012664795, 'p': 50, 'batch_size': 128, 'eval_every': 15, 'vgd_step_size': np.float64(0.04708333333333334), 'vgd_lengthscales': (np.float64(0.32708333333333334), np.float64(0.6541666666666667), np.float64(1.3083333333333333))}",0.30079
vgd,"{'gamma2': 0.7028282284736633, 'lambda_': 114.9304137293519, 'sigma2': 0.3909595012664795, 'p': 50, 'batch_size': 128, 'eval_every': 15, 'vgd_step_size': np.float64(0.04708333333333334), 'vgd_lengthscales': (np.float64(0.36666666666666664), np.float64(0.7333333333333333), np.float64(1.4666666666666666))}",0.30275
vgd,"{'gamma2': 0.7028282284736633, 'lambda_': 114.9304137293519, 'sigma2': 0.3909595012664795, 'p': 50, 'batch_size': 128, 'eval_every': 15, 'vgd_step_size': np.float64(0.04708333333333334), 'vgd_lengthscales': (np.float64(0.40624999999999994), np.float64(0.8124999999999999), np.float64(1.6249999999999998))}",0.30521
vgd,"{'gamma2': 0.7028282284736633, 'lambda_': 114.9304137293519, 'sigma2': 0.3909595012664795, 'p': 50, 'batch_size': 128, 'eval_every': 15, 'vgd_step_size': np.float64(0.04708333333333334), 'vgd_lengthscales': (np.float64(0.4458333333333333), np.float64(0.8916666666666666), np.float64(1.7833333333333332))}",0.30775
vgd,"{'gamma2': 0.7028282284736633, 'lambda_': 114.9304137293519, 'sigma2': 0.3909595012664795, 'p': 50, 'batch_size': 128, 'eval_every': 15, 'vgd_step_size': np.float64(0.04708333333333334), 'vgd_lengthscales': (np.float64(0.48541666666666666), np.float64(0.9708333333333333), np.float64(1.9416666666666667))}",0.30966
vgd,"{'gamma2': 0.7028282284736633, 'lambda_': 114.9304137293519, 'sigma2': 0.3909595012664795, 'p': 50, 'batch_size': 128, 'eval_every': 15, 'vgd_step_size': np.float64(0.04708333333333334), 'vgd_lengthscales': (np.float64(0.525), np.float64(1.05), np.float64(2.1))}",0.31215
vgd,"{'gamma2': 0.7028282284736633, 'lambda_': 114.9304137293519, 'sigma2': 0.3909595012664795, 'p': 50, 'batch_size': 128, 'eval_every': 15, 'vgd_step_size': np.float64(0.04708333333333334), 'vgd_lengthscales': (np.float64(0.5645833333333333), np.float64(1.1291666666666667), np.float64(2.2583333333333333))}",0.31378
vgd,"{'gamma2': 0.7028282284736633, 'lambda_': 114.9304137293519, 'sigma2': 0.3909595012664795, 'p': 50, 'batch_size': 128, 'eval_every': 15, 'vgd_step_size': np.float64(0.04708333333333334), 'vgd_lengthscales': (np.float64(0.6041666666666667), np.float64(1.2083333333333335), np.float64(2.416666666666667))}",0.31600
vgd,"{'gamma2': 0.7028282284736633, 'lambda_': 114.9304137293519, 'sigma2': 0.3909595012664795, 'p': 50, 'batch_size': 128, 'eval_every': 15, 'vgd_step_size': np.float64(0.04708333333333334), 'vgd_lengthscales': (np.float64(0.64375), np.float64(1.2875), np.float64(2.575))}",0.31791
vgd,"{'gamma2': 0.7028282284736633, 'lambda_': 114.9304137293519, 'sigma2': 0.3909595012664795, 'p': 50, 'batch_size': 128, 'eval_every': 15, 'vgd_step_size': np.float64(0.04708333333333334), 'vgd_lengthscales': (np.float64(0.6833333333333333), np.float64(1.3666666666666667), np.float64(2.7333333333333334))}",0.31987
vgd,"{'gamma2': 0.7028282284736633, 'lambda_': 114.9304137293519, 'sigma2': 0.3909595012664795, 'p': 50, 'batch_size': 128, 'eval_every': 15, 'vgd_step_size': np.float64(0.04708333333333334), 'vgd_lengthscales': (np.float64(0.7229166666666667), np.float64(1.4458333333333333), np.float64(2.8916666666666666))}",0.32173
vgd,"{'gamma2': 0.7028282284736633, 'lambda_': 114.9304137293519, 'sigma2': 0.3909595012664795, 'p': 50, 'batch_size': 128, 'eval_every': 15, 'vgd_step_size': np.float64(0.04708333333333334), 'vgd_lengthscales': (np.float64(0.7625), np.float64(1.525), np.float64(3.05))}",0.32368
vgd,"{'gamma2': 0.7028282284736633, 'lambda_': 114.9304137293519, 'sigma2': 0.3909595012664795, 'p': 50, 'batch_size': 128, 'eval_every': 15, 'vgd_step_size': np.float64(0.04708333333333334), 'vgd_lengthscales': (np.float64(0.8020833333333334), np.float64(1.6041666666666667), np.float64(3.2083333333333335))}",0.32578
vgd,"{'gamma2': 0.7028282284736633, 'lambda_': 114.9304137293519, 'sigma2': 0.3909595012664795, 'p': 50, 'batch_size': 128, 'eval_every': 15, 'vgd_step_size': np.float64(0.04708333333333334), 'vgd_lengthscales': (np.float64(0.8416666666666667), np.float64(1.6833333333333333), np.float64(3.3666666666666667))}",0.32747
vgd,"{'gamma2': 0.7028282284736633, 'lambda_': 114.9304137293519, 'sigma2': 0.3909595012664795, 'p': 50, 'batch_size': 128, 'eval_every': 15, 'vgd_step_size': np.float64(0.04708333333333334), 'vgd_lengthscales': (np.float64(0.88125), np.float64(1.7625), np.float64(3.525))}",0.32930
vgd,"{'gamma2': 0.7028282284736633, 'lambda_': 114.9304137293519, 'sigma2': 0.3909595012664795, 'p': 50, 'batch_size': 128, 'eval_every': 15, 'vgd_step_size': np.float64(0.04708333333333334), 'vgd_lengthscales': (np.float64(0.9208333333333334), np.float64(1.8416666666666668), np.float64(3.6833333333333336))}",0.33107
vgd,"{'gamma2': 0.7028282284736633, 'lambda_': 114.9304137293519, 'sigma2': 0.3909595012664795, 'p': 50, 'batch_size': 128, 'eval_every': 15, 'vgd_step_size': np.float64(0.04708333333333334), 'vgd_lengthscales': (np.float64(0.9604166666666667), np.float64(1.9208333333333334), np.float64(3.841666666666667))}",0.33268
vgd,"{'gamma2': 0.7028282284736633, 'lambda_': 114.9304137293519, 'sigma2': 0.3909595012664795, 'p': 50, 'batch_size': 128, 'eval_every': 15, 'vgd_step_size': np.float64(0.04708333333333334), 'vgd_lengthscales': (np.float64(1.0), np.float64(2.0), np.float64(4.0))}",0.33442
vgd,"{'gamma2': 0.7028282284736633, 'lambda_': 114.9304137293519, 'sigma2': 0.3909595012664795, 'p': 50, 'batch_size': 128, 'eval_every': 15, 'vgd_step_size': np.float64(0.050375), 'vgd_lengthscales': (np.float64(0.05), np.float64(0.1), np.float64(0.2))}",0.27992
vgd,"{'gamma2': 0.7028282284736633, 'lambda_': 114.9304137293519, 'sigma2': 0.3909595012664795, 'p': 50, 'batch_size': 128, 'eval_every': 15, 'vgd_step_size': np.float64(0.050375), 'vgd_lengthscales': (np.float64(0.08958333333333333), np.float64(0.17916666666666667), np.float64(0.35833333333333334))}",0.28201
vgd,"{'gamma2': 0.7028282284736633, 'lambda_': 114.9304137293519, 'sigma2': 0.3909595012664795, 'p': 50, 'batch_size': 128, 'eval_every': 15, 'vgd_step_size': np.float64(0.050375), 'vgd_lengthscales': (np.float64(0.12916666666666665), np.float64(0.2583333333333333), np.float64(0.5166666666666666))}",0.28550
vgd,"{'gamma2': 0.7028282284736633, 'lambda_': 114.9304137293519, 'sigma2': 0.3909595012664795, 'p': 50, 'batch_size': 128, 'eval_every': 15, 'vgd_step_size': np.float64(0.050375), 'vgd_lengthscales': (np.float64(0.16875), np.float64(0.3375), np.float64(0.675))}",0.28959
vgd,"{'gamma2': 0.7028282284736633, 'lambda_': 114.9304137293519, 'sigma2': 0.3909595012664795, 'p': 50, 'batch_size': 128, 'eval_every': 15, 'vgd_step_size': np.float64(0.050375), 'vgd_lengthscales': (np.float64(0.20833333333333331), np.float64(0.41666666666666663), np.float64(0.8333333333333333))}",0.29180
vgd,"{'gamma2': 0.7028282284736633, 'lambda_': 114.9304137293519, 'sigma2': 0.3909595012664795, 'p': 50, 'batch_size': 128, 'eval_every': 15, 'vgd_step_size': np.float64(0.050375), 'vgd_lengthscales': (np.float64(0.24791666666666667), np.float64(0.49583333333333335), np.float64(0.9916666666666667))}",0.29487
vgd,"{'gamma2': 0.7028282284736633, 'lambda_': 114.9304137293519, 'sigma2': 0.3909595012664795, 'p': 50, 'batch_size': 128, 'eval_every': 15, 'vgd_step_size': np.float64(0.050375), 'vgd_lengthscales': (np.float64(0.2875), np.float64(0.575), np.float64(1.15))}",0.29688
vgd,"{'gamma2': 0.7028282284736633, 'lambda_': 114.9304137293519, 'sigma2': 0.3909595012664795, 'p': 50, 'batch_size': 128, 'eval_every': 15, 'vgd_step_size': np.float64(0.050375), 'vgd_lengthscales': (np.float64(0.32708333333333334), np.float64(0.6541666666666667), np.float64(1.3083333333333333))}",0.29916
vgd,"{'gamma2': 0.7028282284736633, 'lambda_': 114.9304137293519, 'sigma2': 0.3909595012664795, 'p': 50, 'batch_size': 128, 'eval_every': 15, 'vgd_step_size': np.float64(0.050375), 'vgd_lengthscales': (np.float64(0.36666666666666664), np.float64(0.7333333333333333), np.float64(1.4666666666666666))}",0.30182
vgd,"{'gamma2': 0.7028282284736633, 'lambda_': 114.9304137293519, 'sigma2': 0.3909595012664795, 'p': 50, 'batch_size': 128, 'eval_every': 15, 'vgd_step_size': np.float64(0.050375), 'vgd_lengthscales': (np.float64(0.40624999999999994), np.float64(0.8124999999999999), np.float64(1.6249999999999998))}",0.30349
vgd,"{'gamma2': 0.7028282284736633, 'lambda_': 114.9304137293519, 'sigma2': 0.3909595012664795, 'p': 50, 'batch_size': 128, 'eval_every': 15, 'vgd_step_size': np.float64(0.050375), 'vgd_lengthscales': (np.float64(0.4458333333333333), np.float64(0.8916666666666666), np.float64(1.7833333333333332))}",0.30599
vgd,"{'gamma2': 0.7028282284736633, 'lambda_': 114.9304137293519, 'sigma2': 0.3909595012664795, 'p': 50, 'batch_size': 128, 'eval_every': 15, 'vgd_step_size': np.float64(0.050375), 'vgd_lengthscales': (np.float64(0.48541666666666666), np.float64(0.9708333333333333), np.float64(1.9416666666666667))}",0.30795
vgd,"{'gamma2': 0.7028282284736633, 'lambda_': 114.9304137293519, 'sigma2': 0.3909595012664795, 'p': 50, 'batch_size': 128, 'eval_every': 15, 'vgd_step_size': np.float64(0.050375), 'vgd_lengthscales': (np.float64(0.525), np.float64(1.05), np.float64(2.1))}",0.31018
vgd,"{'gamma2': 0.7028282284736633, 'lambda_': 114.9304137293519, 'sigma2': 0.3909595012664795, 'p': 50, 'batch_size': 128, 'eval_every': 15, 'vgd_step_size': np.float64(0.050375), 'vgd_lengthscales': (np.float64(0.5645833333333333), np.float64(1.1291666666666667), np.float64(2.2583333333333333))}",0.31194
vgd,"{'gamma2': 0.7028282284736633, 'lambda_': 114.9304137293519, 'sigma2': 0.3909595012664795, 'p': 50, 'batch_size': 128, 'eval_every': 15, 'vgd_step_size': np.float64(0.050375), 'vgd_lengthscales': (np.float64(0.6041666666666667), np.float64(1.2083333333333335), np.float64(2.416666666666667))}",0.31407
vgd,"{'gamma2': 0.7028282284736633, 'lambda_': 114.9304137293519, 'sigma2': 0.3909595012664795, 'p': 50, 'batch_size': 128, 'eval_every': 15, 'vgd_step_size': np.float64(0.050375), 'vgd_lengthscales': (np.float64(0.64375), np.float64(1.2875), np.float64(2.575))}",0.31602
vgd,"{'gamma2': 0.7028282284736633, 'lambda_': 114.9304137293519, 'sigma2': 0.3909595012664795, 'p': 50, 'batch_size': 128, 'eval_every': 15, 'vgd_step_size': np.float64(0.050375), 'vgd_lengthscales': (np.float64(0.6833333333333333), np.float64(1.3666666666666667), np.float64(2.7333333333333334))}",0.31766
vgd,"{'gamma2': 0.7028282284736633, 'lambda_': 114.9304137293519, 'sigma2': 0.3909595012664795, 'p': 50, 'batch_size': 128, 'eval_every': 15, 'vgd_step_size': np.float64(0.050375), 'vgd_lengthscales': (np.float64(0.7229166666666667), np.float64(1.4458333333333333), np.float64(2.8916666666666666))}",0.31928
vgd,"{'gamma2': 0.7028282284736633, 'lambda_': 114.9304137293519, 'sigma2': 0.3909595012664795, 'p': 50, 'batch_size': 128, 'eval_every': 15, 'vgd_step_size': np.float64(0.050375), 'vgd_lengthscales': (np.float64(0.7625), np.float64(1.525), np.float64(3.05))}",0.32101
vgd,"{'gamma2': 0.7028282284736633, 'lambda_': 114.9304137293519, 'sigma2': 0.3909595012664795, 'p': 50, 'batch_size': 128, 'eval_every': 15, 'vgd_step_size': np.float64(0.050375), 'vgd_lengthscales': (np.float64(0.8020833333333334), np.float64(1.6041666666666667), np.float64(3.2083333333333335))}",0.32293
vgd,"{'gamma2': 0.7028282284736633, 'lambda_': 114.9304137293519, 'sigma2': 0.3909595012664795, 'p': 50, 'batch_size': 128, 'eval_every': 15, 'vgd_step_size': np.float64(0.050375), 'vgd_lengthscales': (np.float64(0.8416666666666667), np.float64(1.6833333333333333), np.float64(3.3666666666666667))}",0.32477
vgd,"{'gamma2': 0.7028282284736633, 'lambda_': 114.9304137293519, 'sigma2': 0.3909595012664795, 'p': 50, 'batch_size': 128, 'eval_every': 15, 'vgd_step_size': np.float64(0.050375), 'vgd_lengthscales': (np.float64(0.88125), np.float64(1.7625), np.float64(3.525))}",0.32658
vgd,"{'gamma2': 0.7028282284736633, 'lambda_': 114.9304137293519, 'sigma2': 0.3909595012664795, 'p': 50, 'batch_size': 128, 'eval_every': 15, 'vgd_step_size': np.float64(0.050375), 'vgd_lengthscales': (np.float64(0.9208333333333334), np.float64(1.8416666666666668), np.float64(3.6833333333333336))}",0.32827
vgd,"{'gamma2': 0.7028282284736633, 'lambda_': 114.9304137293519, 'sigma2': 0.3909595012664795, 'p': 50, 'batch_size': 128, 'eval_every': 15, 'vgd_step_size': np.float64(0.050375), 'vgd_lengthscales': (np.float64(0.9604166666666667), np.float64(1.9208333333333334), np.float64(3.841666666666667))}",0.33001
vgd,"{'gamma2': 0.7028282284736633, 'lambda_': 114.9304137293519, 'sigma2': 0.3909595012664795, 'p': 50, 'batch_size': 128, 'eval_every': 15, 'vgd_step_size': np.float64(0.050375), 'vgd_lengthscales': (np.float64(1.0), np.float64(2.0), np.float64(4.0))}",0.33156
vgd,"{'gamma2': 0.7028282284736633, 'lambda_': 114.9304137293519, 'sigma2': 0.3909595012664795, 'p': 50, 'batch_size': 128, 'eval_every': 15, 'vgd_step_size': np.float64(0.05366666666666667), 'vgd_lengthscales': (np.float64(0.05), np.float64(0.1), np.float64(0.2))}",0.27993
vgd,"{'gamma2': 0.7028282284736633, 'lambda_': 114.9304137293519, 'sigma2': 0.3909595012664795, 'p': 50, 'batch_size': 128, 'eval_every': 15, 'vgd_step_size': np.float64(0.05366666666666667), 'vgd_lengthscales': (np.float64(0.08958333333333333), np.float64(0.17916666666666667), np.float64(0.35833333333333334))}",0.28150
vgd,"{'gamma2': 0.7028282284736633, 'lambda_': 114.9304137293519, 'sigma2': 0.3909595012664795, 'p': 50, 'batch_size': 128, 'eval_every': 15, 'vgd_step_size': np.float64(0.05366666666666667), 'vgd_lengthscales': (np.float64(0.12916666666666665), np.float64(0.2583333333333333), np.float64(0.5166666666666666))}",0.28525
vgd,"{'gamma2': 0.7028282284736633, 'lambda_': 114.9304137293519, 'sigma2': 0.3909595012664795, 'p': 50, 'batch_size': 128, 'eval_every': 15, 'vgd_step_size': np.float64(0.05366666666666667), 'vgd_lengthscales': (np.float64(0.16875), np.float64(0.3375), np.float64(0.675))}",0.28874
vgd,"{'gamma2': 0.7028282284736633, 'lambda_': 114.9304137293519, 'sigma2': 0.3909595012664795, 'p': 50, 'batch_size': 128, 'eval_every': 15, 'vgd_step_size': np.float64(0.05366666666666667), 'vgd_lengthscales': (np.float64(0.20833333333333331), np.float64(0.41666666666666663), np.float64(0.8333333333333333))}",0.29174
vgd,"{'gamma2': 0.7028282284736633, 'lambda_': 114.9304137293519, 'sigma2': 0.3909595012664795, 'p': 50, 'batch_size': 128, 'eval_every': 15, 'vgd_step_size': np.float64(0.05366666666666667), 'vgd_lengthscales': (np.float64(0.24791666666666667), np.float64(0.49583333333333335), np.float64(0.9916666666666667))}",0.29462
vgd,"{'gamma2': 0.7028282284736633, 'lambda_': 114.9304137293519, 'sigma2': 0.3909595012664795, 'p': 50, 'batch_size': 128, 'eval_every': 15, 'vgd_step_size': np.float64(0.05366666666666667), 'vgd_lengthscales': (np.float64(0.2875), np.float64(0.575), np.float64(1.15))}",0.29635
vgd,"{'gamma2': 0.7028282284736633, 'lambda_': 114.9304137293519, 'sigma2': 0.3909595012664795, 'p': 50, 'batch_size': 128, 'eval_every': 15, 'vgd_step_size': np.float64(0.05366666666666667), 'vgd_lengthscales': (np.float64(0.32708333333333334), np.float64(0.6541666666666667), np.float64(1.3083333333333333))}",0.29811
vgd,"{'gamma2': 0.7028282284736633, 'lambda_': 114.9304137293519, 'sigma2': 0.3909595012664795, 'p': 50, 'batch_size': 128, 'eval_every': 15, 'vgd_step_size': np.float64(0.05366666666666667), 'vgd_lengthscales': (np.float64(0.36666666666666664), np.float64(0.7333333333333333), np.float64(1.4666666666666666))}",0.30072
vgd,"{'gamma2': 0.7028282284736633, 'lambda_': 114.9304137293519, 'sigma2': 0.3909595012664795, 'p': 50, 'batch_size': 128, 'eval_every': 15, 'vgd_step_size': np.float64(0.05366666666666667), 'vgd_lengthscales': (np.float64(0.40624999999999994), np.float64(0.8124999999999999), np.float64(1.6249999999999998))}",0.30304
vgd,"{'gamma2': 0.7028282284736633, 'lambda_': 114.9304137293519, 'sigma2': 0.3909595012664795, 'p': 50, 'batch_size': 128, 'eval_every': 15, 'vgd_step_size': np.float64(0.05366666666666667), 'vgd_lengthscales': (np.float64(0.4458333333333333), np.float64(0.8916666666666666), np.float64(1.7833333333333332))}",0.30451
vgd,"{'gamma2': 0.7028282284736633, 'lambda_': 114.9304137293519, 'sigma2': 0.3909595012664795, 'p': 50, 'batch_size': 128, 'eval_every': 15, 'vgd_step_size': np.float64(0.05366666666666667), 'vgd_lengthscales': (np.float64(0.48541666666666666), np.float64(0.9708333333333333), np.float64(1.9416666666666667))}",0.30654
vgd,"{'gamma2': 0.7028282284736633, 'lambda_': 114.9304137293519, 'sigma2': 0.3909595012664795, 'p': 50, 'batch_size': 128, 'eval_every': 15, 'vgd_step_size': np.float64(0.05366666666666667), 'vgd_lengthscales': (np.float64(0.525), np.float64(1.05), np.float64(2.1))}",0.30798
vgd,"{'gamma2': 0.7028282284736633, 'lambda_': 114.9304137293519, 'sigma2': 0.3909595012664795, 'p': 50, 'batch_size': 128, 'eval_every': 15, 'vgd_step_size': np.float64(0.05366666666666667), 'vgd_lengthscales': (np.float64(0.5645833333333333), np.float64(1.1291666666666667), np.float64(2.2583333333333333))}",0.31035
vgd,"{'gamma2': 0.7028282284736633, 'lambda_': 114.9304137293519, 'sigma2': 0.3909595012664795, 'p': 50, 'batch_size': 128, 'eval_every': 15, 'vgd_step_size': np.float64(0.05366666666666667), 'vgd_lengthscales': (np.float64(0.6041666666666667), np.float64(1.2083333333333335), np.float64(2.416666666666667))}",0.31213
vgd,"{'gamma2': 0.7028282284736633, 'lambda_': 114.9304137293519, 'sigma2': 0.3909595012664795, 'p': 50, 'batch_size': 128, 'eval_every': 15, 'vgd_step_size': np.float64(0.05366666666666667), 'vgd_lengthscales': (np.float64(0.64375), np.float64(1.2875), np.float64(2.575))}",0.31411
vgd,"{'gamma2': 0.7028282284736633, 'lambda_': 114.9304137293519, 'sigma2': 0.3909595012664795, 'p': 50, 'batch_size': 128, 'eval_every': 15, 'vgd_step_size': np.float64(0.05366666666666667), 'vgd_lengthscales': (np.float64(0.6833333333333333), np.float64(1.3666666666666667), np.float64(2.7333333333333334))}",0.31574
vgd,"{'gamma2': 0.7028282284736633, 'lambda_': 114.9304137293519, 'sigma2': 0.3909595012664795, 'p': 50, 'batch_size': 128, 'eval_every': 15, 'vgd_step_size': np.float64(0.05366666666666667), 'vgd_lengthscales': (np.float64(0.7229166666666667), np.float64(1.4458333333333333), np.float64(2.8916666666666666))}",0.31743
vgd,"{'gamma2': 0.7028282284736633, 'lambda_': 114.9304137293519, 'sigma2': 0.3909595012664795, 'p': 50, 'batch_size': 128, 'eval_every': 15, 'vgd_step_size': np.float64(0.05366666666666667), 'vgd_lengthscales': (np.float64(0.7625), np.float64(1.525), np.float64(3.05))}",0.31913
vgd,"{'gamma2': 0.7028282284736633, 'lambda_': 114.9304137293519, 'sigma2': 0.3909595012664795, 'p': 50, 'batch_size': 128, 'eval_every': 15, 'vgd_step_size': np.float64(0.05366666666666667), 'vgd_lengthscales': (np.float64(0.8020833333333334), np.float64(1.6041666666666667), np.float64(3.2083333333333335))}",0.32094
vgd,"{'gamma2': 0.7028282284736633, 'lambda_': 114.9304137293519, 'sigma2': 0.3909595012664795, 'p': 50, 'batch_size': 128, 'eval_every': 15, 'vgd_step_size': np.float64(0.05366666666666667), 'vgd_lengthscales': (np.float64(0.8416666666666667), np.float64(1.6833333333333333), np.float64(3.3666666666666667))}",0.32244
vgd,"{'gamma2': 0.7028282284736633, 'lambda_': 114.9304137293519, 'sigma2': 0.3909595012664795, 'p': 50, 'batch_size': 128, 'eval_every': 15, 'vgd_step_size': np.float64(0.05366666666666667), 'vgd_lengthscales': (np.float64(0.88125), np.float64(1.7625), np.float64(3.525))}",0.32429
vgd,"{'gamma2': 0.7028282284736633, 'lambda_': 114.9304137293519, 'sigma2': 0.3909595012664795, 'p': 50, 'batch_size': 128, 'eval_every': 15, 'vgd_step_size': np.float64(0.05366666666666667), 'vgd_lengthscales': (np.float64(0.9208333333333334), np.float64(1.8416666666666668), np.float64(3.6833333333333336))}",0.32595
vgd,"{'gamma2': 0.7028282284736633, 'lambda_': 114.9304137293519, 'sigma2': 0.3909595012664795, 'p': 50, 'batch_size': 128, 'eval_every': 15, 'vgd_step_size': np.float64(0.05366666666666667), 'vgd_lengthscales': (np.float64(0.9604166666666667), np.float64(1.9208333333333334), np.float64(3.841666666666667))}",0.32756
vgd,"{'gamma2': 0.7028282284736633, 'lambda_': 114.9304137293519, 'sigma2': 0.3909595012664795, 'p': 50, 'batch_size': 128, 'eval_every': 15, 'vgd_step_size': np.float64(0.05366666666666667), 'vgd_lengthscales': (np.float64(1.0), np.float64(2.0), np.float64(4.0))}",0.32905
vgd,"{'gamma2': 0.7028282284736633, 'lambda_': 114.9304137293519, 'sigma2': 0.3909595012664795, 'p': 50, 'batch_size': 128, 'eval_every': 15, 'vgd_step_size': np.float64(0.05695833333333333), 'vgd_lengthscales': (np.float64(0.05), np.float64(0.1), np.float64(0.2))}",0.28010
vgd,"{'gamma2': 0.7028282284736633, 'lambda_': 114.9304137293519, 'sigma2': 0.3909595012664795, 'p': 50, 'batch_size': 128, 'eval_every': 15, 'vgd_step_size': np.float64(0.05695833333333333), 'vgd_lengthscales': (np.float64(0.08958333333333333), np.float64(0.17916666666666667), np.float64(0.35833333333333334))}",0.28189
vgd,"{'gamma2': 0.7028282284736633, 'lambda_': 114.9304137293519, 'sigma2': 0.3909595012664795, 'p': 50, 'batch_size': 128, 'eval_every': 15, 'vgd_step_size': np.float64(0.05695833333333333), 'vgd_lengthscales': (np.float64(0.12916666666666665), np.float64(0.2583333333333333), np.float64(0.5166666666666666))}",0.28517
vgd,"{'gamma2': 0.7028282284736633, 'lambda_': 114.9304137293519, 'sigma2': 0.3909595012664795, 'p': 50, 'batch_size': 128, 'eval_every': 15, 'vgd_step_size': np.float64(0.05695833333333333), 'vgd_lengthscales': (np.float64(0.16875), np.float64(0.3375), np.float64(0.675))}",0.28851
vgd,"{'gamma2': 0.7028282284736633, 'lambda_': 114.9304137293519, 'sigma2': 0.3909595012664795, 'p': 50, 'batch_size': 128, 'eval_every': 15, 'vgd_step_size': np.float64(0.05695833333333333), 'vgd_lengthscales': (np.float64(0.20833333333333331), np.float64(0.41666666666666663), np.float64(0.8333333333333333))}",0.29154
vgd,"{'gamma2': 0.7028282284736633, 'lambda_': 114.9304137293519, 'sigma2': 0.3909595012664795, 'p': 50, 'batch_size': 128, 'eval_every': 15, 'vgd_step_size': np.float64(0.05695833333333333), 'vgd_lengthscales': (np.float64(0.24791666666666667), np.float64(0.49583333333333335), np.float64(0.9916666666666667))}",0.29401
vgd,"{'gamma2': 0.7028282284736633, 'lambda_': 114.9304137293519, 'sigma2': 0.3909595012664795, 'p': 50, 'batch_size': 128, 'eval_every': 15, 'vgd_step_size': np.float64(0.05695833333333333), 'vgd_lengthscales': (np.float64(0.2875), np.float64(0.575), np.float64(1.15))}",0.29556
vgd,"{'gamma2': 0.7028282284736633, 'lambda_': 114.9304137293519, 'sigma2': 0.3909595012664795, 'p': 50, 'batch_size': 128, 'eval_every': 15, 'vgd_step_size': np.float64(0.05695833333333333), 'vgd_lengthscales': (np.float64(0.32708333333333334), np.float64(0.6541666666666667), np.float64(1.3083333333333333))}",0.29778
vgd,"{'gamma2': 0.7028282284736633, 'lambda_': 114.9304137293519, 'sigma2': 0.3909595012664795, 'p': 50, 'batch_size': 128, 'eval_every': 15, 'vgd_step_size': np.float64(0.05695833333333333), 'vgd_lengthscales': (np.float64(0.36666666666666664), np.float64(0.7333333333333333), np.float64(1.4666666666666666))}",0.29952
vgd,"{'gamma2': 0.7028282284736633, 'lambda_': 114.9304137293519, 'sigma2': 0.3909595012664795, 'p': 50, 'batch_size': 128, 'eval_every': 15, 'vgd_step_size': np.float64(0.05695833333333333), 'vgd_lengthscales': (np.float64(0.40624999999999994), np.float64(0.8124999999999999), np.float64(1.6249999999999998))}",0.30152
vgd,"{'gamma2': 0.7028282284736633, 'lambda_': 114.9304137293519, 'sigma2': 0.3909595012664795, 'p': 50, 'batch_size': 128, 'eval_every': 15, 'vgd_step_size': np.float64(0.05695833333333333), 'vgd_lengthscales': (np.float64(0.4458333333333333), np.float64(0.8916666666666666), np.float64(1.7833333333333332))}",0.30333
vgd,"{'gamma2': 0.7028282284736633, 'lambda_': 114.9304137293519, 'sigma2': 0.3909595012664795, 'p': 50, 'batch_size': 128, 'eval_every': 15, 'vgd_step_size': np.float64(0.05695833333333333), 'vgd_lengthscales': (np.float64(0.48541666666666666), np.float64(0.9708333333333333), np.float64(1.9416666666666667))}",0.30498
vgd,"{'gamma2': 0.7028282284736633, 'lambda_': 114.9304137293519, 'sigma2': 0.3909595012664795, 'p': 50, 'batch_size': 128, 'eval_every': 15, 'vgd_step_size': np.float64(0.05695833333333333), 'vgd_lengthscales': (np.float64(0.525), np.float64(1.05), np.float64(2.1))}",0.30756
vgd,"{'gamma2': 0.7028282284736633, 'lambda_': 114.9304137293519, 'sigma2': 0.3909595012664795, 'p': 50, 'batch_size': 128, 'eval_every': 15, 'vgd_step_size': np.float64(0.05695833333333333), 'vgd_lengthscales': (np.float64(0.5645833333333333), np.float64(1.1291666666666667), np.float64(2.2583333333333333))}",0.30868
vgd,"{'gamma2': 0.7028282284736633, 'lambda_': 114.9304137293519, 'sigma2': 0.3909595012664795, 'p': 50, 'batch_size': 128, 'eval_every': 15, 'vgd_step_size': np.float64(0.05695833333333333), 'vgd_lengthscales': (np.float64(0.6041666666666667), np.float64(1.2083333333333335), np.float64(2.416666666666667))}",0.31079
vgd,"{'gamma2': 0.7028282284736633, 'lambda_': 114.9304137293519, 'sigma2': 0.3909595012664795, 'p': 50, 'batch_size': 128, 'eval_every': 15, 'vgd_step_size': np.float64(0.05695833333333333), 'vgd_lengthscales': (np.float64(0.64375), np.float64(1.2875), np.float64(2.575))}",0.31276
vgd,"{'gamma2': 0.7028282284736633, 'lambda_': 114.9304137293519, 'sigma2': 0.3909595012664795, 'p': 50, 'batch_size': 128, 'eval_every': 15, 'vgd_step_size': np.float64(0.05695833333333333), 'vgd_lengthscales': (np.float64(0.6833333333333333), np.float64(1.3666666666666667), np.float64(2.7333333333333334))}",0.31414
vgd,"{'gamma2': 0.7028282284736633, 'lambda_': 114.9304137293519, 'sigma2': 0.3909595012664795, 'p': 50, 'batch_size': 128, 'eval_every': 15, 'vgd_step_size': np.float64(0.05695833333333333), 'vgd_lengthscales': (np.float64(0.7229166666666667), np.float64(1.4458333333333333), np.float64(2.8916666666666666))}",0.31577
vgd,"{'gamma2': 0.7028282284736633, 'lambda_': 114.9304137293519, 'sigma2': 0.3909595012664795, 'p': 50, 'batch_size': 128, 'eval_every': 15, 'vgd_step_size': np.float64(0.05695833333333333), 'vgd_lengthscales': (np.float64(0.7625), np.float64(1.525), np.float64(3.05))}",0.31726
vgd,"{'gamma2': 0.7028282284736633, 'lambda_': 114.9304137293519, 'sigma2': 0.3909595012664795, 'p': 50, 'batch_size': 128, 'eval_every': 15, 'vgd_step_size': np.float64(0.05695833333333333), 'vgd_lengthscales': (np.float64(0.8020833333333334), np.float64(1.6041666666666667), np.float64(3.2083333333333335))}",0.31880
vgd,"{'gamma2': 0.7028282284736633, 'lambda_': 114.9304137293519, 'sigma2': 0.3909595012664795, 'p': 50, 'batch_size': 128, 'eval_every': 15, 'vgd_step_size': np.float64(0.05695833333333333), 'vgd_lengthscales': (np.float64(0.8416666666666667), np.float64(1.6833333333333333), np.float64(3.3666666666666667))}",0.32074
vgd,"{'gamma2': 0.7028282284736633, 'lambda_': 114.9304137293519, 'sigma2': 0.3909595012664795, 'p': 50, 'batch_size': 128, 'eval_every': 15, 'vgd_step_size': np.float64(0.05695833333333333), 'vgd_lengthscales': (np.float64(0.88125), np.float64(1.7625), np.float64(3.525))}",0.32221
vgd,"{'gamma2': 0.7028282284736633, 'lambda_': 114.9304137293519, 'sigma2': 0.3909595012664795, 'p': 50, 'batch_size': 128, 'eval_every': 15, 'vgd_step_size': np.float64(0.05695833333333333), 'vgd_lengthscales': (np.float64(0.9208333333333334), np.float64(1.8416666666666668), np.float64(3.6833333333333336))}",0.32403
vgd,"{'gamma2': 0.7028282284736633, 'lambda_': 114.9304137293519, 'sigma2': 0.3909595012664795, 'p': 50, 'batch_size': 128, 'eval_every': 15, 'vgd_step_size': np.float64(0.05695833333333333), 'vgd_lengthscales': (np.float64(0.9604166666666667), np.float64(1.9208333333333334), np.float64(3.841666666666667))}",0.32538
vgd,"{'gamma2': 0.7028282284736633, 'lambda_': 114.9304137293519, 'sigma2': 0.3909595012664795, 'p': 50, 'batch_size': 128, 'eval_every': 15, 'vgd_step_size': np.float64(0.05695833333333333), 'vgd_lengthscales': (np.float64(1.0), np.float64(2.0), np.float64(4.0))}",0.32686
vgd,"{'gamma2': 0.7028282284736633, 'lambda_': 114.9304137293519, 'sigma2': 0.3909595012664795, 'p': 50, 'batch_size': 128, 'eval_every': 15, 'vgd_step_size': np.float64(0.06025), 'vgd_lengthscales': (np.float64(0.05), np.float64(0.1), np.float64(0.2))}",0.28054
vgd,"{'gamma2': 0.7028282284736633, 'lambda_': 114.9304137293519, 'sigma2': 0.3909595012664795, 'p': 50, 'batch_size': 128, 'eval_every': 15, 'vgd_step_size': np.float64(0.06025), 'vgd_lengthscales': (np.float64(0.08958333333333333), np.float64(0.17916666666666667), np.float64(0.35833333333333334))}",0.28187
vgd,"{'gamma2': 0.7028282284736633, 'lambda_': 114.9304137293519, 'sigma2': 0.3909595012664795, 'p': 50, 'batch_size': 128, 'eval_every': 15, 'vgd_step_size': np.float64(0.06025), 'vgd_lengthscales': (np.float64(0.12916666666666665), np.float64(0.2583333333333333), np.float64(0.5166666666666666))}",0.28443
vgd,"{'gamma2': 0.7028282284736633, 'lambda_': 114.9304137293519, 'sigma2': 0.3909595012664795, 'p': 50, 'batch_size': 128, 'eval_every': 15, 'vgd_step_size': np.float64(0.06025), 'vgd_lengthscales': (np.float64(0.16875), np.float64(0.3375), np.float64(0.675))}",0.28832
vgd,"{'gamma2': 0.7028282284736633, 'lambda_': 114.9304137293519, 'sigma2': 0.3909595012664795, 'p': 50, 'batch_size': 128, 'eval_every': 15, 'vgd_step_size': np.float64(0.06025), 'vgd_lengthscales': (np.float64(0.20833333333333331), np.float64(0.41666666666666663), np.float64(0.8333333333333333))}",0.29185
vgd,"{'gamma2': 0.7028282284736633, 'lambda_': 114.9304137293519, 'sigma2': 0.3909595012664795, 'p': 50, 'batch_size': 128, 'eval_every': 15, 'vgd_step_size': np.float64(0.06025), 'vgd_lengthscales': (np.float64(0.24791666666666667), np.float64(0.49583333333333335), np.float64(0.9916666666666667))}",0.29352
vgd,"{'gamma2': 0.7028282284736633, 'lambda_': 114.9304137293519, 'sigma2': 0.3909595012664795, 'p': 50, 'batch_size': 128, 'eval_every': 15, 'vgd_step_size': np.float64(0.06025), 'vgd_lengthscales': (np.float64(0.2875), np.float64(0.575), np.float64(1.15))}",0.29523
vgd,"{'gamma2': 0.7028282284736633, 'lambda_': 114.9304137293519, 'sigma2': 0.3909595012664795, 'p': 50, 'batch_size': 128, 'eval_every': 15, 'vgd_step_size': np.float64(0.06025), 'vgd_lengthscales': (np.float64(0.32708333333333334), np.float64(0.6541666666666667), np.float64(1.3083333333333333))}",0.29738
vgd,"{'gamma2': 0.7028282284736633, 'lambda_': 114.9304137293519, 'sigma2': 0.3909595012664795, 'p': 50, 'batch_size': 128, 'eval_every': 15, 'vgd_step_size': np.float64(0.06025), 'vgd_lengthscales': (np.float64(0.36666666666666664), np.float64(0.7333333333333333), np.float64(1.4666666666666666))}",0.29885
vgd,"{'gamma2': 0.7028282284736633, 'lambda_': 114.9304137293519, 'sigma2': 0.3909595012664795, 'p': 50, 'batch_size': 128, 'eval_every': 15, 'vgd_step_size': np.float64(0.06025), 'vgd_lengthscales': (np.float64(0.40624999999999994), np.float64(0.8124999999999999), np.float64(1.6249999999999998))}",0.30040
vgd,"{'gamma2': 0.7028282284736633, 'lambda_': 114.9304137293519, 'sigma2': 0.3909595012664795, 'p': 50, 'batch_size': 128, 'eval_every': 15, 'vgd_step_size': np.float64(0.06025), 'vgd_lengthscales': (np.float64(0.4458333333333333), np.float64(0.8916666666666666), np.float64(1.7833333333333332))}",0.30287
vgd,"{'gamma2': 0.7028282284736633, 'lambda_': 114.9304137293519, 'sigma2': 0.3909595012664795, 'p': 50, 'batch_size': 128, 'eval_every': 15, 'vgd_step_size': np.float64(0.06025), 'vgd_lengthscales': (np.float64(0.48541666666666666), np.float64(0.9708333333333333), np.float64(1.9416666666666667))}",0.30415
vgd,"{'gamma2': 0.7028282284736633, 'lambda_': 114.9304137293519, 'sigma2': 0.3909595012664795, 'p': 50, 'batch_size': 128, 'eval_every': 15, 'vgd_step_size': np.float64(0.06025), 'vgd_lengthscales': (np.float64(0.525), np.float64(1.05), np.float64(2.1))}",0.30627
vgd,"{'gamma2': 0.7028282284736633, 'lambda_': 114.9304137293519, 'sigma2': 0.3909595012664795, 'p': 50, 'batch_size': 128, 'eval_every': 15, 'vgd_step_size': np.float64(0.06025), 'vgd_lengthscales': (np.float64(0.5645833333333333), np.float64(1.1291666666666667), np.float64(2.2583333333333333))}",0.30781
vgd,"{'gamma2': 0.7028282284736633, 'lambda_': 114.9304137293519, 'sigma2': 0.3909595012664795, 'p': 50, 'batch_size': 128, 'eval_every': 15, 'vgd_step_size': np.float64(0.06025), 'vgd_lengthscales': (np.float64(0.6041666666666667), np.float64(1.2083333333333335), np.float64(2.416666666666667))}",0.30969
vgd,"{'gamma2': 0.7028282284736633, 'lambda_': 114.9304137293519, 'sigma2': 0.3909595012664795, 'p': 50, 'batch_size': 128, 'eval_every': 15, 'vgd_step_size': np.float64(0.06025), 'vgd_lengthscales': (np.float64(0.64375), np.float64(1.2875), np.float64(2.575))}",0.31121
vgd,"{'gamma2': 0.7028282284736633, 'lambda_': 114.9304137293519, 'sigma2': 0.3909595012664795, 'p': 50, 'batch_size': 128, 'eval_every': 15, 'vgd_step_size': np.float64(0.06025), 'vgd_lengthscales': (np.float64(0.6833333333333333), np.float64(1.3666666666666667), np.float64(2.7333333333333334))}",0.31282
vgd,"{'gamma2': 0.7028282284736633, 'lambda_': 114.9304137293519, 'sigma2': 0.3909595012664795, 'p': 50, 'batch_size': 128, 'eval_every': 15, 'vgd_step_size': np.float64(0.06025), 'vgd_lengthscales': (np.float64(0.7229166666666667), np.float64(1.4458333333333333), np.float64(2.8916666666666666))}",0.31433
vgd,"{'gamma2': 0.7028282284736633, 'lambda_': 114.9304137293519, 'sigma2': 0.3909595012664795, 'p': 50, 'batch_size': 128, 'eval_every': 15, 'vgd_step_size': np.float64(0.06025), 'vgd_lengthscales': (np.float64(0.7625), np.float64(1.525), np.float64(3.05))}",0.31616
vgd,"{'gamma2': 0.7028282284736633, 'lambda_': 114.9304137293519, 'sigma2': 0.3909595012664795, 'p': 50, 'batch_size': 128, 'eval_every': 15, 'vgd_step_size': np.float64(0.06025), 'vgd_lengthscales': (np.float64(0.8020833333333334), np.float64(1.6041666666666667), np.float64(3.2083333333333335))}",0.31746
vgd,"{'gamma2': 0.7028282284736633, 'lambda_': 114.9304137293519, 'sigma2': 0.3909595012664795, 'p': 50, 'batch_size': 128, 'eval_every': 15, 'vgd_step_size': np.float64(0.06025), 'vgd_lengthscales': (np.float64(0.8416666666666667), np.float64(1.6833333333333333), np.float64(3.3666666666666667))}",0.31948
vgd,"{'gamma2': 0.7028282284736633, 'lambda_': 114.9304137293519, 'sigma2': 0.3909595012664795, 'p': 50, 'batch_size': 128, 'eval_every': 15, 'vgd_step_size': np.float64(0.06025), 'vgd_lengthscales': (np.float64(0.88125), np.float64(1.7625), np.float64(3.525))}",0.32053
vgd,"{'gamma2': 0.7028282284736633, 'lambda_': 114.9304137293519, 'sigma2': 0.3909595012664795, 'p': 50, 'batch_size': 128, 'eval_every': 15, 'vgd_step_size': np.float64(0.06025), 'vgd_lengthscales': (np.float64(0.9208333333333334), np.float64(1.8416666666666668), np.float64(3.6833333333333336))}",0.32211
vgd,"{'gamma2': 0.7028282284736633, 'lambda_': 114.9304137293519, 'sigma2': 0.3909595012664795, 'p': 50, 'batch_size': 128, 'eval_every': 15, 'vgd_step_size': np.float64(0.06025), 'vgd_lengthscales': (np.float64(0.9604166666666667), np.float64(1.9208333333333334), np.float64(3.841666666666667))}",0.32359
vgd,"{'gamma2': 0.7028282284736633, 'lambda_': 114.9304137293519, 'sigma2': 0.3909595012664795, 'p': 50, 'batch_size': 128, 'eval_every': 15, 'vgd_step_size': np.float64(0.06025), 'vgd_lengthscales': (np.float64(1.0), np.float64(2.0), np.float64(4.0))}",0.32478
vgd,"{'gamma2': 0.7028282284736633, 'lambda_': 114.9304137293519, 'sigma2': 0.3909595012664795, 'p': 50, 'batch_size': 128, 'eval_every': 15, 'vgd_step_size': np.float64(0.06354166666666666), 'vgd_lengthscales': (np.float64(0.05), np.float64(0.1), np.float64(0.2))}",0.28036
vgd,"{'gamma2': 0.7028282284736633, 'lambda_': 114.9304137293519, 'sigma2': 0.3909595012664795, 'p': 50, 'batch_size': 128, 'eval_every': 15, 'vgd_step_size': np.float64(0.06354166666666666), 'vgd_lengthscales': (np.float64(0.08958333333333333), np.float64(0.17916666666666667), np.float64(0.35833333333333334))}",0.28156
vgd,"{'gamma2': 0.7028282284736633, 'lambda_': 114.9304137293519, 'sigma2': 0.3909595012664795, 'p': 50, 'batch_size': 128, 'eval_every': 15, 'vgd_step_size': np.float64(0.06354166666666666), 'vgd_lengthscales': (np.float64(0.12916666666666665), np.float64(0.2583333333333333), np.float64(0.5166666666666666))}",0.28426
vgd,"{'gamma2': 0.7028282284736633, 'lambda_': 114.9304137293519, 'sigma2': 0.3909595012664795, 'p': 50, 'batch_size': 128, 'eval_every': 15, 'vgd_step_size': np.float64(0.06354166666666666), 'vgd_lengthscales': (np.float64(0.16875), np.float64(0.3375), np.float64(0.675))}",0.28857
vgd,"{'gamma2': 0.7028282284736633, 'lambda_': 114.9304137293519, 'sigma2': 0.3909595012664795, 'p': 50, 'batch_size': 128, 'eval_every': 15, 'vgd_step_size': np.float64(0.06354166666666666), 'vgd_lengthscales': (np.float64(0.20833333333333331), np.float64(0.41666666666666663), np.float64(0.8333333333333333))}",0.29061
vgd,"{'gamma2': 0.7028282284736633, 'lambda_': 114.9304137293519, 'sigma2': 0.3909595012664795, 'p': 50, 'batch_size': 128, 'eval_every': 15, 'vgd_step_size': np.float64(0.06354166666666666), 'vgd_lengthscales': (np.float64(0.24791666666666667), np.float64(0.49583333333333335), np.float64(0.9916666666666667))}",0.29340
vgd,"{'gamma2': 0.7028282284736633, 'lambda_': 114.9304137293519, 'sigma2': 0.3909595012664795, 'p': 50, 'batch_size': 128, 'eval_every': 15, 'vgd_step_size': np.float64(0.06354166666666666), 'vgd_lengthscales': (np.float64(0.2875), np.float64(0.575), np.float64(1.15))}",0.29513
vgd,"{'gamma2': 0.7028282284736633, 'lambda_': 114.9304137293519, 'sigma2': 0.3909595012664795, 'p': 50, 'batch_size': 128, 'eval_every': 15, 'vgd_step_size': np.float64(0.06354166666666666), 'vgd_lengthscales': (np.float64(0.32708333333333334), np.float64(0.6541666666666667), np.float64(1.3083333333333333))}",0.29626
vgd,"{'gamma2': 0.7028282284736633, 'lambda_': 114.9304137293519, 'sigma2': 0.3909595012664795, 'p': 50, 'batch_size': 128, 'eval_every': 15, 'vgd_step_size': np.float64(0.06354166666666666), 'vgd_lengthscales': (np.float64(0.36666666666666664), np.float64(0.7333333333333333), np.float64(1.4666666666666666))}",0.29834
vgd,"{'gamma2': 0.7028282284736633, 'lambda_': 114.9304137293519, 'sigma2': 0.3909595012664795, 'p': 50, 'batch_size': 128, 'eval_every': 15, 'vgd_step_size': np.float64(0.06354166666666666), 'vgd_lengthscales': (np.float64(0.40624999999999994), np.float64(0.8124999999999999), np.float64(1.6249999999999998))}",0.29996
vgd,"{'gamma2': 0.7028282284736633, 'lambda_': 114.9304137293519, 'sigma2': 0.3909595012664795, 'p': 50, 'batch_size': 128, 'eval_every': 15, 'vgd_step_size': np.float64(0.06354166666666666), 'vgd_lengthscales': (np.float64(0.4458333333333333), np.float64(0.8916666666666666), np.float64(1.7833333333333332))}",0.30185
vgd,"{'gamma2': 0.7028282284736633, 'lambda_': 114.9304137293519, 'sigma2': 0.3909595012664795, 'p': 50, 'batch_size': 128, 'eval_every': 15, 'vgd_step_size': np.float64(0.06354166666666666), 'vgd_lengthscales': (np.float64(0.48541666666666666), np.float64(0.9708333333333333), np.float64(1.9416666666666667))}",0.30403
vgd,"{'gamma2': 0.7028282284736633, 'lambda_': 114.9304137293519, 'sigma2': 0.3909595012664795, 'p': 50, 'batch_size': 128, 'eval_every': 15, 'vgd_step_size': np.float64(0.06354166666666666), 'vgd_lengthscales': (np.float64(0.525), np.float64(1.05), np.float64(2.1))}",0.30472
vgd,"{'gamma2': 0.7028282284736633, 'lambda_': 114.9304137293519, 'sigma2': 0.3909595012664795, 'p': 50, 'batch_size': 128, 'eval_every': 15, 'vgd_step_size': np.float64(0.06354166666666666), 'vgd_lengthscales': (np.float64(0.5645833333333333), np.float64(1.1291666666666667), np.float64(2.2583333333333333))}",0.30651
vgd,"{'gamma2': 0.7028282284736633, 'lambda_': 114.9304137293519, 'sigma2': 0.3909595012664795, 'p': 50, 'batch_size': 128, 'eval_every': 15, 'vgd_step_size': np.float64(0.06354166666666666), 'vgd_lengthscales': (np.float64(0.6041666666666667), np.float64(1.2083333333333335), np.float64(2.416666666666667))}",0.30839
vgd,"{'gamma2': 0.7028282284736633, 'lambda_': 114.9304137293519, 'sigma2': 0.3909595012664795, 'p': 50, 'batch_size': 128, 'eval_every': 15, 'vgd_step_size': np.float64(0.06354166666666666), 'vgd_lengthscales': (np.float64(0.64375), np.float64(1.2875), np.float64(2.575))}",0.30941
vgd,"{'gamma2': 0.7028282284736633, 'lambda_': 114.9304137293519, 'sigma2': 0.3909595012664795, 'p': 50, 'batch_size': 128, 'eval_every': 15, 'vgd_step_size': np.float64(0.06354166666666666), 'vgd_lengthscales': (np.float64(0.6833333333333333), np.float64(1.3666666666666667), np.float64(2.7333333333333334))}",0.31131
vgd,"{'gamma2': 0.7028282284736633, 'lambda_': 114.9304137293519, 'sigma2': 0.3909595012664795, 'p': 50, 'batch_size': 128, 'eval_every': 15, 'vgd_step_size': np.float64(0.06354166666666666), 'vgd_lengthscales': (np.float64(0.7229166666666667), np.float64(1.4458333333333333), np.float64(2.8916666666666666))}",0.31294
vgd,"{'gamma2': 0.7028282284736633, 'lambda_': 114.9304137293519, 'sigma2': 0.3909595012664795, 'p': 50, 'batch_size': 128, 'eval_every': 15, 'vgd_step_size': np.float64(0.06354166666666666), 'vgd_lengthscales': (np.float64(0.7625), np.float64(1.525), np.float64(3.05))}",0.31447
vgd,"{'gamma2': 0.7028282284736633, 'lambda_': 114.9304137293519, 'sigma2': 0.3909595012664795, 'p': 50, 'batch_size': 128, 'eval_every': 15, 'vgd_step_size': np.float64(0.06354166666666666), 'vgd_lengthscales': (np.float64(0.8020833333333334), np.float64(1.6041666666666667), np.float64(3.2083333333333335))}",0.31593
vgd,"{'gamma2': 0.7028282284736633, 'lambda_': 114.9304137293519, 'sigma2': 0.3909595012664795, 'p': 50, 'batch_size': 128, 'eval_every': 15, 'vgd_step_size': np.float64(0.06354166666666666), 'vgd_lengthscales': (np.float64(0.8416666666666667), np.float64(1.6833333333333333), np.float64(3.3666666666666667))}",0.31775
vgd,"{'gamma2': 0.7028282284736633, 'lambda_': 114.9304137293519, 'sigma2': 0.3909595012664795, 'p': 50, 'batch_size': 128, 'eval_every': 15, 'vgd_step_size': np.float64(0.06354166666666666), 'vgd_lengthscales': (np.float64(0.88125), np.float64(1.7625), np.float64(3.525))}",0.31896
vgd,"{'gamma2': 0.7028282284736633, 'lambda_': 114.9304137293519, 'sigma2': 0.3909595012664795, 'p': 50, 'batch_size': 128, 'eval_every': 15, 'vgd_step_size': np.float64(0.06354166666666666), 'vgd_lengthscales': (np.float64(0.9208333333333334), np.float64(1.8416666666666668), np.float64(3.6833333333333336))}",0.32096
vgd,"{'gamma2': 0.7028282284736633, 'lambda_': 114.9304137293519, 'sigma2': 0.3909595012664795, 'p': 50, 'batch_size': 128, 'eval_every': 15, 'vgd_step_size': np.float64(0.06354166666666666), 'vgd_lengthscales': (np.float64(0.9604166666666667), np.float64(1.9208333333333334), np.float64(3.841666666666667))}",0.32188
vgd,"{'gamma2': 0.7028282284736633, 'lambda_': 114.9304137293519, 'sigma2': 0.3909595012664795, 'p': 50, 'batch_size': 128, 'eval_every': 15, 'vgd_step_size': np.float64(0.06354166666666666), 'vgd_lengthscales': (np.float64(1.0), np.float64(2.0), np.float64(4.0))}",0.32334
vgd,"{'gamma2': 0.7028282284736633, 'lambda_': 114.9304137293519, 'sigma2': 0.3909595012664795, 'p': 50, 'batch_size': 128, 'eval_every': 15, 'vgd_step_size': np.float64(0.06683333333333333), 'vgd_lengthscales': (np.float64(0.05), np.float64(0.1), np.float64(0.2))}",0.28058
vgd,"{'gamma2': 0.7028282284736633, 'lambda_': 114.9304137293519, 'sigma2': 0.3909595012664795, 'p': 50, 'batch_size': 128, 'eval_every': 15, 'vgd_step_size': np.float64(0.06683333333333333), 'vgd_lengthscales': (np.float64(0.08958333333333333), np.float64(0.17916666666666667), np.float64(0.35833333333333334))}",0.28154
vgd,"{'gamma2': 0.7028282284736633, 'lambda_': 114.9304137293519, 'sigma2': 0.3909595012664795, 'p': 50, 'batch_size': 128, 'eval_every': 15, 'vgd_step_size': np.float64(0.06683333333333333), 'vgd_lengthscales': (np.float64(0.12916666666666665), np.float64(0.2583333333333333), np.float64(0.5166666666666666))}",0.28389
vgd,"{'gamma2': 0.7028282284736633, 'lambda_': 114.9304137293519, 'sigma2': 0.3909595012664795, 'p': 50, 'batch_size': 128, 'eval_every': 15, 'vgd_step_size': np.float64(0.06683333333333333), 'vgd_lengthscales': (np.float64(0.16875), np.float64(0.3375), np.float64(0.675))}",0.28767
vgd,"{'gamma2': 0.7028282284736633, 'lambda_': 114.9304137293519, 'sigma2': 0.3909595012664795, 'p': 50, 'batch_size': 128, 'eval_every': 15, 'vgd_step_size': np.float64(0.06683333333333333), 'vgd_lengthscales': (np.float64(0.20833333333333331), np.float64(0.41666666666666663), np.float64(0.8333333333333333))}",0.29019
vgd,"{'gamma2': 0.7028282284736633, 'lambda_': 114.9304137293519, 'sigma2': 0.3909595012664795, 'p': 50, 'batch_size': 128, 'eval_every': 15, 'vgd_step_size': np.float64(0.06683333333333333), 'vgd_lengthscales': (np.float64(0.24791666666666667), np.float64(0.49583333333333335), np.float64(0.9916666666666667))}",0.29249
vgd,"{'gamma2': 0.7028282284736633, 'lambda_': 114.9304137293519, 'sigma2': 0.3909595012664795, 'p': 50, 'batch_size': 128, 'eval_every': 15, 'vgd_step_size': np.float64(0.06683333333333333), 'vgd_lengthscales': (np.float64(0.2875), np.float64(0.575), np.float64(1.15))}",0.29488
vgd,"{'gamma2': 0.7028282284736633, 'lambda_': 114.9304137293519, 'sigma2': 0.3909595012664795, 'p': 50, 'batch_size': 128, 'eval_every': 15, 'vgd_step_size': np.float64(0.06683333333333333), 'vgd_lengthscales': (np.float64(0.32708333333333334), np.float64(0.6541666666666667), np.float64(1.3083333333333333))}",0.29639
vgd,"{'gamma2': 0.7028282284736633, 'lambda_': 114.9304137293519, 'sigma2': 0.3909595012664795, 'p': 50, 'batch_size': 128, 'eval_every': 15, 'vgd_step_size': np.float64(0.06683333333333333), 'vgd_lengthscales': (np.float64(0.36666666666666664), np.float64(0.7333333333333333), np.float64(1.4666666666666666))}",0.29826
vgd,"{'gamma2': 0.7028282284736633, 'lambda_': 114.9304137293519, 'sigma2': 0.3909595012664795, 'p': 50, 'batch_size': 128, 'eval_every': 15, 'vgd_step_size': np.float64(0.06683333333333333), 'vgd_lengthscales': (np.float64(0.40624999999999994), np.float64(0.8124999999999999), np.float64(1.6249999999999998))}",0.29914
vgd,"{'gamma2': 0.7028282284736633, 'lambda_': 114.9304137293519, 'sigma2': 0.3909595012664795, 'p': 50, 'batch_size': 128, 'eval_every': 15, 'vgd_step_size': np.float64(0.06683333333333333), 'vgd_lengthscales': (np.float64(0.4458333333333333), np.float64(0.8916666666666666), np.float64(1.7833333333333332))}",0.30096
vgd,"{'gamma2': 0.7028282284736633, 'lambda_': 114.9304137293519, 'sigma2': 0.3909595012664795, 'p': 50, 'batch_size': 128, 'eval_every': 15, 'vgd_step_size': np.float64(0.06683333333333333), 'vgd_lengthscales': (np.float64(0.48541666666666666), np.float64(0.9708333333333333), np.float64(1.9416666666666667))}",0.30281
vgd,"{'gamma2': 0.7028282284736633, 'lambda_': 114.9304137293519, 'sigma2': 0.3909595012664795, 'p': 50, 'batch_size': 128, 'eval_every': 15, 'vgd_step_size': np.float64(0.06683333333333333), 'vgd_lengthscales': (np.float64(0.525), np.float64(1.05), np.float64(2.1))}",0.30451
vgd,"{'gamma2': 0.7028282284736633, 'lambda_': 114.9304137293519, 'sigma2': 0.3909595012664795, 'p': 50, 'batch_size': 128, 'eval_every': 15, 'vgd_step_size': np.float64(0.06683333333333333), 'vgd_lengthscales': (np.float64(0.5645833333333333), np.float64(1.1291666666666667), np.float64(2.2583333333333333))}",0.30633
vgd,"{'gamma2': 0.7028282284736633, 'lambda_': 114.9304137293519, 'sigma2': 0.3909595012664795, 'p': 50, 'batch_size': 128, 'eval_every': 15, 'vgd_step_size': np.float64(0.06683333333333333), 'vgd_lengthscales': (np.float64(0.6041666666666667), np.float64(1.2083333333333335), np.float64(2.416666666666667))}",0.30739
vgd,"{'gamma2': 0.7028282284736633, 'lambda_': 114.9304137293519, 'sigma2': 0.3909595012664795, 'p': 50, 'batch_size': 128, 'eval_every': 15, 'vgd_step_size': np.float64(0.06683333333333333), 'vgd_lengthscales': (np.float64(0.64375), np.float64(1.2875), np.float64(2.575))}",0.30887
vgd,"{'gamma2': 0.7028282284736633, 'lambda_': 114.9304137293519, 'sigma2': 0.3909595012664795, 'p': 50, 'batch_size': 128, 'eval_every': 15, 'vgd_step_size': np.float64(0.06683333333333333), 'vgd_lengthscales': (np.float64(0.6833333333333333), np.float64(1.3666666666666667), np.float64(2.7333333333333334))}",0.31020
vgd,"{'gamma2': 0.7028282284736633, 'lambda_': 114.9304137293519, 'sigma2': 0.3909595012664795, 'p': 50, 'batch_size': 128, 'eval_every': 15, 'vgd_step_size': np.float64(0.06683333333333333), 'vgd_lengthscales': (np.float64(0.7229166666666667), np.float64(1.4458333333333333), np.float64(2.8916666666666666))}",0.31127
vgd,"{'gamma2': 0.7028282284736633, 'lambda_': 114.9304137293519, 'sigma2': 0.3909595012664795, 'p': 50, 'batch_size': 128, 'eval_every': 15, 'vgd_step_size': np.float64(0.06683333333333333), 'vgd_lengthscales': (np.float64(0.7625), np.float64(1.525), np.float64(3.05))}",0.31297
vgd,"{'gamma2': 0.7028282284736633, 'lambda_': 114.9304137293519, 'sigma2': 0.3909595012664795, 'p': 50, 'batch_size': 128, 'eval_every': 15, 'vgd_step_size': np.float64(0.06683333333333333), 'vgd_lengthscales': (np.float64(0.8020833333333334), np.float64(1.6041666666666667), np.float64(3.2083333333333335))}",0.31458
vgd,"{'gamma2': 0.7028282284736633, 'lambda_': 114.9304137293519, 'sigma2': 0.3909595012664795, 'p': 50, 'batch_size': 128, 'eval_every': 15, 'vgd_step_size': np.float64(0.06683333333333333), 'vgd_lengthscales': (np.float64(0.8416666666666667), np.float64(1.6833333333333333), np.float64(3.3666666666666667))}",0.31621
vgd,"{'gamma2': 0.7028282284736633, 'lambda_': 114.9304137293519, 'sigma2': 0.3909595012664795, 'p': 50, 'batch_size': 128, 'eval_every': 15, 'vgd_step_size': np.float64(0.06683333333333333), 'vgd_lengthscales': (np.float64(0.88125), np.float64(1.7625), np.float64(3.525))}",0.31766
vgd,"{'gamma2': 0.7028282284736633, 'lambda_': 114.9304137293519, 'sigma2': 0.3909595012664795, 'p': 50, 'batch_size': 128, 'eval_every': 15, 'vgd_step_size': np.float64(0.06683333333333333), 'vgd_lengthscales': (np.float64(0.9208333333333334), np.float64(1.8416666666666668), np.float64(3.6833333333333336))}",0.31874
vgd,"{'gamma2': 0.7028282284736633, 'lambda_': 114.9304137293519, 'sigma2': 0.3909595012664795, 'p': 50, 'batch_size': 128, 'eval_every': 15, 'vgd_step_size': np.float64(0.06683333333333333), 'vgd_lengthscales': (np.float64(0.9604166666666667), np.float64(1.9208333333333334), np.float64(3.841666666666667))}",0.32037
vgd,"{'gamma2': 0.7028282284736633, 'lambda_': 114.9304137293519, 'sigma2': 0.3909595012664795, 'p': 50, 'batch_size': 128, 'eval_every': 15, 'vgd_step_size': np.float64(0.06683333333333333), 'vgd_lengthscales': (np.float64(1.0), np.float64(2.0), np.float64(4.0))}",0.32181
vgd,"{'gamma2': 0.7028282284736633, 'lambda_': 114.9304137293519, 'sigma2': 0.3909595012664795, 'p': 50, 'batch_size': 128, 'eval_every': 15, 'vgd_step_size': np.float64(0.070125), 'vgd_lengthscales': (np.float64(0.05), np.float64(0.1), np.float64(0.2))}",0.27983
vgd,"{'gamma2': 0.7028282284736633, 'lambda_': 114.9304137293519, 'sigma2': 0.3909595012664795, 'p': 50, 'batch_size': 128, 'eval_every': 15, 'vgd_step_size': np.float64(0.070125), 'vgd_lengthscales': (np.float64(0.08958333333333333), np.float64(0.17916666666666667), np.float64(0.35833333333333334))}",0.28179
vgd,"{'gamma2': 0.7028282284736633, 'lambda_': 114.9304137293519, 'sigma2': 0.3909595012664795, 'p': 50, 'batch_size': 128, 'eval_every': 15, 'vgd_step_size': np.float64(0.070125), 'vgd_lengthscales': (np.float64(0.12916666666666665), np.float64(0.2583333333333333), np.float64(0.5166666666666666))}",0.28310
vgd,"{'gamma2': 0.7028282284736633, 'lambda_': 114.9304137293519, 'sigma2': 0.3909595012664795, 'p': 50, 'batch_size': 128, 'eval_every': 15, 'vgd_step_size': np.float64(0.070125), 'vgd_lengthscales': (np.float64(0.16875), np.float64(0.3375), np.float64(0.675))}",0.28731
vgd,"{'gamma2': 0.7028282284736633, 'lambda_': 114.9304137293519, 'sigma2': 0.3909595012664795, 'p': 50, 'batch_size': 128, 'eval_every': 15, 'vgd_step_size': np.float64(0.070125), 'vgd_lengthscales': (np.float64(0.20833333333333331), np.float64(0.41666666666666663), np.float64(0.8333333333333333))}",0.28964
vgd,"{'gamma2': 0.7028282284736633, 'lambda_': 114.9304137293519, 'sigma2': 0.3909595012664795, 'p': 50, 'batch_size': 128, 'eval_every': 15, 'vgd_step_size': np.float64(0.070125), 'vgd_lengthscales': (np.float64(0.24791666666666667), np.float64(0.49583333333333335), np.float64(0.9916666666666667))}",0.29214
vgd,"{'gamma2': 0.7028282284736633, 'lambda_': 114.9304137293519, 'sigma2': 0.3909595012664795, 'p': 50, 'batch_size': 128, 'eval_every': 15, 'vgd_step_size': np.float64(0.070125), 'vgd_lengthscales': (np.float64(0.2875), np.float64(0.575), np.float64(1.15))}",0.29407
vgd,"{'gamma2': 0.7028282284736633, 'lambda_': 114.9304137293519, 'sigma2': 0.3909595012664795, 'p': 50, 'batch_size': 128, 'eval_every': 15, 'vgd_step_size': np.float64(0.070125), 'vgd_lengthscales': (np.float64(0.32708333333333334), np.float64(0.6541666666666667), np.float64(1.3083333333333333))}",0.29583
vgd,"{'gamma2': 0.7028282284736633, 'lambda_': 114.9304137293519, 'sigma2': 0.3909595012664795, 'p': 50, 'batch_size': 128, 'eval_every': 15, 'vgd_step_size': np.float64(0.070125), 'vgd_lengthscales': (np.float64(0.36666666666666664), np.float64(0.7333333333333333), np.float64(1.4666666666666666))}",0.29747
vgd,"{'gamma2': 0.7028282284736633, 'lambda_': 114.9304137293519, 'sigma2': 0.3909595012664795, 'p': 50, 'batch_size': 128, 'eval_every': 15, 'vgd_step_size': np.float64(0.070125), 'vgd_lengthscales': (np.float64(0.40624999999999994), np.float64(0.8124999999999999), np.float64(1.6249999999999998))}",0.29937
vgd,"{'gamma2': 0.7028282284736633, 'lambda_': 114.9304137293519, 'sigma2': 0.3909595012664795, 'p': 50, 'batch_size': 128, 'eval_every': 15, 'vgd_step_size': np.float64(0.070125), 'vgd_lengthscales': (np.float64(0.4458333333333333), np.float64(0.8916666666666666), np.float64(1.7833333333333332))}",0.30048
vgd,"{'gamma2': 0.7028282284736633, 'lambda_': 114.9304137293519, 'sigma2': 0.3909595012664795, 'p': 50, 'batch_size': 128, 'eval_every': 15, 'vgd_step_size': np.float64(0.070125), 'vgd_lengthscales': (np.float64(0.48541666666666666), np.float64(0.9708333333333333), np.float64(1.9416666666666667))}",0.30204
vgd,"{'gamma2': 0.7028282284736633, 'lambda_': 114.9304137293519, 'sigma2': 0.3909595012664795, 'p': 50, 'batch_size': 128, 'eval_every': 15, 'vgd_step_size': np.float64(0.070125), 'vgd_lengthscales': (np.float64(0.525), np.float64(1.05), np.float64(2.1))}",0.30325
vgd,"{'gamma2': 0.7028282284736633, 'lambda_': 114.9304137293519, 'sigma2': 0.3909595012664795, 'p': 50, 'batch_size': 128, 'eval_every': 15, 'vgd_step_size': np.float64(0.070125), 'vgd_lengthscales': (np.float64(0.5645833333333333), np.float64(1.1291666666666667), np.float64(2.2583333333333333))}",0.30520
vgd,"{'gamma2': 0.7028282284736633, 'lambda_': 114.9304137293519, 'sigma2': 0.3909595012664795, 'p': 50, 'batch_size': 128, 'eval_every': 15, 'vgd_step_size': np.float64(0.070125), 'vgd_lengthscales': (np.float64(0.6041666666666667), np.float64(1.2083333333333335), np.float64(2.416666666666667))}",0.30700
vgd,"{'gamma2': 0.7028282284736633, 'lambda_': 114.9304137293519, 'sigma2': 0.3909595012664795, 'p': 50, 'batch_size': 128, 'eval_every': 15, 'vgd_step_size': np.float64(0.070125), 'vgd_lengthscales': (np.float64(0.64375), np.float64(1.2875), np.float64(2.575))}",0.30750
vgd,"{'gamma2': 0.7028282284736633, 'lambda_': 114.9304137293519, 'sigma2': 0.3909595012664795, 'p': 50, 'batch_size': 128, 'eval_every': 15, 'vgd_step_size': np.float64(0.070125), 'vgd_lengthscales': (np.float64(0.6833333333333333), np.float64(1.3666666666666667), np.float64(2.7333333333333334))}",0.30961
vgd,"{'gamma2': 0.7028282284736633, 'lambda_': 114.9304137293519, 'sigma2': 0.3909595012664795, 'p': 50, 'batch_size': 128, 'eval_every': 15, 'vgd_step_size': np.float64(0.070125), 'vgd_lengthscales': (np.float64(0.7229166666666667), np.float64(1.4458333333333333), np.float64(2.8916666666666666))}",0.31093
vgd,"{'gamma2': 0.7028282284736633, 'lambda_': 114.9304137293519, 'sigma2': 0.3909595012664795, 'p': 50, 'batch_size': 128, 'eval_every': 15, 'vgd_step_size': np.float64(0.070125), 'vgd_lengthscales': (np.float64(0.7625), np.float64(1.525), np.float64(3.05))}",0.31204
vgd,"{'gamma2': 0.7028282284736633, 'lambda_': 114.9304137293519, 'sigma2': 0.3909595012664795, 'p': 50, 'batch_size': 128, 'eval_every': 15, 'vgd_step_size': np.float64(0.070125), 'vgd_lengthscales': (np.float64(0.8020833333333334), np.float64(1.6041666666666667), np.float64(3.2083333333333335))}",0.31321
vgd,"{'gamma2': 0.7028282284736633, 'lambda_': 114.9304137293519, 'sigma2': 0.3909595012664795, 'p': 50, 'batch_size': 128, 'eval_every': 15, 'vgd_step_size': np.float64(0.070125), 'vgd_lengthscales': (np.float64(0.8416666666666667), np.float64(1.6833333333333333), np.float64(3.3666666666666667))}",0.31468
vgd,"{'gamma2': 0.7028282284736633, 'lambda_': 114.9304137293519, 'sigma2': 0.3909595012664795, 'p': 50, 'batch_size': 128, 'eval_every': 15, 'vgd_step_size': np.float64(0.070125), 'vgd_lengthscales': (np.float64(0.88125), np.float64(1.7625), np.float64(3.525))}",0.31607
vgd,"{'gamma2': 0.7028282284736633, 'lambda_': 114.9304137293519, 'sigma2': 0.3909595012664795, 'p': 50, 'batch_size': 128, 'eval_every': 15, 'vgd_step_size': np.float64(0.070125), 'vgd_lengthscales': (np.float64(0.9208333333333334), np.float64(1.8416666666666668), np.float64(3.6833333333333336))}",0.31738
vgd,"{'gamma2': 0.7028282284736633, 'lambda_': 114.9304137293519, 'sigma2': 0.3909595012664795, 'p': 50, 'batch_size': 128, 'eval_every': 15, 'vgd_step_size': np.float64(0.070125), 'vgd_lengthscales': (np.float64(0.9604166666666667), np.float64(1.9208333333333334), np.float64(3.841666666666667))}",0.31843
vgd,"{'gamma2': 0.7028282284736633, 'lambda_': 114.9304137293519, 'sigma2': 0.3909595012664795, 'p': 50, 'batch_size': 128, 'eval_every': 15, 'vgd_step_size': np.float64(0.070125), 'vgd_lengthscales': (np.float64(1.0), np.float64(2.0), np.float64(4.0))}",0.31969
vgd,"{'gamma2': 0.7028282284736633, 'lambda_': 114.9304137293519, 'sigma2': 0.3909595012664795, 'p': 50, 'batch_size': 128, 'eval_every': 15, 'vgd_step_size': np.float64(0.07341666666666667), 'vgd_lengthscales': (np.float64(0.05), np.float64(0.1), np.float64(0.2))}",0.27991
vgd,"{'gamma2': 0.7028282284736633, 'lambda_': 114.9304137293519, 'sigma2': 0.3909595012664795, 'p': 50, 'batch_size': 128, 'eval_every': 15, 'vgd_step_size': np.float64(0.07341666666666667), 'vgd_lengthscales': (np.float64(0.08958333333333333), np.float64(0.17916666666666667), np.float64(0.35833333333333334))}",0.28105
vgd,"{'gamma2': 0.7028282284736633, 'lambda_': 114.9304137293519, 'sigma2': 0.3909595012664795, 'p': 50, 'batch_size': 128, 'eval_every': 15, 'vgd_step_size': np.float64(0.07341666666666667), 'vgd_lengthscales': (np.float64(0.12916666666666665), np.float64(0.2583333333333333), np.float64(0.5166666666666666))}",0.28322
vgd,"{'gamma2': 0.7028282284736633, 'lambda_': 114.9304137293519, 'sigma2': 0.3909595012664795, 'p': 50, 'batch_size': 128, 'eval_every': 15, 'vgd_step_size': np.float64(0.07341666666666667), 'vgd_lengthscales': (np.float64(0.16875), np.float64(0.3375), np.float64(0.675))}",0.28633
vgd,"{'gamma2': 0.7028282284736633, 'lambda_': 114.9304137293519, 'sigma2': 0.3909595012664795, 'p': 50, 'batch_size': 128, 'eval_every': 15, 'vgd_step_size': np.float64(0.07341666666666667), 'vgd_lengthscales': (np.float64(0.20833333333333331), np.float64(0.41666666666666663), np.float64(0.8333333333333333))}",0.28965
vgd,"{'gamma2': 0.7028282284736633, 'lambda_': 114.9304137293519, 'sigma2': 0.3909595012664795, 'p': 50, 'batch_size': 128, 'eval_every': 15, 'vgd_step_size': np.float64(0.07341666666666667), 'vgd_lengthscales': (np.float64(0.24791666666666667), np.float64(0.49583333333333335), np.float64(0.9916666666666667))}",0.29190
vgd,"{'gamma2': 0.7028282284736633, 'lambda_': 114.9304137293519, 'sigma2': 0.3909595012664795, 'p': 50, 'batch_size': 128, 'eval_every': 15, 'vgd_step_size': np.float64(0.07341666666666667), 'vgd_lengthscales': (np.float64(0.2875), np.float64(0.575), np.float64(1.15))}",0.29411
vgd,"{'gamma2': 0.7028282284736633, 'lambda_': 114.9304137293519, 'sigma2': 0.3909595012664795, 'p': 50, 'batch_size': 128, 'eval_every': 15, 'vgd_step_size': np.float64(0.07341666666666667), 'vgd_lengthscales': (np.float64(0.32708333333333334), np.float64(0.6541666666666667), np.float64(1.3083333333333333))}",0.29480
vgd,"{'gamma2': 0.7028282284736633, 'lambda_': 114.9304137293519, 'sigma2': 0.3909595012664795, 'p': 50, 'batch_size': 128, 'eval_every': 15, 'vgd_step_size': np.float64(0.07341666666666667), 'vgd_lengthscales': (np.float64(0.36666666666666664), np.float64(0.7333333333333333), np.float64(1.4666666666666666))}",0.29677
vgd,"{'gamma2': 0.7028282284736633, 'lambda_': 114.9304137293519, 'sigma2': 0.3909595012664795, 'p': 50, 'batch_size': 128, 'eval_every': 15, 'vgd_step_size': np.float64(0.07341666666666667), 'vgd_lengthscales': (np.float64(0.40624999999999994), np.float64(0.8124999999999999), np.float64(1.6249999999999998))}",0.29863
vgd,"{'gamma2': 0.7028282284736633, 'lambda_': 114.9304137293519, 'sigma2': 0.3909595012664795, 'p': 50, 'batch_size': 128, 'eval_every': 15, 'vgd_step_size': np.float64(0.07341666666666667), 'vgd_lengthscales': (np.float64(0.4458333333333333), np.float64(0.8916666666666666), np.float64(1.7833333333333332))}",0.29999
vgd,"{'gamma2': 0.7028282284736633, 'lambda_': 114.9304137293519, 'sigma2': 0.3909595012664795, 'p': 50, 'batch_size': 128, 'eval_every': 15, 'vgd_step_size': np.float64(0.07341666666666667), 'vgd_lengthscales': (np.float64(0.48541666666666666), np.float64(0.9708333333333333), np.float64(1.9416666666666667))}",0.30173
vgd,"{'gamma2': 0.7028282284736633, 'lambda_': 114.9304137293519, 'sigma2': 0.3909595012664795, 'p': 50, 'batch_size': 128, 'eval_every': 15, 'vgd_step_size': np.float64(0.07341666666666667), 'vgd_lengthscales': (np.float64(0.525), np.float64(1.05), np.float64(2.1))}",0.30269
vgd,"{'gamma2': 0.7028282284736633, 'lambda_': 114.9304137293519, 'sigma2': 0.3909595012664795, 'p': 50, 'batch_size': 128, 'eval_every': 15, 'vgd_step_size': np.float64(0.07341666666666667), 'vgd_lengthscales': (np.float64(0.5645833333333333), np.float64(1.1291666666666667), np.float64(2.2583333333333333))}",0.30391
vgd,"{'gamma2': 0.7028282284736633, 'lambda_': 114.9304137293519, 'sigma2': 0.3909595012664795, 'p': 50, 'batch_size': 128, 'eval_every': 15, 'vgd_step_size': np.float64(0.07341666666666667), 'vgd_lengthscales': (np.float64(0.6041666666666667), np.float64(1.2083333333333335), np.float64(2.416666666666667))}",0.30580
vgd,"{'gamma2': 0.7028282284736633, 'lambda_': 114.9304137293519, 'sigma2': 0.3909595012664795, 'p': 50, 'batch_size': 128, 'eval_every': 15, 'vgd_step_size': np.float64(0.07341666666666667), 'vgd_lengthscales': (np.float64(0.64375), np.float64(1.2875), np.float64(2.575))}",0.30686
vgd,"{'gamma2': 0.7028282284736633, 'lambda_': 114.9304137293519, 'sigma2': 0.3909595012664795, 'p': 50, 'batch_size': 128, 'eval_every': 15, 'vgd_step_size': np.float64(0.07341666666666667), 'vgd_lengthscales': (np.float64(0.6833333333333333), np.float64(1.3666666666666667), np.float64(2.7333333333333334))}",0.30834
vgd,"{'gamma2': 0.7028282284736633, 'lambda_': 114.9304137293519, 'sigma2': 0.3909595012664795, 'p': 50, 'batch_size': 128, 'eval_every': 15, 'vgd_step_size': np.float64(0.07341666666666667), 'vgd_lengthscales': (np.float64(0.7229166666666667), np.float64(1.4458333333333333), np.float64(2.8916666666666666))}",0.30974
vgd,"{'gamma2': 0.7028282284736633, 'lambda_': 114.9304137293519, 'sigma2': 0.3909595012664795, 'p': 50, 'batch_size': 128, 'eval_every': 15, 'vgd_step_size': np.float64(0.07341666666666667), 'vgd_lengthscales': (np.float64(0.7625), np.float64(1.525), np.float64(3.05))}",0.31126
vgd,"{'gamma2': 0.7028282284736633, 'lambda_': 114.9304137293519, 'sigma2': 0.3909595012664795, 'p': 50, 'batch_size': 128, 'eval_every': 15, 'vgd_step_size': np.float64(0.07341666666666667), 'vgd_lengthscales': (np.float64(0.8020833333333334), np.float64(1.6041666666666667), np.float64(3.2083333333333335))}",0.31234
vgd,"{'gamma2': 0.7028282284736633, 'lambda_': 114.9304137293519, 'sigma2': 0.3909595012664795, 'p': 50, 'batch_size': 128, 'eval_every': 15, 'vgd_step_size': np.float64(0.07341666666666667), 'vgd_lengthscales': (np.float64(0.8416666666666667), np.float64(1.6833333333333333), np.float64(3.3666666666666667))}",0.31336
vgd,"{'gamma2': 0.7028282284736633, 'lambda_': 114.9304137293519, 'sigma2': 0.3909595012664795, 'p': 50, 'batch_size': 128, 'eval_every': 15, 'vgd_step_size': np.float64(0.07341666666666667), 'vgd_lengthscales': (np.float64(0.88125), np.float64(1.7625), np.float64(3.525))}",0.31469
vgd,"{'gamma2': 0.7028282284736633, 'lambda_': 114.9304137293519, 'sigma2': 0.3909595012664795, 'p': 50, 'batch_size': 128, 'eval_every': 15, 'vgd_step_size': np.float64(0.07341666666666667), 'vgd_lengthscales': (np.float64(0.9208333333333334), np.float64(1.8416666666666668), np.float64(3.6833333333333336))}",0.31635
vgd,"{'gamma2': 0.7028282284736633, 'lambda_': 114.9304137293519, 'sigma2': 0.3909595012664795, 'p': 50, 'batch_size': 128, 'eval_every': 15, 'vgd_step_size': np.float64(0.07341666666666667), 'vgd_lengthscales': (np.float64(0.9604166666666667), np.float64(1.9208333333333334), np.float64(3.841666666666667))}",0.31768
vgd,"{'gamma2': 0.7028282284736633, 'lambda_': 114.9304137293519, 'sigma2': 0.3909595012664795, 'p': 50, 'batch_size': 128, 'eval_every': 15, 'vgd_step_size': np.float64(0.07341666666666667), 'vgd_lengthscales': (np.float64(1.0), np.float64(2.0), np.float64(4.0))}",0.31821
vgd,"{'gamma2': 0.7028282284736633, 'lambda_': 114.9304137293519, 'sigma2': 0.3909595012664795, 'p': 50, 'batch_size': 128, 'eval_every': 15, 'vgd_step_size': np.float64(0.07670833333333334), 'vgd_lengthscales': (np.float64(0.05), np.float64(0.1), np.float64(0.2))}",0.28013
vgd,"{'gamma2': 0.7028282284736633, 'lambda_': 114.9304137293519, 'sigma2': 0.3909595012664795, 'p': 50, 'batch_size': 128, 'eval_every': 15, 'vgd_step_size': np.float64(0.07670833333333334), 'vgd_lengthscales': (np.float64(0.08958333333333333), np.float64(0.17916666666666667), np.float64(0.35833333333333334))}",0.28137
vgd,"{'gamma2': 0.7028282284736633, 'lambda_': 114.9304137293519, 'sigma2': 0.3909595012664795, 'p': 50, 'batch_size': 128, 'eval_every': 15, 'vgd_step_size': np.float64(0.07670833333333334), 'vgd_lengthscales': (np.float64(0.12916666666666665), np.float64(0.2583333333333333), np.float64(0.5166666666666666))}",0.28310
vgd,"{'gamma2': 0.7028282284736633, 'lambda_': 114.9304137293519, 'sigma2': 0.3909595012664795, 'p': 50, 'batch_size': 128, 'eval_every': 15, 'vgd_step_size': np.float64(0.07670833333333334), 'vgd_lengthscales': (np.float64(0.16875), np.float64(0.3375), np.float64(0.675))}",0.28595
vgd,"{'gamma2': 0.7028282284736633, 'lambda_': 114.9304137293519, 'sigma2': 0.3909595012664795, 'p': 50, 'batch_size': 128, 'eval_every': 15, 'vgd_step_size': np.float64(0.07670833333333334), 'vgd_lengthscales': (np.float64(0.20833333333333331), np.float64(0.41666666666666663), np.float64(0.8333333333333333))}",0.28930
vgd,"{'gamma2': 0.7028282284736633, 'lambda_': 114.9304137293519, 'sigma2': 0.3909595012664795, 'p': 50, 'batch_size': 128, 'eval_every': 15, 'vgd_step_size': np.float64(0.07670833333333334), 'vgd_lengthscales': (np.float64(0.24791666666666667), np.float64(0.49583333333333335), np.float64(0.9916666666666667))}",0.29154
vgd,"{'gamma2': 0.7028282284736633, 'lambda_': 114.9304137293519, 'sigma2': 0.3909595012664795, 'p': 50, 'batch_size': 128, 'eval_every': 15, 'vgd_step_size': np.float64(0.07670833333333334), 'vgd_lengthscales': (np.float64(0.2875), np.float64(0.575), np.float64(1.15))}",0.29323
vgd,"{'gamma2': 0.7028282284736633, 'lambda_': 114.9304137293519, 'sigma2': 0.3909595012664795, 'p': 50, 'batch_size': 128, 'eval_every': 15, 'vgd_step_size': np.float64(0.07670833333333334), 'vgd_lengthscales': (np.float64(0.32708333333333334), np.float64(0.6541666666666667), np.float64(1.3083333333333333))}",0.29483
vgd,"{'gamma2': 0.7028282284736633, 'lambda_': 114.9304137293519, 'sigma2': 0.3909595012664795, 'p': 50, 'batch_size': 128, 'eval_every': 15, 'vgd_step_size': np.float64(0.07670833333333334), 'vgd_lengthscales': (np.float64(0.36666666666666664), np.float64(0.7333333333333333), np.float64(1.4666666666666666))}",0.29654
vgd,"{'gamma2': 0.7028282284736633, 'lambda_': 114.9304137293519, 'sigma2': 0.3909595012664795, 'p': 50, 'batch_size': 128, 'eval_every': 15, 'vgd_step_size': np.float64(0.07670833333333334), 'vgd_lengthscales': (np.float64(0.40624999999999994), np.float64(0.8124999999999999), np.float64(1.6249999999999998))}",0.29758
vgd,"{'gamma2': 0.7028282284736633, 'lambda_': 114.9304137293519, 'sigma2': 0.3909595012664795, 'p': 50, 'batch_size': 128, 'eval_every': 15, 'vgd_step_size': np.float64(0.07670833333333334), 'vgd_lengthscales': (np.float64(0.4458333333333333), np.float64(0.8916666666666666), np.float64(1.7833333333333332))}",0.29857
vgd,"{'gamma2': 0.7028282284736633, 'lambda_': 114.9304137293519, 'sigma2': 0.3909595012664795, 'p': 50, 'batch_size': 128, 'eval_every': 15, 'vgd_step_size': np.float64(0.07670833333333334), 'vgd_lengthscales': (np.float64(0.48541666666666666), np.float64(0.9708333333333333), np.float64(1.9416666666666667))}",0.30014
vgd,"{'gamma2': 0.7028282284736633, 'lambda_': 114.9304137293519, 'sigma2': 0.3909595012664795, 'p': 50, 'batch_size': 128, 'eval_every': 15, 'vgd_step_size': np.float64(0.07670833333333334), 'vgd_lengthscales': (np.float64(0.525), np.float64(1.05), np.float64(2.1))}",0.30244
vgd,"{'gamma2': 0.7028282284736633, 'lambda_': 114.9304137293519, 'sigma2': 0.3909595012664795, 'p': 50, 'batch_size': 128, 'eval_every': 15, 'vgd_step_size': np.float64(0.07670833333333334), 'vgd_lengthscales': (np.float64(0.5645833333333333), np.float64(1.1291666666666667), np.float64(2.2583333333333333))}",0.30366
vgd,"{'gamma2': 0.7028282284736633, 'lambda_': 114.9304137293519, 'sigma2': 0.3909595012664795, 'p': 50, 'batch_size': 128, 'eval_every': 15, 'vgd_step_size': np.float64(0.07670833333333334), 'vgd_lengthscales': (np.float64(0.6041666666666667), np.float64(1.2083333333333335), np.float64(2.416666666666667))}",0.30486
vgd,"{'gamma2': 0.7028282284736633, 'lambda_': 114.9304137293519, 'sigma2': 0.3909595012664795, 'p': 50, 'batch_size': 128, 'eval_every': 15, 'vgd_step_size': np.float64(0.07670833333333334), 'vgd_lengthscales': (np.float64(0.64375), np.float64(1.2875), np.float64(2.575))}",0.30610
vgd,"{'gamma2': 0.7028282284736633, 'lambda_': 114.9304137293519, 'sigma2': 0.3909595012664795, 'p': 50, 'batch_size': 128, 'eval_every': 15, 'vgd_step_size': np.float64(0.07670833333333334), 'vgd_lengthscales': (np.float64(0.6833333333333333), np.float64(1.3666666666666667), np.float64(2.7333333333333334))}",0.30755
vgd,"{'gamma2': 0.7028282284736633, 'lambda_': 114.9304137293519, 'sigma2': 0.3909595012664795, 'p': 50, 'batch_size': 128, 'eval_every': 15, 'vgd_step_size': np.float64(0.07670833333333334), 'vgd_lengthscales': (np.float64(0.7229166666666667), np.float64(1.4458333333333333), np.float64(2.8916666666666666))}",0.30877
vgd,"{'gamma2': 0.7028282284736633, 'lambda_': 114.9304137293519, 'sigma2': 0.3909595012664795, 'p': 50, 'batch_size': 128, 'eval_every': 15, 'vgd_step_size': np.float64(0.07670833333333334), 'vgd_lengthscales': (np.float64(0.7625), np.float64(1.525), np.float64(3.05))}",0.30991
vgd,"{'gamma2': 0.7028282284736633, 'lambda_': 114.9304137293519, 'sigma2': 0.3909595012664795, 'p': 50, 'batch_size': 128, 'eval_every': 15, 'vgd_step_size': np.float64(0.07670833333333334), 'vgd_lengthscales': (np.float64(0.8020833333333334), np.float64(1.6041666666666667), np.float64(3.2083333333333335))}",0.31133
vgd,"{'gamma2': 0.7028282284736633, 'lambda_': 114.9304137293519, 'sigma2': 0.3909595012664795, 'p': 50, 'batch_size': 128, 'eval_every': 15, 'vgd_step_size': np.float64(0.07670833333333334), 'vgd_lengthscales': (np.float64(0.8416666666666667), np.float64(1.6833333333333333), np.float64(3.3666666666666667))}",0.31273
vgd,"{'gamma2': 0.7028282284736633, 'lambda_': 114.9304137293519, 'sigma2': 0.3909595012664795, 'p': 50, 'batch_size': 128, 'eval_every': 15, 'vgd_step_size': np.float64(0.07670833333333334), 'vgd_lengthscales': (np.float64(0.88125), np.float64(1.7625), np.float64(3.525))}",0.31398
vgd,"{'gamma2': 0.7028282284736633, 'lambda_': 114.9304137293519, 'sigma2': 0.3909595012664795, 'p': 50, 'batch_size': 128, 'eval_every': 15, 'vgd_step_size': np.float64(0.07670833333333334), 'vgd_lengthscales': (np.float64(0.9208333333333334), np.float64(1.8416666666666668), np.float64(3.6833333333333336))}",0.31506
vgd,"{'gamma2': 0.7028282284736633, 'lambda_': 114.9304137293519, 'sigma2': 0.3909595012664795, 'p': 50, 'batch_size': 128, 'eval_every': 15, 'vgd_step_size': np.float64(0.07670833333333334), 'vgd_lengthscales': (np.float64(0.9604166666666667), np.float64(1.9208333333333334), np.float64(3.841666666666667))}",0.31617
vgd,"{'gamma2': 0.7028282284736633, 'lambda_': 114.9304137293519, 'sigma2': 0.3909595012664795, 'p': 50, 'batch_size': 128, 'eval_every': 15, 'vgd_step_size': np.float64(0.07670833333333334), 'vgd_lengthscales': (np.float64(1.0), np.float64(2.0), np.float64(4.0))}",0.31753
vgd,"{'gamma2': 0.7028282284736633, 'lambda_': 114.9304137293519, 'sigma2': 0.3909595012664795, 'p': 50, 'batch_size': 128, 'eval_every': 15, 'vgd_step_size': np.float64(0.08), 'vgd_lengthscales': (np.float64(0.05), np.float64(0.1), np.float64(0.2))}",0.27953
vgd,"{'gamma2': 0.7028282284736633, 'lambda_': 114.9304137293519, 'sigma2': 0.3909595012664795, 'p': 50, 'batch_size': 128, 'eval_every': 15, 'vgd_step_size': np.float64(0.08), 'vgd_lengthscales': (np.float64(0.08958333333333333), np.float64(0.17916666666666667), np.float64(0.35833333333333334))}",0.28146
vgd,"{'gamma2': 0.7028282284736633, 'lambda_': 114.9304137293519, 'sigma2': 0.3909595012664795, 'p': 50, 'batch_size': 128, 'eval_every': 15, 'vgd_step_size': np.float64(0.08), 'vgd_lengthscales': (np.float64(0.12916666666666665), np.float64(0.2583333333333333), np.float64(0.5166666666666666))}",0.28302
vgd,"{'gamma2': 0.7028282284736633, 'lambda_': 114.9304137293519, 'sigma2': 0.3909595012664795, 'p': 50, 'batch_size': 128, 'eval_every': 15, 'vgd_step_size': np.float64(0.08), 'vgd_lengthscales': (np.float64(0.16875), np.float64(0.3375), np.float64(0.675))}",0.28549
vgd,"{'gamma2': 0.7028282284736633, 'lambda_': 114.9304137293519, 'sigma2': 0.3909595012664795, 'p': 50, 'batch_size': 128, 'eval_every': 15, 'vgd_step_size': np.float64(0.08), 'vgd_lengthscales': (np.float64(0.20833333333333331), np.float64(0.41666666666666663), np.float64(0.8333333333333333))}",0.28898
vgd,"{'gamma2': 0.7028282284736633, 'lambda_': 114.9304137293519, 'sigma2': 0.3909595012664795, 'p': 50, 'batch_size': 128, 'eval_every': 15, 'vgd_step_size': np.float64(0.08), 'vgd_lengthscales': (np.float64(0.24791666666666667), np.float64(0.49583333333333335), np.float64(0.9916666666666667))}",0.29048
vgd,"{'gamma2': 0.7028282284736633, 'lambda_': 114.9304137293519, 'sigma2': 0.3909595012664795, 'p': 50, 'batch_size': 128, 'eval_every': 15, 'vgd_step_size': np.float64(0.08), 'vgd_lengthscales': (np.float64(0.2875), np.float64(0.575), np.float64(1.15))}",0.29268
vgd,"{'gamma2': 0.7028282284736633, 'lambda_': 114.9304137293519, 'sigma2': 0.3909595012664795, 'p': 50, 'batch_size': 128, 'eval_every': 15, 'vgd_step_size': np.float64(0.08), 'vgd_lengthscales': (np.float64(0.32708333333333334), np.float64(0.6541666666666667), np.float64(1.3083333333333333))}",0.29459
vgd,"{'gamma2': 0.7028282284736633, 'lambda_': 114.9304137293519, 'sigma2': 0.3909595012664795, 'p': 50, 'batch_size': 128, 'eval_every': 15, 'vgd_step_size': np.float64(0.08), 'vgd_lengthscales': (np.float64(0.36666666666666664), np.float64(0.7333333333333333), np.float64(1.4666666666666666))}",0.29596
vgd,"{'gamma2': 0.7028282284736633, 'lambda_': 114.9304137293519, 'sigma2': 0.3909595012664795, 'p': 50, 'batch_size': 128, 'eval_every': 15, 'vgd_step_size': np.float64(0.08), 'vgd_lengthscales': (np.float64(0.40624999999999994), np.float64(0.8124999999999999), np.float64(1.6249999999999998))}",0.29706
vgd,"{'gamma2': 0.7028282284736633, 'lambda_': 114.9304137293519, 'sigma2': 0.3909595012664795, 'p': 50, 'batch_size': 128, 'eval_every': 15, 'vgd_step_size': np.float64(0.08), 'vgd_lengthscales': (np.float64(0.4458333333333333), np.float64(0.8916666666666666), np.float64(1.7833333333333332))}",0.29869
vgd,"{'gamma2': 0.7028282284736633, 'lambda_': 114.9304137293519, 'sigma2': 0.3909595012664795, 'p': 50, 'batch_size': 128, 'eval_every': 15, 'vgd_step_size': np.float64(0.08), 'vgd_lengthscales': (np.float64(0.48541666666666666), np.float64(0.9708333333333333), np.float64(1.9416666666666667))}",0.30028
vgd,"{'gamma2': 0.7028282284736633, 'lambda_': 114.9304137293519, 'sigma2': 0.3909595012664795, 'p': 50, 'batch_size': 128, 'eval_every': 15, 'vgd_step_size': np.float64(0.08), 'vgd_lengthscales': (np.float64(0.525), np.float64(1.05), np.float64(2.1))}",0.30082
vgd,"{'gamma2': 0.7028282284736633, 'lambda_': 114.9304137293519, 'sigma2': 0.3909595012664795, 'p': 50, 'batch_size': 128, 'eval_every': 15, 'vgd_step_size': np.float64(0.08), 'vgd_lengthscales': (np.float64(0.5645833333333333), np.float64(1.1291666666666667), np.float64(2.2583333333333333))}",0.30302
vgd,"{'gamma2': 0.7028282284736633, 'lambda_': 114.9304137293519, 'sigma2': 0.3909595012664795, 'p': 50, 'batch_size': 128, 'eval_every': 15, 'vgd_step_size': np.float64(0.08), 'vgd_lengthscales': (np.float64(0.6041666666666667), np.float64(1.2083333333333335), np.float64(2.416666666666667))}",0.30426
vgd,"{'gamma2': 0.7028282284736633, 'lambda_': 114.9304137293519, 'sigma2': 0.3909595012664795, 'p': 50, 'batch_size': 128, 'eval_every': 15, 'vgd_step_size': np.float64(0.08), 'vgd_lengthscales': (np.float64(0.64375), np.float64(1.2875), np.float64(2.575))}",0.30541
vgd,"{'gamma2': 0.7028282284736633, 'lambda_': 114.9304137293519, 'sigma2': 0.3909595012664795, 'p': 50, 'batch_size': 128, 'eval_every': 15, 'vgd_step_size': np.float64(0.08), 'vgd_lengthscales': (np.float64(0.6833333333333333), np.float64(1.3666666666666667), np.float64(2.7333333333333334))}",0.30644
vgd,"{'gamma2': 0.7028282284736633, 'lambda_': 114.9304137293519, 'sigma2': 0.3909595012664795, 'p': 50, 'batch_size': 128, 'eval_every': 15, 'vgd_step_size': np.float64(0.08), 'vgd_lengthscales': (np.float64(0.7229166666666667), np.float64(1.4458333333333333), np.float64(2.8916666666666666))}",0.30768
vgd,"{'gamma2': 0.7028282284736633, 'lambda_': 114.9304137293519, 'sigma2': 0.3909595012664795, 'p': 50, 'batch_size': 128, 'eval_every': 15, 'vgd_step_size': np.float64(0.08), 'vgd_lengthscales': (np.float64(0.7625), np.float64(1.525), np.float64(3.05))}",0.30940
vgd,"{'gamma2': 0.7028282284736633, 'lambda_': 114.9304137293519, 'sigma2': 0.3909595012664795, 'p': 50, 'batch_size': 128, 'eval_every': 15, 'vgd_step_size': np.float64(0.08), 'vgd_lengthscales': (np.float64(0.8020833333333334), np.float64(1.6041666666666667), np.float64(3.2083333333333335))}",0.31027
vgd,"{'gamma2': 0.7028282284736633, 'lambda_': 114.9304137293519, 'sigma2': 0.3909595012664795, 'p': 50, 'batch_size': 128, 'eval_every': 15, 'vgd_step_size': np.float64(0.08), 'vgd_lengthscales': (np.float64(0.8416666666666667), np.float64(1.6833333333333333), np.float64(3.3666666666666667))}",0.31150
vgd,"{'gamma2': 0.7028282284736633, 'lambda_': 114.9304137293519, 'sigma2': 0.3909595012664795, 'p': 50, 'batch_size': 128, 'eval_every': 15, 'vgd_step_size': np.float64(0.08), 'vgd_lengthscales': (np.float64(0.88125), np.float64(1.7625), np.float64(3.525))}",0.31334
vgd,"{'gamma2': 0.7028282284736633, 'lambda_': 114.9304137293519, 'sigma2': 0.3909595012664795, 'p': 50, 'batch_size': 128, 'eval_every': 15, 'vgd_step_size': np.float64(0.08), 'vgd_lengthscales': (np.float64(0.9208333333333334), np.float64(1.8416666666666668), np.float64(3.6833333333333336))}",0.31413
vgd,"{'gamma2': 0.7028282284736633, 'lambda_': 114.9304137293519, 'sigma2': 0.3909595012664795, 'p': 50, 'batch_size': 128, 'eval_every': 15, 'vgd_step_size': np.float64(0.08), 'vgd_lengthscales': (np.float64(0.9604166666666667), np.float64(1.9208333333333334), np.float64(3.841666666666667))}",0.31540
vgd,"{'gamma2': 0.7028282284736633, 'lambda_': 114.9304137293519, 'sigma2': 0.3909595012664795, 'p': 50, 'batch_size': 128, 'eval_every': 15, 'vgd_step_size': np.float64(0.08), 'vgd_lengthscales': (np.float64(1.0), np.float64(2.0), np.float64(4.0))}",0.31653
fr_mirror,"{'gamma2': 0.7028282284736633, 'lambda_': 114.9304137293519, 'sigma2': 0.3909595012664795, 'p': 50, 'batch_size': 128, 'eval_every': 15, 'eta_w': np.float64(0.0005)}",0.50484
fr_mirror,"{'gamma2': 0.7028282284736633, 'lambda_': 114.9304137293519, 'sigma2': 0.3909595012664795, 'p': 50, 'batch_size': 128, 'eval_every': 15, 'eta_w': np.float64(0.0025625)}",0.44967
fr_mirror,"{'gamma2': 0.7028282284736633, 'lambda_': 114.9304137293519, 'sigma2': 0.3909595012664795, 'p': 50, 'batch_size': 128, 'eval_every': 15, 'eta_w': np.float64(0.004625000000000001)}",0.44554
fr_mirror,"{'gamma2': 0.7028282284736633, 'lambda_': 114.9304137293519, 'sigma2': 0.3909595012664795, 'p': 50, 'batch_size': 128, 'eval_every': 15, 'eta_w': np.float64(0.006687500000000001)}",0.44464
fr_mirror,"{'gamma2': 0.7028282284736633, 'lambda_': 114.9304137293519, 'sigma2': 0.3909595012664795, 'p': 50, 'batch_size': 128, 'eval_every': 15, 'eta_w': np.float64(0.00875)}",0.44441
fr_mirror,"{'gamma2': 0.7028282284736633, 'lambda_': 114.9304137293519, 'sigma2': 0.3909595012664795, 'p': 50, 'batch_size': 128, 'eval_every': 15, 'eta_w': np.float64(0.010812500000000001)}",0.44440
fr_mirror,"{'gamma2': 0.7028282284736633, 'lambda_': 114.9304137293519, 'sigma2': 0.3909595012664795, 'p': 50, 'batch_size': 128, 'eval_every': 15, 'eta_w': np.float64(0.012875000000000001)}",0.44448
fr_mirror,"{'gamma2': 0.7028282284736633, 'lambda_': 114.9304137293519, 'sigma2': 0.3909595012664795, 'p': 50, 'batch_size': 128, 'eval_every': 15, 'eta_w': np.float64(0.014937500000000001)}",0.44460
fr_mirror,"{'gamma2': 0.7028282284736633, 'lambda_': 114.9304137293519, 'sigma2': 0.3909595012664795, 'p': 50, 'batch_size': 128, 'eval_every': 15, 'eta_w': np.float64(0.017)}",0.44474
fr_mirror,"{'gamma2': 0.7028282284736633, 'lambda_': 114.9304137293519, 'sigma2': 0.3909595012664795, 'p': 50, 'batch_size': 128, 'eval_every': 15, 'eta_w': np.float64(0.019062500000000003)}",0.44489
fr_mirror,"{'gamma2': 0.7028282284736633, 'lambda_': 114.9304137293519, 'sigma2': 0.3909595012664795, 'p': 50, 'batch_size': 128, 'eval_every': 15, 'eta_w': np.float64(0.021125)}",0.44505
fr_mirror,"{'gamma2': 0.7028282284736633, 'lambda_': 114.9304137293519, 'sigma2': 0.3909595012664795, 'p': 50, 'batch_size': 128, 'eval_every': 15, 'eta_w': np.float64(0.0231875)}",0.44521
fr_mirror,"{'gamma2': 0.7028282284736633, 'lambda_': 114.9304137293519, 'sigma2': 0.3909595012664795, 'p': 50, 'batch_size': 128, 'eval_every': 15, 'eta_w': np.float64(0.02525)}",0.44538
fr_mirror,"{'gamma2': 0.7028282284736633, 'lambda_': 114.9304137293519, 'sigma2': 0.3909595012664795, 'p': 50, 'batch_size': 128, 'eval_every': 15, 'eta_w': np.float64(0.027312500000000003)}",0.44554
fr_mirror,"{'gamma2': 0.7028282284736633, 'lambda_': 114.9304137293519, 'sigma2': 0.3909595012664795, 'p': 50, 'batch_size': 128, 'eval_every': 15, 'eta_w': np.float64(0.029375000000000002)}",0.44571
fr_mirror,"{'gamma2': 0.7028282284736633, 'lambda_': 114.9304137293519, 'sigma2': 0.3909595012664795, 'p': 50, 'batch_size': 128, 'eval_every': 15, 'eta_w': np.float64(0.0314375)}",0.44588
fr_mirror,"{'gamma2': 0.7028282284736633, 'lambda_': 114.9304137293519, 'sigma2': 0.3909595012664795, 'p': 50, 'batch_size': 128, 'eval_every': 15, 'eta_w': np.float64(0.0335)}",0.44605
fr_mirror,"{'gamma2': 0.7028282284736633, 'lambda_': 114.9304137293519, 'sigma2': 0.3909595012664795, 'p': 50, 'batch_size': 128, 'eval_every': 15, 'eta_w': np.float64(0.035562500000000004)}",0.44623
fr_mirror,"{'gamma2': 0.7028282284736633, 'lambda_': 114.9304137293519, 'sigma2': 0.3909595012664795, 'p': 50, 'batch_size': 128, 'eval_every': 15, 'eta_w': np.float64(0.037625000000000006)}",0.44640
fr_mirror,"{'gamma2': 0.7028282284736633, 'lambda_': 114.9304137293519, 'sigma2': 0.3909595012664795, 'p': 50, 'batch_size': 128, 'eval_every': 15, 'eta_w': np.float64(0.0396875)}",0.44658
fr_mirror,"{'gamma2': 0.7028282284736633, 'lambda_': 114.9304137293519, 'sigma2': 0.3909595012664795, 'p': 50, 'batch_size': 128, 'eval_every': 15, 'eta_w': np.float64(0.04175)}",0.44676
fr_mirror,"{'gamma2': 0.7028282284736633, 'lambda_': 114.9304137293519, 'sigma2': 0.3909595012664795, 'p': 50, 'batch_size': 128, 'eval_every': 15, 'eta_w': np.float64(0.043812500000000004)}",0.44694
fr_mirror,"{'gamma2': 0.7028282284736633, 'lambda_': 114.9304137293519, 'sigma2': 0.3909595012664795, 'p': 50, 'batch_size': 128, 'eval_every': 15, 'eta_w': np.float64(0.045875)}",0.44713
fr_mirror,"{'gamma2': 0.7028282284736633, 'lambda_': 114.9304137293519, 'sigma2': 0.3909595012664795, 'p': 50, 'batch_size': 128, 'eval_every': 15, 'eta_w': np.float64(0.0479375)}",0.44731
fr_mirror,"{'gamma2': 0.7028282284736633, 'lambda_': 114.9304137293519, 'sigma2': 0.3909595012664795, 'p': 50, 'batch_size': 128, 'eval_every': 15, 'eta_w': np.float64(0.05)}",0.44750
wfr_smc,"{'gamma2': 0.7028282284736633, 'lambda_': 114.9304137293519, 'sigma2': 0.3909595012664795, 'p': 50, 'batch_size': 128, 'eval_every': 15, 'dt': np.float64(0.0001)}",0.47951
wfr_smc,"{'gamma2': 0.7028282284736633, 'lambda_': 114.9304137293519, 'sigma2': 0.3909595012664795, 'p': 50, 'batch_size': 128, 'eval_every': 15, 'dt': np.float64(0.0005125)}",0.33515
wfr_smc,"{'gamma2': 0.7028282284736633, 'lambda_': 114.9304137293519, 'sigma2': 0.3909595012664795, 'p': 50, 'batch_size': 128, 'eval_every': 15, 'dt': np.float64(0.0009250000000000001)}",0.31699
wfr_smc,"{'gamma2': 0.7028282284736633, 'lambda_': 114.9304137293519, 'sigma2': 0.3909595012664795, 'p': 50, 'batch_size': 128, 'eval_every': 15, 'dt': np.float64(0.0013375000000000001)}",0.30395
wfr_smc,"{'gamma2': 0.7028282284736633, 'lambda_': 114.9304137293519, 'sigma2': 0.3909595012664795, 'p': 50, 'batch_size': 128, 'eval_every': 15, 'dt': np.float64(0.0017500000000000003)}",0.29855
wfr_smc,"{'gamma2': 0.7028282284736633, 'lambda_': 114.9304137293519, 'sigma2': 0.3909595012664795, 'p': 50, 'batch_size': 128, 'eval_every': 15, 'dt': np.float64(0.0021625)}",0.30099
wfr_smc,"{'gamma2': 0.7028282284736633, 'lambda_': 114.9304137293519, 'sigma2': 0.3909595012664795, 'p': 50, 'batch_size': 128, 'eval_every': 15, 'dt': np.float64(0.002575)}",0.30107
wfr_smc,"{'gamma2': 0.7028282284736633, 'lambda_': 114.9304137293519, 'sigma2': 0.3909595012664795, 'p': 50, 'batch_size': 128, 'eval_every': 15, 'dt': np.float64(0.0029875)}",0.29902
wfr_smc,"{'gamma2': 0.7028282284736633, 'lambda_': 114.9304137293519, 'sigma2': 0.3909595012664795, 'p': 50, 'batch_size': 128, 'eval_every': 15, 'dt': np.float64(0.0034000000000000002)}",0.29967
wfr_smc,"{'gamma2': 0.7028282284736633, 'lambda_': 114.9304137293519, 'sigma2': 0.3909595012664795, 'p': 50, 'batch_size': 128, 'eval_every': 15, 'dt': np.float64(0.0038125000000000004)}",0.30083
wfr_smc,"{'gamma2': 0.7028282284736633, 'lambda_': 114.9304137293519, 'sigma2': 0.3909595012664795, 'p': 50, 'batch_size': 128, 'eval_every': 15, 'dt': np.float64(0.0042250000000000005)}",0.29900
wfr_smc,"{'gamma2': 0.7028282284736633, 'lambda_': 114.9304137293519, 'sigma2': 0.3909595012664795, 'p': 50, 'batch_size': 128, 'eval_every': 15, 'dt': np.float64(0.004637500000000001)}",0.30029
wfr_smc,"{'gamma2': 0.7028282284736633, 'lambda_': 114.9304137293519, 'sigma2': 0.3909595012664795, 'p': 50, 'batch_size': 128, 'eval_every': 15, 'dt': np.float64(0.005050000000000001)}",0.30042
wfr_smc,"{'gamma2': 0.7028282284736633, 'lambda_': 114.9304137293519, 'sigma2': 0.3909595012664795, 'p': 50, 'batch_size': 128, 'eval_every': 15, 'dt': np.float64(0.005462500000000001)}",0.29996
wfr_smc,"{'gamma2': 0.7028282284736633, 'lambda_': 114.9304137293519, 'sigma2': 0.3909595012664795, 'p': 50, 'batch_size': 128, 'eval_every': 15, 'dt': np.float64(0.005875000000000001)}",0.29799
wfr_smc,"{'gamma2': 0.7028282284736633, 'lambda_': 114.9304137293519, 'sigma2': 0.3909595012664795, 'p': 50, 'batch_size': 128, 'eval_every': 15, 'dt': np.float64(0.006287500000000001)}",0.30037
wfr_smc,"{'gamma2': 0.7028282284736633, 'lambda_': 114.9304137293519, 'sigma2': 0.3909595012664795, 'p': 50, 'batch_size': 128, 'eval_every': 15, 'dt': np.float64(0.006700000000000001)}",0.30040
wfr_smc,"{'gamma2': 0.7028282284736633, 'lambda_': 114.9304137293519, 'sigma2': 0.3909595012664795, 'p': 50, 'batch_size': 128, 'eval_every': 15, 'dt': np.float64(0.007112500000000001)}",0.30343
wfr_smc,"{'gamma2': 0.7028282284736633, 'lambda_': 114.9304137293519, 'sigma2': 0.3909595012664795, 'p': 50, 'batch_size': 128, 'eval_every': 15, 'dt': np.float64(0.007525000000000001)}",0.30073
wfr_smc,"{'gamma2': 0.7028282284736633, 'lambda_': 114.9304137293519, 'sigma2': 0.3909595012664795, 'p': 50, 'batch_size': 128, 'eval_every': 15, 'dt': np.float64(0.0079375)}",0.29979
wfr_smc,"{'gamma2': 0.7028282284736633, 'lambda_': 114.9304137293519, 'sigma2': 0.3909595012664795, 'p': 50, 'batch_size': 128, 'eval_every': 15, 'dt': np.float64(0.00835)}",0.30285
wfr_smc,"{'gamma2': 0.7028282284736633, 'lambda_': 114.9304137293519, 'sigma2': 0.3909595012664795, 'p': 50, 'batch_size': 128, 'eval_every': 15, 'dt': np.float64(0.008762500000000001)}",0.30066
wfr_smc,"{'gamma2': 0.7028282284736633, 'lambda_': 114.9304137293519, 'sigma2': 0.3909595012664795, 'p': 50, 'batch_size': 128, 'eval_every': 15, 'dt': np.float64(0.009175)}",0.30169
wfr_smc,"{'gamma2': 0.7028282284736633, 'lambda_': 114.9304137293519, 'sigma2': 0.3909595012664795, 'p': 50, 'batch_size': 128, 'eval_every': 15, 'dt': np.float64(0.0095875)}",0.30190
wfr_smc,"{'gamma2': 0.7028282284736633, 'lambda_': 114.9304137293519, 'sigma2': 0.3909595012664795, 'p': 50, 'batch_size': 128, 'eval_every': 15, 'dt': np.float64(0.01)}",0.30209
wfr_bdl,"{'gamma2': 0.7028282284736633, 'lambda_': 114.9304137293519, 'sigma2': 0.3909595012664795, 'p': 50, 'batch_size': 128, 'eval_every': 15, 'dt': np.float64(0.0001), 'kde_bandwidth': np.float64(0.2)}",0.49216
wfr_bdl,"{'gamma2': 0.7028282284736633, 'lambda_': 114.9304137293519, 'sigma2': 0.3909595012664795, 'p': 50, 'batch_size': 128, 'eval_every': 15, 'dt': np.float64(0.0001), 'kde_bandwidth': np.float64(0.29583333333333334)}",0.49216
wfr_bdl,"{'gamma2': 0.7028282284736633, 'lambda_': 114.9304137293519, 'sigma2': 0.3909595012664795, 'p': 50, 'batch_size': 128, 'eval_every': 15, 'dt': np.float64(0.0001), 'kde_bandwidth': np.float64(0.39166666666666666)}",0.49216
wfr_bdl,"{'gamma2': 0.7028282284736633, 'lambda_': 114.9304137293519, 'sigma2': 0.3909595012664795, 'p': 50, 'batch_size': 128, 'eval_every': 15, 'dt': np.float64(0.0001), 'kde_bandwidth': np.float64(0.4875)}",0.49216
wfr_bdl,"{'gamma2': 0.7028282284736633, 'lambda_': 114.9304137293519, 'sigma2': 0.3909595012664795, 'p': 50, 'batch_size': 128, 'eval_every': 15, 'dt': np.float64(0.0001), 'kde_bandwidth': np.float64(0.5833333333333333)}",0.49216
wfr_bdl,"{'gamma2': 0.7028282284736633, 'lambda_': 114.9304137293519, 'sigma2': 0.3909595012664795, 'p': 50, 'batch_size': 128, 'eval_every': 15, 'dt': np.float64(0.0001), 'kde_bandwidth': np.float64(0.6791666666666667)}",0.49216
wfr_bdl,"{'gamma2': 0.7028282284736633, 'lambda_': 114.9304137293519, 'sigma2': 0.3909595012664795, 'p': 50, 'batch_size': 128, 'eval_every': 15, 'dt': np.float64(0.0001), 'kde_bandwidth': np.float64(0.7749999999999999)}",0.49216
wfr_bdl,"{'gamma2': 0.7028282284736633, 'lambda_': 114.9304137293519, 'sigma2': 0.3909595012664795, 'p': 50, 'batch_size': 128, 'eval_every': 15, 'dt': np.float64(0.0001), 'kde_bandwidth': np.float64(0.8708333333333333)}",0.49216
wfr_bdl,"{'gamma2': 0.7028282284736633, 'lambda_': 114.9304137293519, 'sigma2': 0.3909595012664795, 'p': 50, 'batch_size': 128, 'eval_every': 15, 'dt': np.float64(0.0001), 'kde_bandwidth': np.float64(0.9666666666666666)}",0.49216
wfr_bdl,"{'gamma2': 0.7028282284736633, 'lambda_': 114.9304137293519, 'sigma2': 0.3909595012664795, 'p': 50, 'batch_size': 128, 'eval_every': 15, 'dt': np.float64(0.0001), 'kde_bandwidth': np.float64(1.0625)}",0.49216
wfr_bdl,"{'gamma2': 0.7028282284736633, 'lambda_': 114.9304137293519, 'sigma2': 0.3909595012664795, 'p': 50, 'batch_size': 128, 'eval_every': 15, 'dt': np.float64(0.0001), 'kde_bandwidth': np.float64(1.1583333333333332)}",0.49216
wfr_bdl,"{'gamma2': 0.7028282284736633, 'lambda_': 114.9304137293519, 'sigma2': 0.3909595012664795, 'p': 50, 'batch_size': 128, 'eval_every': 15, 'dt': np.float64(0.0001), 'kde_bandwidth': np.float64(1.2541666666666667)}",0.49216
wfr_bdl,"{'gamma2': 0.7028282284736633, 'lambda_': 114.9304137293519, 'sigma2': 0.3909595012664795, 'p': 50, 'batch_size': 128, 'eval_every': 15, 'dt': np.float64(0.0001), 'kde_bandwidth': np.float64(1.3499999999999999)}",0.49216
wfr_bdl,"{'gamma2': 0.7028282284736633, 'lambda_': 114.9304137293519, 'sigma2': 0.3909595012664795, 'p': 50, 'batch_size': 128, 'eval_every': 15, 'dt': np.float64(0.0001), 'kde_bandwidth': np.float64(1.445833333333333)}",0.49216
wfr_bdl,"{'gamma2': 0.7028282284736633, 'lambda_': 114.9304137293519, 'sigma2': 0.3909595012664795, 'p': 50, 'batch_size': 128, 'eval_every': 15, 'dt': np.float64(0.0001), 'kde_bandwidth': np.float64(1.5416666666666665)}",0.49216
wfr_bdl,"{'gamma2': 0.7028282284736633, 'lambda_': 114.9304137293519, 'sigma2': 0.3909595012664795, 'p': 50, 'batch_size': 128, 'eval_every': 15, 'dt': np.float64(0.0001), 'kde_bandwidth': np.float64(1.6375)}",0.49216
wfr_bdl,"{'gamma2': 0.7028282284736633, 'lambda_': 114.9304137293519, 'sigma2': 0.3909595012664795, 'p': 50, 'batch_size': 128, 'eval_every': 15, 'dt': np.float64(0.0001), 'kde_bandwidth': np.float64(1.7333333333333332)}",0.49216
wfr_bdl,"{'gamma2': 0.7028282284736633, 'lambda_': 114.9304137293519, 'sigma2': 0.3909595012664795, 'p': 50, 'batch_size': 128, 'eval_every': 15, 'dt': np.float64(0.0001), 'kde_bandwidth': np.float64(1.8291666666666664)}",0.49216
wfr_bdl,"{'gamma2': 0.7028282284736633, 'lambda_': 114.9304137293519, 'sigma2': 0.3909595012664795, 'p': 50, 'batch_size': 128, 'eval_every': 15, 'dt': np.float64(0.0001), 'kde_bandwidth': np.float64(1.9249999999999998)}",0.49216
wfr_bdl,"{'gamma2': 0.7028282284736633, 'lambda_': 114.9304137293519, 'sigma2': 0.3909595012664795, 'p': 50, 'batch_size': 128, 'eval_every': 15, 'dt': np.float64(0.0001), 'kde_bandwidth': np.float64(2.0208333333333335)}",0.49216
wfr_bdl,"{'gamma2': 0.7028282284736633, 'lambda_': 114.9304137293519, 'sigma2': 0.3909595012664795, 'p': 50, 'batch_size': 128, 'eval_every': 15, 'dt': np.float64(0.0001), 'kde_bandwidth': np.float64(2.1166666666666667)}",0.49216
wfr_bdl,"{'gamma2': 0.7028282284736633, 'lambda_': 114.9304137293519, 'sigma2': 0.3909595012664795, 'p': 50, 'batch_size': 128, 'eval_every': 15, 'dt': np.float64(0.0001), 'kde_bandwidth': np.float64(2.2125)}",0.49216
wfr_bdl,"{'gamma2': 0.7028282284736633, 'lambda_': 114.9304137293519, 'sigma2': 0.3909595012664795, 'p': 50, 'batch_size': 128, 'eval_every': 15, 'dt': np.float64(0.0001), 'kde_bandwidth': np.float64(2.3083333333333336)}",0.49216
wfr_bdl,"{'gamma2': 0.7028282284736633, 'lambda_': 114.9304137293519, 'sigma2': 0.3909595012664795, 'p': 50, 'batch_size': 128, 'eval_every': 15, 'dt': np.float64(0.0001), 'kde_bandwidth': np.float64(2.404166666666667)}",0.49216
wfr_bdl,"{'gamma2': 0.7028282284736633, 'lambda_': 114.9304137293519, 'sigma2': 0.3909595012664795, 'p': 50, 'batch_size': 128, 'eval_every': 15, 'dt': np.float64(0.0001), 'kde_bandwidth': np.float64(2.5)}",0.49216
wfr_bdl,"{'gamma2': 0.7028282284736633, 'lambda_': 114.9304137293519, 'sigma2': 0.3909595012664795, 'p': 50, 'batch_size': 128, 'eval_every': 15, 'dt': np.float64(0.0005125), 'kde_bandwidth': np.float64(0.2)}",0.32850
wfr_bdl,"{'gamma2': 0.7028282284736633, 'lambda_': 114.9304137293519, 'sigma2': 0.3909595012664795, 'p': 50, 'batch_size': 128, 'eval_every': 15, 'dt': np.float64(0.0005125), 'kde_bandwidth': np.float64(0.29583333333333334)}",0.32850
wfr_bdl,"{'gamma2': 0.7028282284736633, 'lambda_': 114.9304137293519, 'sigma2': 0.3909595012664795, 'p': 50, 'batch_size': 128, 'eval_every': 15, 'dt': np.float64(0.0005125), 'kde_bandwidth': np.float64(0.39166666666666666)}",0.32850
wfr_bdl,"{'gamma2': 0.7028282284736633, 'lambda_': 114.9304137293519, 'sigma2': 0.3909595012664795, 'p': 50, 'batch_size': 128, 'eval_every': 15, 'dt': np.float64(0.0005125), 'kde_bandwidth': np.float64(0.4875)}",0.32850
wfr_bdl,"{'gamma2': 0.7028282284736633, 'lambda_': 114.9304137293519, 'sigma2': 0.3909595012664795, 'p': 50, 'batch_size': 128, 'eval_every': 15, 'dt': np.float64(0.0005125), 'kde_bandwidth': np.float64(0.5833333333333333)}",0.32850
wfr_bdl,"{'gamma2': 0.7028282284736633, 'lambda_': 114.9304137293519, 'sigma2': 0.3909595012664795, 'p': 50, 'batch_size': 128, 'eval_every': 15, 'dt': np.float64(0.0005125), 'kde_bandwidth': np.float64(0.6791666666666667)}",0.32850
wfr_bdl,"{'gamma2': 0.7028282284736633, 'lambda_': 114.9304137293519, 'sigma2': 0.3909595012664795, 'p': 50, 'batch_size': 128, 'eval_every': 15, 'dt': np.float64(0.0005125), 'kde_bandwidth': np.float64(0.7749999999999999)}",0.32850
wfr_bdl,"{'gamma2': 0.7028282284736633, 'lambda_': 114.9304137293519, 'sigma2': 0.3909595012664795, 'p': 50, 'batch_size': 128, 'eval_every': 15, 'dt': np.float64(0.0005125), 'kde_bandwidth': np.float64(0.8708333333333333)}",0.32850
wfr_bdl,"{'gamma2': 0.7028282284736633, 'lambda_': 114.9304137293519, 'sigma2': 0.3909595012664795, 'p': 50, 'batch_size': 128, 'eval_every': 15, 'dt': np.float64(0.0005125), 'kde_bandwidth': np.float64(0.9666666666666666)}",0.32850
wfr_bdl,"{'gamma2': 0.7028282284736633, 'lambda_': 114.9304137293519, 'sigma2': 0.3909595012664795, 'p': 50, 'batch_size': 128, 'eval_every': 15, 'dt': np.float64(0.0005125), 'kde_bandwidth': np.float64(1.0625)}",0.32850
wfr_bdl,"{'gamma2': 0.7028282284736633, 'lambda_': 114.9304137293519, 'sigma2': 0.3909595012664795, 'p': 50, 'batch_size': 128, 'eval_every': 15, 'dt': np.float64(0.0005125), 'kde_bandwidth': np.float64(1.1583333333333332)}",0.32850
wfr_bdl,"{'gamma2': 0.7028282284736633, 'lambda_': 114.9304137293519, 'sigma2': 0.3909595012664795, 'p': 50, 'batch_size': 128, 'eval_every': 15, 'dt': np.float64(0.0005125), 'kde_bandwidth': np.float64(1.2541666666666667)}",0.32850
wfr_bdl,"{'gamma2': 0.7028282284736633, 'lambda_': 114.9304137293519, 'sigma2': 0.3909595012664795, 'p': 50, 'batch_size': 128, 'eval_every': 15, 'dt': np.float64(0.0005125), 'kde_bandwidth': np.float64(1.3499999999999999)}",0.32850
wfr_bdl,"{'gamma2': 0.7028282284736633, 'lambda_': 114.9304137293519, 'sigma2': 0.3909595012664795, 'p': 50, 'batch_size': 128, 'eval_every': 15, 'dt': np.float64(0.0005125), 'kde_bandwidth': np.float64(1.445833333333333)}",0.32850
wfr_bdl,"{'gamma2': 0.7028282284736633, 'lambda_': 114.9304137293519, 'sigma2': 0.3909595012664795, 'p': 50, 'batch_size': 128, 'eval_every': 15, 'dt': np.float64(0.0005125), 'kde_bandwidth': np.float64(1.5416666666666665)}",0.32850
wfr_bdl,"{'gamma2': 0.7028282284736633, 'lambda_': 114.9304137293519, 'sigma2': 0.3909595012664795, 'p': 50, 'batch_size': 128, 'eval_every': 15, 'dt': np.float64(0.0005125), 'kde_bandwidth': np.float64(1.6375)}",0.32850
wfr_bdl,"{'gamma2': 0.7028282284736633, 'lambda_': 114.9304137293519, 'sigma2': 0.3909595012664795, 'p': 50, 'batch_size': 128, 'eval_every': 15, 'dt': np.float64(0.0005125), 'kde_bandwidth': np.float64(1.7333333333333332)}",0.32850
wfr_bdl,"{'gamma2': 0.7028282284736633, 'lambda_': 114.9304137293519, 'sigma2': 0.3909595012664795, 'p': 50, 'batch_size': 128, 'eval_every': 15, 'dt': np.float64(0.0005125), 'kde_bandwidth': np.float64(1.8291666666666664)}",0.32850
wfr_bdl,"{'gamma2': 0.7028282284736633, 'lambda_': 114.9304137293519, 'sigma2': 0.3909595012664795, 'p': 50, 'batch_size': 128, 'eval_every': 15, 'dt': np.float64(0.0005125), 'kde_bandwidth': np.float64(1.9249999999999998)}",0.32850
wfr_bdl,"{'gamma2': 0.7028282284736633, 'lambda_': 114.9304137293519, 'sigma2': 0.3909595012664795, 'p': 50, 'batch_size': 128, 'eval_every': 15, 'dt': np.float64(0.0005125), 'kde_bandwidth': np.float64(2.0208333333333335)}",0.32850
wfr_bdl,"{'gamma2': 0.7028282284736633, 'lambda_': 114.9304137293519, 'sigma2': 0.3909595012664795, 'p': 50, 'batch_size': 128, 'eval_every': 15, 'dt': np.float64(0.0005125), 'kde_bandwidth': np.float64(2.1166666666666667)}",0.32850
wfr_bdl,"{'gamma2': 0.7028282284736633, 'lambda_': 114.9304137293519, 'sigma2': 0.3909595012664795, 'p': 50, 'batch_size': 128, 'eval_every': 15, 'dt': np.float64(0.0005125), 'kde_bandwidth': np.float64(2.2125)}",0.32850
wfr_bdl,"{'gamma2': 0.7028282284736633, 'lambda_': 114.9304137293519, 'sigma2': 0.3909595012664795, 'p': 50, 'batch_size': 128, 'eval_every': 15, 'dt': np.float64(0.0005125), 'kde_bandwidth': np.float64(2.3083333333333336)}",0.32850
wfr_bdl,"{'gamma2': 0.7028282284736633, 'lambda_': 114.9304137293519, 'sigma2': 0.3909595012664795, 'p': 50, 'batch_size': 128, 'eval_every': 15, 'dt': np.float64(0.0005125), 'kde_bandwidth': np.float64(2.404166666666667)}",0.32850
wfr_bdl,"{'gamma2': 0.7028282284736633, 'lambda_': 114.9304137293519, 'sigma2': 0.3909595012664795, 'p': 50, 'batch_size': 128, 'eval_every': 15, 'dt': np.float64(0.0005125), 'kde_bandwidth': np.float64(2.5)}",0.32850
wfr_bdl,"{'gamma2': 0.7028282284736633, 'lambda_': 114.9304137293519, 'sigma2': 0.3909595012664795, 'p': 50, 'batch_size': 128, 'eval_every': 15, 'dt': np.float64(0.0009250000000000001), 'kde_bandwidth': np.float64(0.2)}",0.30354
wfr_bdl,"{'gamma2': 0.7028282284736633, 'lambda_': 114.9304137293519, 'sigma2': 0.3909595012664795, 'p': 50, 'batch_size': 128, 'eval_every': 15, 'dt': np.float64(0.0009250000000000001), 'kde_bandwidth': np.float64(0.29583333333333334)}",0.30301
wfr_bdl,"{'gamma2': 0.7028282284736633, 'lambda_': 114.9304137293519, 'sigma2': 0.3909595012664795, 'p': 50, 'batch_size': 128, 'eval_every': 15, 'dt': np.float64(0.0009250000000000001), 'kde_bandwidth': np.float64(0.39166666666666666)}",0.30970
wfr_bdl,"{'gamma2': 0.7028282284736633, 'lambda_': 114.9304137293519, 'sigma2': 0.3909595012664795, 'p': 50, 'batch_size': 128, 'eval_every': 15, 'dt': np.float64(0.0009250000000000001), 'kde_bandwidth': np.float64(0.4875)}",0.30732
wfr_bdl,"{'gamma2': 0.7028282284736633, 'lambda_': 114.9304137293519, 'sigma2': 0.3909595012664795, 'p': 50, 'batch_size': 128, 'eval_every': 15, 'dt': np.float64(0.0009250000000000001), 'kde_bandwidth': np.float64(0.5833333333333333)}",0.30884
wfr_bdl,"{'gamma2': 0.7028282284736633, 'lambda_': 114.9304137293519, 'sigma2': 0.3909595012664795, 'p': 50, 'batch_size': 128, 'eval_every': 15, 'dt': np.float64(0.0009250000000000001), 'kde_bandwidth': np.float64(0.6791666666666667)}",0.30884
wfr_bdl,"{'gamma2': 0.7028282284736633, 'lambda_': 114.9304137293519, 'sigma2': 0.3909595012664795, 'p': 50, 'batch_size': 128, 'eval_every': 15, 'dt': np.float64(0.0009250000000000001), 'kde_bandwidth': np.float64(0.7749999999999999)}",0.30840
wfr_bdl,"{'gamma2': 0.7028282284736633, 'lambda_': 114.9304137293519, 'sigma2': 0.3909595012664795, 'p': 50, 'batch_size': 128, 'eval_every': 15, 'dt': np.float64(0.0009250000000000001), 'kde_bandwidth': np.float64(0.8708333333333333)}",0.30840
wfr_bdl,"{'gamma2': 0.7028282284736633, 'lambda_': 114.9304137293519, 'sigma2': 0.3909595012664795, 'p': 50, 'batch_size': 128, 'eval_every': 15, 'dt': np.float64(0.0009250000000000001), 'kde_bandwidth': np.float64(0.9666666666666666)}",0.30935
wfr_bdl,"{'gamma2': 0.7028282284736633, 'lambda_': 114.9304137293519, 'sigma2': 0.3909595012664795, 'p': 50, 'batch_size': 128, 'eval_every': 15, 'dt': np.float64(0.0009250000000000001), 'kde_bandwidth': np.float64(1.0625)}",0.30935
wfr_bdl,"{'gamma2': 0.7028282284736633, 'lambda_': 114.9304137293519, 'sigma2': 0.3909595012664795, 'p': 50, 'batch_size': 128, 'eval_every': 15, 'dt': np.float64(0.0009250000000000001), 'kde_bandwidth': np.float64(1.1583333333333332)}",0.30935
wfr_bdl,"{'gamma2': 0.7028282284736633, 'lambda_': 114.9304137293519, 'sigma2': 0.3909595012664795, 'p': 50, 'batch_size': 128, 'eval_every': 15, 'dt': np.float64(0.0009250000000000001), 'kde_bandwidth': np.float64(1.2541666666666667)}",0.30935
wfr_bdl,"{'gamma2': 0.7028282284736633, 'lambda_': 114.9304137293519, 'sigma2': 0.3909595012664795, 'p': 50, 'batch_size': 128, 'eval_every': 15, 'dt': np.float64(0.0009250000000000001), 'kde_bandwidth': np.float64(1.3499999999999999)}",0.30935
wfr_bdl,"{'gamma2': 0.7028282284736633, 'lambda_': 114.9304137293519, 'sigma2': 0.3909595012664795, 'p': 50, 'batch_size': 128, 'eval_every': 15, 'dt': np.float64(0.0009250000000000001), 'kde_bandwidth': np.float64(1.445833333333333)}",0.30848
wfr_bdl,"{'gamma2': 0.7028282284736633, 'lambda_': 114.9304137293519, 'sigma2': 0.3909595012664795, 'p': 50, 'batch_size': 128, 'eval_every': 15, 'dt': np.float64(0.0009250000000000001), 'kde_bandwidth': np.float64(1.5416666666666665)}",0.30848
wfr_bdl,"{'gamma2': 0.7028282284736633, 'lambda_': 114.9304137293519, 'sigma2': 0.3909595012664795, 'p': 50, 'batch_size': 128, 'eval_every': 15, 'dt': np.float64(0.0009250000000000001), 'kde_bandwidth': np.float64(1.6375)}",0.31491
wfr_bdl,"{'gamma2': 0.7028282284736633, 'lambda_': 114.9304137293519, 'sigma2': 0.3909595012664795, 'p': 50, 'batch_size': 128, 'eval_every': 15, 'dt': np.float64(0.0009250000000000001), 'kde_bandwidth': np.float64(1.7333333333333332)}",0.31194
wfr_bdl,"{'gamma2': 0.7028282284736633, 'lambda_': 114.9304137293519, 'sigma2': 0.3909595012664795, 'p': 50, 'batch_size': 128, 'eval_every': 15, 'dt': np.float64(0.0009250000000000001), 'kde_bandwidth': np.float64(1.8291666666666664)}",0.31194
wfr_bdl,"{'gamma2': 0.7028282284736633, 'lambda_': 114.9304137293519, 'sigma2': 0.3909595012664795, 'p': 50, 'batch_size': 128, 'eval_every': 15, 'dt': np.float64(0.0009250000000000001), 'kde_bandwidth': np.float64(1.9249999999999998)}",0.31194
wfr_bdl,"{'gamma2': 0.7028282284736633, 'lambda_': 114.9304137293519, 'sigma2': 0.3909595012664795, 'p': 50, 'batch_size': 128, 'eval_every': 15, 'dt': np.float64(0.0009250000000000001), 'kde_bandwidth': np.float64(2.0208333333333335)}",0.31194
wfr_bdl,"{'gamma2': 0.7028282284736633, 'lambda_': 114.9304137293519, 'sigma2': 0.3909595012664795, 'p': 50, 'batch_size': 128, 'eval_every': 15, 'dt': np.float64(0.0009250000000000001), 'kde_bandwidth': np.float64(2.1166666666666667)}",0.31045
wfr_bdl,"{'gamma2': 0.7028282284736633, 'lambda_': 114.9304137293519, 'sigma2': 0.3909595012664795, 'p': 50, 'batch_size': 128, 'eval_every': 15, 'dt': np.float64(0.0009250000000000001), 'kde_bandwidth': np.float64(2.2125)}",0.31045
wfr_bdl,"{'gamma2': 0.7028282284736633, 'lambda_': 114.9304137293519, 'sigma2': 0.3909595012664795, 'p': 50, 'batch_size': 128, 'eval_every': 15, 'dt': np.float64(0.0009250000000000001), 'kde_bandwidth': np.float64(2.3083333333333336)}",0.31045
wfr_bdl,"{'gamma2': 0.7028282284736633, 'lambda_': 114.9304137293519, 'sigma2': 0.3909595012664795, 'p': 50, 'batch_size': 128, 'eval_every': 15, 'dt': np.float64(0.0009250000000000001), 'kde_bandwidth': np.float64(2.404166666666667)}",0.31045
wfr_bdl,"{'gamma2': 0.7028282284736633, 'lambda_': 114.9304137293519, 'sigma2': 0.3909595012664795, 'p': 50, 'batch_size': 128, 'eval_every': 15, 'dt': np.float64(0.0009250000000000001), 'kde_bandwidth': np.float64(2.5)}",0.31045
wfr_bdl,"{'gamma2': 0.7028282284736633, 'lambda_': 114.9304137293519, 'sigma2': 0.3909595012664795, 'p': 50, 'batch_size': 128, 'eval_every': 15, 'dt': np.float64(0.0013375000000000001), 'kde_bandwidth': np.float64(0.2)}",0.30129
wfr_bdl,"{'gamma2': 0.7028282284736633, 'lambda_': 114.9304137293519, 'sigma2': 0.3909595012664795, 'p': 50, 'batch_size': 128, 'eval_every': 15, 'dt': np.float64(0.0013375000000000001), 'kde_bandwidth': np.float64(0.29583333333333334)}",0.30349
wfr_bdl,"{'gamma2': 0.7028282284736633, 'lambda_': 114.9304137293519, 'sigma2': 0.3909595012664795, 'p': 50, 'batch_size': 128, 'eval_every': 15, 'dt': np.float64(0.0013375000000000001), 'kde_bandwidth': np.float64(0.39166666666666666)}",0.30349
wfr_bdl,"{'gamma2': 0.7028282284736633, 'lambda_': 114.9304137293519, 'sigma2': 0.3909595012664795, 'p': 50, 'batch_size': 128, 'eval_every': 15, 'dt': np.float64(0.0013375000000000001), 'kde_bandwidth': np.float64(0.4875)}",0.30224
wfr_bdl,"{'gamma2': 0.7028282284736633, 'lambda_': 114.9304137293519, 'sigma2': 0.3909595012664795, 'p': 50, 'batch_size': 128, 'eval_every': 15, 'dt': np.float64(0.0013375000000000001), 'kde_bandwidth': np.float64(0.5833333333333333)}",0.30224
wfr_bdl,"{'gamma2': 0.7028282284736633, 'lambda_': 114.9304137293519, 'sigma2': 0.3909595012664795, 'p': 50, 'batch_size': 128, 'eval_every': 15, 'dt': np.float64(0.0013375000000000001), 'kde_bandwidth': np.float64(0.6791666666666667)}",0.30224
wfr_bdl,"{'gamma2': 0.7028282284736633, 'lambda_': 114.9304137293519, 'sigma2': 0.3909595012664795, 'p': 50, 'batch_size': 128, 'eval_every': 15, 'dt': np.float64(0.0013375000000000001), 'kde_bandwidth': np.float64(0.7749999999999999)}",0.30091
wfr_bdl,"{'gamma2': 0.7028282284736633, 'lambda_': 114.9304137293519, 'sigma2': 0.3909595012664795, 'p': 50, 'batch_size': 128, 'eval_every': 15, 'dt': np.float64(0.0013375000000000001), 'kde_bandwidth': np.float64(0.8708333333333333)}",0.30028
wfr_bdl,"{'gamma2': 0.7028282284736633, 'lambda_': 114.9304137293519, 'sigma2': 0.3909595012664795, 'p': 50, 'batch_size': 128, 'eval_every': 15, 'dt': np.float64(0.0013375000000000001), 'kde_bandwidth': np.float64(0.9666666666666666)}",0.30028
wfr_bdl,"{'gamma2': 0.7028282284736633, 'lambda_': 114.9304137293519, 'sigma2': 0.3909595012664795, 'p': 50, 'batch_size': 128, 'eval_every': 15, 'dt': np.float64(0.0013375000000000001), 'kde_bandwidth': np.float64(1.0625)}",0.30224
wfr_bdl,"{'gamma2': 0.7028282284736633, 'lambda_': 114.9304137293519, 'sigma2': 0.3909595012664795, 'p': 50, 'batch_size': 128, 'eval_every': 15, 'dt': np.float64(0.0013375000000000001), 'kde_bandwidth': np.float64(1.1583333333333332)}",0.30224
wfr_bdl,"{'gamma2': 0.7028282284736633, 'lambda_': 114.9304137293519, 'sigma2': 0.3909595012664795, 'p': 50, 'batch_size': 128, 'eval_every': 15, 'dt': np.float64(0.0013375000000000001), 'kde_bandwidth': np.float64(1.2541666666666667)}",0.30349
wfr_bdl,"{'gamma2': 0.7028282284736633, 'lambda_': 114.9304137293519, 'sigma2': 0.3909595012664795, 'p': 50, 'batch_size': 128, 'eval_every': 15, 'dt': np.float64(0.0013375000000000001), 'kde_bandwidth': np.float64(1.3499999999999999)}",0.30349
wfr_bdl,"{'gamma2': 0.7028282284736633, 'lambda_': 114.9304137293519, 'sigma2': 0.3909595012664795, 'p': 50, 'batch_size': 128, 'eval_every': 15, 'dt': np.float64(0.0013375000000000001), 'kde_bandwidth': np.float64(1.445833333333333)}",0.30349
wfr_bdl,"{'gamma2': 0.7028282284736633, 'lambda_': 114.9304137293519, 'sigma2': 0.3909595012664795, 'p': 50, 'batch_size': 128, 'eval_every': 15, 'dt': np.float64(0.0013375000000000001), 'kde_bandwidth': np.float64(1.5416666666666665)}",0.30349
wfr_bdl,"{'gamma2': 0.7028282284736633, 'lambda_': 114.9304137293519, 'sigma2': 0.3909595012664795, 'p': 50, 'batch_size': 128, 'eval_every': 15, 'dt': np.float64(0.0013375000000000001), 'kde_bandwidth': np.float64(1.6375)}",0.30349
wfr_bdl,"{'gamma2': 0.7028282284736633, 'lambda_': 114.9304137293519, 'sigma2': 0.3909595012664795, 'p': 50, 'batch_size': 128, 'eval_every': 15, 'dt': np.float64(0.0013375000000000001), 'kde_bandwidth': np.float64(1.7333333333333332)}",0.30349
wfr_bdl,"{'gamma2': 0.7028282284736633, 'lambda_': 114.9304137293519, 'sigma2': 0.3909595012664795, 'p': 50, 'batch_size': 128, 'eval_every': 15, 'dt': np.float64(0.0013375000000000001), 'kde_bandwidth': np.float64(1.8291666666666664)}",0.30349
wfr_bdl,"{'gamma2': 0.7028282284736633, 'lambda_': 114.9304137293519, 'sigma2': 0.3909595012664795, 'p': 50, 'batch_size': 128, 'eval_every': 15, 'dt': np.float64(0.0013375000000000001), 'kde_bandwidth': np.float64(1.9249999999999998)}",0.30349
wfr_bdl,"{'gamma2': 0.7028282284736633, 'lambda_': 114.9304137293519, 'sigma2': 0.3909595012664795, 'p': 50, 'batch_size': 128, 'eval_every': 15, 'dt': np.float64(0.0013375000000000001), 'kde_bandwidth': np.float64(2.0208333333333335)}",0.30349
wfr_bdl,"{'gamma2': 0.7028282284736633, 'lambda_': 114.9304137293519, 'sigma2': 0.3909595012664795, 'p': 50, 'batch_size': 128, 'eval_every': 15, 'dt': np.float64(0.0013375000000000001), 'kde_bandwidth': np.float64(2.1166666666666667)}",0.30349
wfr_bdl,"{'gamma2': 0.7028282284736633, 'lambda_': 114.9304137293519, 'sigma2': 0.3909595012664795, 'p': 50, 'batch_size': 128, 'eval_every': 15, 'dt': np.float64(0.0013375000000000001), 'kde_bandwidth': np.float64(2.2125)}",0.30349
wfr_bdl,"{'gamma2': 0.7028282284736633, 'lambda_': 114.9304137293519, 'sigma2': 0.3909595012664795, 'p': 50, 'batch_size': 128, 'eval_every': 15, 'dt': np.float64(0.0013375000000000001), 'kde_bandwidth': np.float64(2.3083333333333336)}",0.30349
wfr_bdl,"{'gamma2': 0.7028282284736633, 'lambda_': 114.9304137293519, 'sigma2': 0.3909595012664795, 'p': 50, 'batch_size': 128, 'eval_every': 15, 'dt': np.float64(0.0013375000000000001), 'kde_bandwidth': np.float64(2.404166666666667)}",0.30349
wfr_bdl,"{'gamma2': 0.7028282284736633, 'lambda_': 114.9304137293519, 'sigma2': 0.3909595012664795, 'p': 50, 'batch_size': 128, 'eval_every': 15, 'dt': np.float64(0.0013375000000000001), 'kde_bandwidth': np.float64(2.5)}",0.30349
wfr_bdl,"{'gamma2': 0.7028282284736633, 'lambda_': 114.9304137293519, 'sigma2': 0.3909595012664795, 'p': 50, 'batch_size': 128, 'eval_every': 15, 'dt': np.float64(0.0017500000000000003), 'kde_bandwidth': np.float64(0.2)}",0.29933
wfr_bdl,"{'gamma2': 0.7028282284736633, 'lambda_': 114.9304137293519, 'sigma2': 0.3909595012664795, 'p': 50, 'batch_size': 128, 'eval_every': 15, 'dt': np.float64(0.0017500000000000003), 'kde_bandwidth': np.float64(0.29583333333333334)}",0.30183
wfr_bdl,"{'gamma2': 0.7028282284736633, 'lambda_': 114.9304137293519, 'sigma2': 0.3909595012664795, 'p': 50, 'batch_size': 128, 'eval_every': 15, 'dt': np.float64(0.0017500000000000003), 'kde_bandwidth': np.float64(0.39166666666666666)}",0.30330
wfr_bdl,"{'gamma2': 0.7028282284736633, 'lambda_': 114.9304137293519, 'sigma2': 0.3909595012664795, 'p': 50, 'batch_size': 128, 'eval_every': 15, 'dt': np.float64(0.0017500000000000003), 'kde_bandwidth': np.float64(0.4875)}",0.30192
wfr_bdl,"{'gamma2': 0.7028282284736633, 'lambda_': 114.9304137293519, 'sigma2': 0.3909595012664795, 'p': 50, 'batch_size': 128, 'eval_every': 15, 'dt': np.float64(0.0017500000000000003), 'kde_bandwidth': np.float64(0.5833333333333333)}",0.30456
wfr_bdl,"{'gamma2': 0.7028282284736633, 'lambda_': 114.9304137293519, 'sigma2': 0.3909595012664795, 'p': 50, 'batch_size': 128, 'eval_every': 15, 'dt': np.float64(0.0017500000000000003), 'kde_bandwidth': np.float64(0.6791666666666667)}",0.29976
wfr_bdl,"{'gamma2': 0.7028282284736633, 'lambda_': 114.9304137293519, 'sigma2': 0.3909595012664795, 'p': 50, 'batch_size': 128, 'eval_every': 15, 'dt': np.float64(0.0017500000000000003), 'kde_bandwidth': np.float64(0.7749999999999999)}",0.30156
wfr_bdl,"{'gamma2': 0.7028282284736633, 'lambda_': 114.9304137293519, 'sigma2': 0.3909595012664795, 'p': 50, 'batch_size': 128, 'eval_every': 15, 'dt': np.float64(0.0017500000000000003), 'kde_bandwidth': np.float64(0.8708333333333333)}",0.29579
wfr_bdl,"{'gamma2': 0.7028282284736633, 'lambda_': 114.9304137293519, 'sigma2': 0.3909595012664795, 'p': 50, 'batch_size': 128, 'eval_every': 15, 'dt': np.float64(0.0017500000000000003), 'kde_bandwidth': np.float64(0.9666666666666666)}",0.29579
wfr_bdl,"{'gamma2': 0.7028282284736633, 'lambda_': 114.9304137293519, 'sigma2': 0.3909595012664795, 'p': 50, 'batch_size': 128, 'eval_every': 15, 'dt': np.float64(0.0017500000000000003), 'kde_bandwidth': np.float64(1.0625)}",0.29579
wfr_bdl,"{'gamma2': 0.7028282284736633, 'lambda_': 114.9304137293519, 'sigma2': 0.3909595012664795, 'p': 50, 'batch_size': 128, 'eval_every': 15, 'dt': np.float64(0.0017500000000000003), 'kde_bandwidth': np.float64(1.1583333333333332)}",0.29579
wfr_bdl,"{'gamma2': 0.7028282284736633, 'lambda_': 114.9304137293519, 'sigma2': 0.3909595012664795, 'p': 50, 'batch_size': 128, 'eval_every': 15, 'dt': np.float64(0.0017500000000000003), 'kde_bandwidth': np.float64(1.2541666666666667)}",0.29579
wfr_bdl,"{'gamma2': 0.7028282284736633, 'lambda_': 114.9304137293519, 'sigma2': 0.3909595012664795, 'p': 50, 'batch_size': 128, 'eval_every': 15, 'dt': np.float64(0.0017500000000000003), 'kde_bandwidth': np.float64(1.3499999999999999)}",0.29961
wfr_bdl,"{'gamma2': 0.7028282284736633, 'lambda_': 114.9304137293519, 'sigma2': 0.3909595012664795, 'p': 50, 'batch_size': 128, 'eval_every': 15, 'dt': np.float64(0.0017500000000000003), 'kde_bandwidth': np.float64(1.445833333333333)}",0.30180
wfr_bdl,"{'gamma2': 0.7028282284736633, 'lambda_': 114.9304137293519, 'sigma2': 0.3909595012664795, 'p': 50, 'batch_size': 128, 'eval_every': 15, 'dt': np.float64(0.0017500000000000003), 'kde_bandwidth': np.float64(1.5416666666666665)}",0.29888
wfr_bdl,"{'gamma2': 0.7028282284736633, 'lambda_': 114.9304137293519, 'sigma2': 0.3909595012664795, 'p': 50, 'batch_size': 128, 'eval_every': 15, 'dt': np.float64(0.0017500000000000003), 'kde_bandwidth': np.float64(1.6375)}",0.29888
wfr_bdl,"{'gamma2': 0.7028282284736633, 'lambda_': 114.9304137293519, 'sigma2': 0.3909595012664795, 'p': 50, 'batch_size': 128, 'eval_every': 15, 'dt': np.float64(0.0017500000000000003), 'kde_bandwidth': np.float64(1.7333333333333332)}",0.29744
wfr_bdl,"{'gamma2': 0.7028282284736633, 'lambda_': 114.9304137293519, 'sigma2': 0.3909595012664795, 'p': 50, 'batch_size': 128, 'eval_every': 15, 'dt': np.float64(0.0017500000000000003), 'kde_bandwidth': np.float64(1.8291666666666664)}",0.29398
wfr_bdl,"{'gamma2': 0.7028282284736633, 'lambda_': 114.9304137293519, 'sigma2': 0.3909595012664795, 'p': 50, 'batch_size': 128, 'eval_every': 15, 'dt': np.float64(0.0017500000000000003), 'kde_bandwidth': np.float64(1.9249999999999998)}",0.29398
wfr_bdl,"{'gamma2': 0.7028282284736633, 'lambda_': 114.9304137293519, 'sigma2': 0.3909595012664795, 'p': 50, 'batch_size': 128, 'eval_every': 15, 'dt': np.float64(0.0017500000000000003), 'kde_bandwidth': np.float64(2.0208333333333335)}",0.29398
wfr_bdl,"{'gamma2': 0.7028282284736633, 'lambda_': 114.9304137293519, 'sigma2': 0.3909595012664795, 'p': 50, 'batch_size': 128, 'eval_every': 15, 'dt': np.float64(0.0017500000000000003), 'kde_bandwidth': np.float64(2.1166666666666667)}",0.29398
wfr_bdl,"{'gamma2': 0.7028282284736633, 'lambda_': 114.9304137293519, 'sigma2': 0.3909595012664795, 'p': 50, 'batch_size': 128, 'eval_every': 15, 'dt': np.float64(0.0017500000000000003), 'kde_bandwidth': np.float64(2.2125)}",0.29398
wfr_bdl,"{'gamma2': 0.7028282284736633, 'lambda_': 114.9304137293519, 'sigma2': 0.3909595012664795, 'p': 50, 'batch_size': 128, 'eval_every': 15, 'dt': np.float64(0.0017500000000000003), 'kde_bandwidth': np.float64(2.3083333333333336)}",0.29398
wfr_bdl,"{'gamma2': 0.7028282284736633, 'lambda_': 114.9304137293519, 'sigma2': 0.3909595012664795, 'p': 50, 'batch_size': 128, 'eval_every': 15, 'dt': np.float64(0.0017500000000000003), 'kde_bandwidth': np.float64(2.404166666666667)}",0.29398
wfr_bdl,"{'gamma2': 0.7028282284736633, 'lambda_': 114.9304137293519, 'sigma2': 0.3909595012664795, 'p': 50, 'batch_size': 128, 'eval_every': 15, 'dt': np.float64(0.0017500000000000003), 'kde_bandwidth': np.float64(2.5)}",0.29398
wfr_bdl,"{'gamma2': 0.7028282284736633, 'lambda_': 114.9304137293519, 'sigma2': 0.3909595012664795, 'p': 50, 'batch_size': 128, 'eval_every': 15, 'dt': np.float64(0.0021625), 'kde_bandwidth': np.float64(0.2)}",0.30155
wfr_bdl,"{'gamma2': 0.7028282284736633, 'lambda_': 114.9304137293519, 'sigma2': 0.3909595012664795, 'p': 50, 'batch_size': 128, 'eval_every': 15, 'dt': np.float64(0.0021625), 'kde_bandwidth': np.float64(0.29583333333333334)}",0.30155
wfr_bdl,"{'gamma2': 0.7028282284736633, 'lambda_': 114.9304137293519, 'sigma2': 0.3909595012664795, 'p': 50, 'batch_size': 128, 'eval_every': 15, 'dt': np.float64(0.0021625), 'kde_bandwidth': np.float64(0.39166666666666666)}",0.29989
wfr_bdl,"{'gamma2': 0.7028282284736633, 'lambda_': 114.9304137293519, 'sigma2': 0.3909595012664795, 'p': 50, 'batch_size': 128, 'eval_every': 15, 'dt': np.float64(0.0021625), 'kde_bandwidth': np.float64(0.4875)}",0.30128
wfr_bdl,"{'gamma2': 0.7028282284736633, 'lambda_': 114.9304137293519, 'sigma2': 0.3909595012664795, 'p': 50, 'batch_size': 128, 'eval_every': 15, 'dt': np.float64(0.0021625), 'kde_bandwidth': np.float64(0.5833333333333333)}",0.30038
wfr_bdl,"{'gamma2': 0.7028282284736633, 'lambda_': 114.9304137293519, 'sigma2': 0.3909595012664795, 'p': 50, 'batch_size': 128, 'eval_every': 15, 'dt': np.float64(0.0021625), 'kde_bandwidth': np.float64(0.6791666666666667)}",0.30038
wfr_bdl,"{'gamma2': 0.7028282284736633, 'lambda_': 114.9304137293519, 'sigma2': 0.3909595012664795, 'p': 50, 'batch_size': 128, 'eval_every': 15, 'dt': np.float64(0.0021625), 'kde_bandwidth': np.float64(0.7749999999999999)}",0.30053
wfr_bdl,"{'gamma2': 0.7028282284736633, 'lambda_': 114.9304137293519, 'sigma2': 0.3909595012664795, 'p': 50, 'batch_size': 128, 'eval_every': 15, 'dt': np.float64(0.0021625), 'kde_bandwidth': np.float64(0.8708333333333333)}",0.29874
wfr_bdl,"{'gamma2': 0.7028282284736633, 'lambda_': 114.9304137293519, 'sigma2': 0.3909595012664795, 'p': 50, 'batch_size': 128, 'eval_every': 15, 'dt': np.float64(0.0021625), 'kde_bandwidth': np.float64(0.9666666666666666)}",0.29874
wfr_bdl,"{'gamma2': 0.7028282284736633, 'lambda_': 114.9304137293519, 'sigma2': 0.3909595012664795, 'p': 50, 'batch_size': 128, 'eval_every': 15, 'dt': np.float64(0.0021625), 'kde_bandwidth': np.float64(1.0625)}",0.30370
wfr_bdl,"{'gamma2': 0.7028282284736633, 'lambda_': 114.9304137293519, 'sigma2': 0.3909595012664795, 'p': 50, 'batch_size': 128, 'eval_every': 15, 'dt': np.float64(0.0021625), 'kde_bandwidth': np.float64(1.1583333333333332)}",0.30038
wfr_bdl,"{'gamma2': 0.7028282284736633, 'lambda_': 114.9304137293519, 'sigma2': 0.3909595012664795, 'p': 50, 'batch_size': 128, 'eval_every': 15, 'dt': np.float64(0.0021625), 'kde_bandwidth': np.float64(1.2541666666666667)}",0.29621
wfr_bdl,"{'gamma2': 0.7028282284736633, 'lambda_': 114.9304137293519, 'sigma2': 0.3909595012664795, 'p': 50, 'batch_size': 128, 'eval_every': 15, 'dt': np.float64(0.0021625), 'kde_bandwidth': np.float64(1.3499999999999999)}",0.29621
wfr_bdl,"{'gamma2': 0.7028282284736633, 'lambda_': 114.9304137293519, 'sigma2': 0.3909595012664795, 'p': 50, 'batch_size': 128, 'eval_every': 15, 'dt': np.float64(0.0021625), 'kde_bandwidth': np.float64(1.445833333333333)}",0.29621
wfr_bdl,"{'gamma2': 0.7028282284736633, 'lambda_': 114.9304137293519, 'sigma2': 0.3909595012664795, 'p': 50, 'batch_size': 128, 'eval_every': 15, 'dt': np.float64(0.0021625), 'kde_bandwidth': np.float64(1.5416666666666665)}",0.29621
wfr_bdl,"{'gamma2': 0.7028282284736633, 'lambda_': 114.9304137293519, 'sigma2': 0.3909595012664795, 'p': 50, 'batch_size': 128, 'eval_every': 15, 'dt': np.float64(0.0021625), 'kde_bandwidth': np.float64(1.6375)}",0.29621
wfr_bdl,"{'gamma2': 0.7028282284736633, 'lambda_': 114.9304137293519, 'sigma2': 0.3909595012664795, 'p': 50, 'batch_size': 128, 'eval_every': 15, 'dt': np.float64(0.0021625), 'kde_bandwidth': np.float64(1.7333333333333332)}",0.29621
wfr_bdl,"{'gamma2': 0.7028282284736633, 'lambda_': 114.9304137293519, 'sigma2': 0.3909595012664795, 'p': 50, 'batch_size': 128, 'eval_every': 15, 'dt': np.float64(0.0021625), 'kde_bandwidth': np.float64(1.8291666666666664)}",0.29621
wfr_bdl,"{'gamma2': 0.7028282284736633, 'lambda_': 114.9304137293519, 'sigma2': 0.3909595012664795, 'p': 50, 'batch_size': 128, 'eval_every': 15, 'dt': np.float64(0.0021625), 'kde_bandwidth': np.float64(1.9249999999999998)}",0.29621
wfr_bdl,"{'gamma2': 0.7028282284736633, 'lambda_': 114.9304137293519, 'sigma2': 0.3909595012664795, 'p': 50, 'batch_size': 128, 'eval_every': 15, 'dt': np.float64(0.0021625), 'kde_bandwidth': np.float64(2.0208333333333335)}",0.29759
wfr_bdl,"{'gamma2': 0.7028282284736633, 'lambda_': 114.9304137293519, 'sigma2': 0.3909595012664795, 'p': 50, 'batch_size': 128, 'eval_every': 15, 'dt': np.float64(0.0021625), 'kde_bandwidth': np.float64(2.1166666666666667)}",0.29703
wfr_bdl,"{'gamma2': 0.7028282284736633, 'lambda_': 114.9304137293519, 'sigma2': 0.3909595012664795, 'p': 50, 'batch_size': 128, 'eval_every': 15, 'dt': np.float64(0.0021625), 'kde_bandwidth': np.float64(2.2125)}",0.29703
wfr_bdl,"{'gamma2': 0.7028282284736633, 'lambda_': 114.9304137293519, 'sigma2': 0.3909595012664795, 'p': 50, 'batch_size': 128, 'eval_every': 15, 'dt': np.float64(0.0021625), 'kde_bandwidth': np.float64(2.3083333333333336)}",0.29637
wfr_bdl,"{'gamma2': 0.7028282284736633, 'lambda_': 114.9304137293519, 'sigma2': 0.3909595012664795, 'p': 50, 'batch_size': 128, 'eval_every': 15, 'dt': np.float64(0.0021625), 'kde_bandwidth': np.float64(2.404166666666667)}",0.29637
wfr_bdl,"{'gamma2': 0.7028282284736633, 'lambda_': 114.9304137293519, 'sigma2': 0.3909595012664795, 'p': 50, 'batch_size': 128, 'eval_every': 15, 'dt': np.float64(0.0021625), 'kde_bandwidth': np.float64(2.5)}",0.29637
wfr_bdl,"{'gamma2': 0.7028282284736633, 'lambda_': 114.9304137293519, 'sigma2': 0.3909595012664795, 'p': 50, 'batch_size': 128, 'eval_every': 15, 'dt': np.float64(0.002575), 'kde_bandwidth': np.float64(0.2)}",0.29979
wfr_bdl,"{'gamma2': 0.7028282284736633, 'lambda_': 114.9304137293519, 'sigma2': 0.3909595012664795, 'p': 50, 'batch_size': 128, 'eval_every': 15, 'dt': np.float64(0.002575), 'kde_bandwidth': np.float64(0.29583333333333334)}",0.30020
wfr_bdl,"{'gamma2': 0.7028282284736633, 'lambda_': 114.9304137293519, 'sigma2': 0.3909595012664795, 'p': 50, 'batch_size': 128, 'eval_every': 15, 'dt': np.float64(0.002575), 'kde_bandwidth': np.float64(0.39166666666666666)}",0.30020
wfr_bdl,"{'gamma2': 0.7028282284736633, 'lambda_': 114.9304137293519, 'sigma2': 0.3909595012664795, 'p': 50, 'batch_size': 128, 'eval_every': 15, 'dt': np.float64(0.002575), 'kde_bandwidth': np.float64(0.4875)}",0.29637
wfr_bdl,"{'gamma2': 0.7028282284736633, 'lambda_': 114.9304137293519, 'sigma2': 0.3909595012664795, 'p': 50, 'batch_size': 128, 'eval_every': 15, 'dt': np.float64(0.002575), 'kde_bandwidth': np.float64(0.5833333333333333)}",0.29721
wfr_bdl,"{'gamma2': 0.7028282284736633, 'lambda_': 114.9304137293519, 'sigma2': 0.3909595012664795, 'p': 50, 'batch_size': 128, 'eval_every': 15, 'dt': np.float64(0.002575), 'kde_bandwidth': np.float64(0.6791666666666667)}",0.30019
wfr_bdl,"{'gamma2': 0.7028282284736633, 'lambda_': 114.9304137293519, 'sigma2': 0.3909595012664795, 'p': 50, 'batch_size': 128, 'eval_every': 15, 'dt': np.float64(0.002575), 'kde_bandwidth': np.float64(0.7749999999999999)}",0.30170
wfr_bdl,"{'gamma2': 0.7028282284736633, 'lambda_': 114.9304137293519, 'sigma2': 0.3909595012664795, 'p': 50, 'batch_size': 128, 'eval_every': 15, 'dt': np.float64(0.002575), 'kde_bandwidth': np.float64(0.8708333333333333)}",0.29648
wfr_bdl,"{'gamma2': 0.7028282284736633, 'lambda_': 114.9304137293519, 'sigma2': 0.3909595012664795, 'p': 50, 'batch_size': 128, 'eval_every': 15, 'dt': np.float64(0.002575), 'kde_bandwidth': np.float64(0.9666666666666666)}",0.29648
wfr_bdl,"{'gamma2': 0.7028282284736633, 'lambda_': 114.9304137293519, 'sigma2': 0.3909595012664795, 'p': 50, 'batch_size': 128, 'eval_every': 15, 'dt': np.float64(0.002575), 'kde_bandwidth': np.float64(1.0625)}",0.29843
wfr_bdl,"{'gamma2': 0.7028282284736633, 'lambda_': 114.9304137293519, 'sigma2': 0.3909595012664795, 'p': 50, 'batch_size': 128, 'eval_every': 15, 'dt': np.float64(0.002575), 'kde_bandwidth': np.float64(1.1583333333333332)}",0.29803
wfr_bdl,"{'gamma2': 0.7028282284736633, 'lambda_': 114.9304137293519, 'sigma2': 0.3909595012664795, 'p': 50, 'batch_size': 128, 'eval_every': 15, 'dt': np.float64(0.002575), 'kde_bandwidth': np.float64(1.2541666666666667)}",0.29803
wfr_bdl,"{'gamma2': 0.7028282284736633, 'lambda_': 114.9304137293519, 'sigma2': 0.3909595012664795, 'p': 50, 'batch_size': 128, 'eval_every': 15, 'dt': np.float64(0.002575), 'kde_bandwidth': np.float64(1.3499999999999999)}",0.29803
wfr_bdl,"{'gamma2': 0.7028282284736633, 'lambda_': 114.9304137293519, 'sigma2': 0.3909595012664795, 'p': 50, 'batch_size': 128, 'eval_every': 15, 'dt': np.float64(0.002575), 'kde_bandwidth': np.float64(1.445833333333333)}",0.29803
wfr_bdl,"{'gamma2': 0.7028282284736633, 'lambda_': 114.9304137293519, 'sigma2': 0.3909595012664795, 'p': 50, 'batch_size': 128, 'eval_every': 15, 'dt': np.float64(0.002575), 'kde_bandwidth': np.float64(1.5416666666666665)}",0.30022
wfr_bdl,"{'gamma2': 0.7028282284736633, 'lambda_': 114.9304137293519, 'sigma2': 0.3909595012664795, 'p': 50, 'batch_size': 128, 'eval_every': 15, 'dt': np.float64(0.002575), 'kde_bandwidth': np.float64(1.6375)}",0.30022
wfr_bdl,"{'gamma2': 0.7028282284736633, 'lambda_': 114.9304137293519, 'sigma2': 0.3909595012664795, 'p': 50, 'batch_size': 128, 'eval_every': 15, 'dt': np.float64(0.002575), 'kde_bandwidth': np.float64(1.7333333333333332)}",0.30022
wfr_bdl,"{'gamma2': 0.7028282284736633, 'lambda_': 114.9304137293519, 'sigma2': 0.3909595012664795, 'p': 50, 'batch_size': 128, 'eval_every': 15, 'dt': np.float64(0.002575), 'kde_bandwidth': np.float64(1.8291666666666664)}",0.29994
wfr_bdl,"{'gamma2': 0.7028282284736633, 'lambda_': 114.9304137293519, 'sigma2': 0.3909595012664795, 'p': 50, 'batch_size': 128, 'eval_every': 15, 'dt': np.float64(0.002575), 'kde_bandwidth': np.float64(1.9249999999999998)}",0.29994
wfr_bdl,"{'gamma2': 0.7028282284736633, 'lambda_': 114.9304137293519, 'sigma2': 0.3909595012664795, 'p': 50, 'batch_size': 128, 'eval_every': 15, 'dt': np.float64(0.002575), 'kde_bandwidth': np.float64(2.0208333333333335)}",0.29994
wfr_bdl,"{'gamma2': 0.7028282284736633, 'lambda_': 114.9304137293519, 'sigma2': 0.3909595012664795, 'p': 50, 'batch_size': 128, 'eval_every': 15, 'dt': np.float64(0.002575), 'kde_bandwidth': np.float64(2.1166666666666667)}",0.29994
wfr_bdl,"{'gamma2': 0.7028282284736633, 'lambda_': 114.9304137293519, 'sigma2': 0.3909595012664795, 'p': 50, 'batch_size': 128, 'eval_every': 15, 'dt': np.float64(0.002575), 'kde_bandwidth': np.float64(2.2125)}",0.29994
wfr_bdl,"{'gamma2': 0.7028282284736633, 'lambda_': 114.9304137293519, 'sigma2': 0.3909595012664795, 'p': 50, 'batch_size': 128, 'eval_every': 15, 'dt': np.float64(0.002575), 'kde_bandwidth': np.float64(2.3083333333333336)}",0.29618
wfr_bdl,"{'gamma2': 0.7028282284736633, 'lambda_': 114.9304137293519, 'sigma2': 0.3909595012664795, 'p': 50, 'batch_size': 128, 'eval_every': 15, 'dt': np.float64(0.002575), 'kde_bandwidth': np.float64(2.404166666666667)}",0.29972
wfr_bdl,"{'gamma2': 0.7028282284736633, 'lambda_': 114.9304137293519, 'sigma2': 0.3909595012664795, 'p': 50, 'batch_size': 128, 'eval_every': 15, 'dt': np.float64(0.002575), 'kde_bandwidth': np.float64(2.5)}",0.29972
wfr_bdl,"{'gamma2': 0.7028282284736633, 'lambda_': 114.9304137293519, 'sigma2': 0.3909595012664795, 'p': 50, 'batch_size': 128, 'eval_every': 15, 'dt': np.float64(0.0029875), 'kde_bandwidth': np.float64(0.2)}",0.30610
wfr_bdl,"{'gamma2': 0.7028282284736633, 'lambda_': 114.9304137293519, 'sigma2': 0.3909595012664795, 'p': 50, 'batch_size': 128, 'eval_every': 15, 'dt': np.float64(0.0029875), 'kde_bandwidth': np.float64(0.29583333333333334)}",0.30610
wfr_bdl,"{'gamma2': 0.7028282284736633, 'lambda_': 114.9304137293519, 'sigma2': 0.3909595012664795, 'p': 50, 'batch_size': 128, 'eval_every': 15, 'dt': np.float64(0.0029875), 'kde_bandwidth': np.float64(0.39166666666666666)}",0.29765
wfr_bdl,"{'gamma2': 0.7028282284736633, 'lambda_': 114.9304137293519, 'sigma2': 0.3909595012664795, 'p': 50, 'batch_size': 128, 'eval_every': 15, 'dt': np.float64(0.0029875), 'kde_bandwidth': np.float64(0.4875)}",0.29765
wfr_bdl,"{'gamma2': 0.7028282284736633, 'lambda_': 114.9304137293519, 'sigma2': 0.3909595012664795, 'p': 50, 'batch_size': 128, 'eval_every': 15, 'dt': np.float64(0.0029875), 'kde_bandwidth': np.float64(0.5833333333333333)}",0.29716
wfr_bdl,"{'gamma2': 0.7028282284736633, 'lambda_': 114.9304137293519, 'sigma2': 0.3909595012664795, 'p': 50, 'batch_size': 128, 'eval_every': 15, 'dt': np.float64(0.0029875), 'kde_bandwidth': np.float64(0.6791666666666667)}",0.30126
wfr_bdl,"{'gamma2': 0.7028282284736633, 'lambda_': 114.9304137293519, 'sigma2': 0.3909595012664795, 'p': 50, 'batch_size': 128, 'eval_every': 15, 'dt': np.float64(0.0029875), 'kde_bandwidth': np.float64(0.7749999999999999)}",0.29860
wfr_bdl,"{'gamma2': 0.7028282284736633, 'lambda_': 114.9304137293519, 'sigma2': 0.3909595012664795, 'p': 50, 'batch_size': 128, 'eval_every': 15, 'dt': np.float64(0.0029875), 'kde_bandwidth': np.float64(0.8708333333333333)}",0.29860
wfr_bdl,"{'gamma2': 0.7028282284736633, 'lambda_': 114.9304137293519, 'sigma2': 0.3909595012664795, 'p': 50, 'batch_size': 128, 'eval_every': 15, 'dt': np.float64(0.0029875), 'kde_bandwidth': np.float64(0.9666666666666666)}",0.30085
wfr_bdl,"{'gamma2': 0.7028282284736633, 'lambda_': 114.9304137293519, 'sigma2': 0.3909595012664795, 'p': 50, 'batch_size': 128, 'eval_every': 15, 'dt': np.float64(0.0029875), 'kde_bandwidth': np.float64(1.0625)}",0.30085
wfr_bdl,"{'gamma2': 0.7028282284736633, 'lambda_': 114.9304137293519, 'sigma2': 0.3909595012664795, 'p': 50, 'batch_size': 128, 'eval_every': 15, 'dt': np.float64(0.0029875), 'kde_bandwidth': np.float64(1.1583333333333332)}",0.30141
wfr_bdl,"{'gamma2': 0.7028282284736633, 'lambda_': 114.9304137293519, 'sigma2': 0.3909595012664795, 'p': 50, 'batch_size': 128, 'eval_every': 15, 'dt': np.float64(0.0029875), 'kde_bandwidth': np.float64(1.2541666666666667)}",0.29778
wfr_bdl,"{'gamma2': 0.7028282284736633, 'lambda_': 114.9304137293519, 'sigma2': 0.3909595012664795, 'p': 50, 'batch_size': 128, 'eval_every': 15, 'dt': np.float64(0.0029875), 'kde_bandwidth': np.float64(1.3499999999999999)}",0.29778
wfr_bdl,"{'gamma2': 0.7028282284736633, 'lambda_': 114.9304137293519, 'sigma2': 0.3909595012664795, 'p': 50, 'batch_size': 128, 'eval_every': 15, 'dt': np.float64(0.0029875), 'kde_bandwidth': np.float64(1.445833333333333)}",0.29778
wfr_bdl,"{'gamma2': 0.7028282284736633, 'lambda_': 114.9304137293519, 'sigma2': 0.3909595012664795, 'p': 50, 'batch_size': 128, 'eval_every': 15, 'dt': np.float64(0.0029875), 'kde_bandwidth': np.float64(1.5416666666666665)}",0.29778
wfr_bdl,"{'gamma2': 0.7028282284736633, 'lambda_': 114.9304137293519, 'sigma2': 0.3909595012664795, 'p': 50, 'batch_size': 128, 'eval_every': 15, 'dt': np.float64(0.0029875), 'kde_bandwidth': np.float64(1.6375)}",0.30030
wfr_bdl,"{'gamma2': 0.7028282284736633, 'lambda_': 114.9304137293519, 'sigma2': 0.3909595012664795, 'p': 50, 'batch_size': 128, 'eval_every': 15, 'dt': np.float64(0.0029875), 'kde_bandwidth': np.float64(1.7333333333333332)}",0.30030
wfr_bdl,"{'gamma2': 0.7028282284736633, 'lambda_': 114.9304137293519, 'sigma2': 0.3909595012664795, 'p': 50, 'batch_size': 128, 'eval_every': 15, 'dt': np.float64(0.0029875), 'kde_bandwidth': np.float64(1.8291666666666664)}",0.30030
wfr_bdl,"{'gamma2': 0.7028282284736633, 'lambda_': 114.9304137293519, 'sigma2': 0.3909595012664795, 'p': 50, 'batch_size': 128, 'eval_every': 15, 'dt': np.float64(0.0029875), 'kde_bandwidth': np.float64(1.9249999999999998)}",0.30030
wfr_bdl,"{'gamma2': 0.7028282284736633, 'lambda_': 114.9304137293519, 'sigma2': 0.3909595012664795, 'p': 50, 'batch_size': 128, 'eval_every': 15, 'dt': np.float64(0.0029875), 'kde_bandwidth': np.float64(2.0208333333333335)}",0.30030
wfr_bdl,"{'gamma2': 0.7028282284736633, 'lambda_': 114.9304137293519, 'sigma2': 0.3909595012664795, 'p': 50, 'batch_size': 128, 'eval_every': 15, 'dt': np.float64(0.0029875), 'kde_bandwidth': np.float64(2.1166666666666667)}",0.29973
wfr_bdl,"{'gamma2': 0.7028282284736633, 'lambda_': 114.9304137293519, 'sigma2': 0.3909595012664795, 'p': 50, 'batch_size': 128, 'eval_every': 15, 'dt': np.float64(0.0029875), 'kde_bandwidth': np.float64(2.2125)}",0.29973
wfr_bdl,"{'gamma2': 0.7028282284736633, 'lambda_': 114.9304137293519, 'sigma2': 0.3909595012664795, 'p': 50, 'batch_size': 128, 'eval_every': 15, 'dt': np.float64(0.0029875), 'kde_bandwidth': np.float64(2.3083333333333336)}",0.30610
wfr_bdl,"{'gamma2': 0.7028282284736633, 'lambda_': 114.9304137293519, 'sigma2': 0.3909595012664795, 'p': 50, 'batch_size': 128, 'eval_every': 15, 'dt': np.float64(0.0029875), 'kde_bandwidth': np.float64(2.404166666666667)}",0.30610
wfr_bdl,"{'gamma2': 0.7028282284736633, 'lambda_': 114.9304137293519, 'sigma2': 0.3909595012664795, 'p': 50, 'batch_size': 128, 'eval_every': 15, 'dt': np.float64(0.0029875), 'kde_bandwidth': np.float64(2.5)}",0.30610
wfr_bdl,"{'gamma2': 0.7028282284736633, 'lambda_': 114.9304137293519, 'sigma2': 0.3909595012664795, 'p': 50, 'batch_size': 128, 'eval_every': 15, 'dt': np.float64(0.0034000000000000002), 'kde_bandwidth': np.float64(0.2)}",0.29908
wfr_bdl,"{'gamma2': 0.7028282284736633, 'lambda_': 114.9304137293519, 'sigma2': 0.3909595012664795, 'p': 50, 'batch_size': 128, 'eval_every': 15, 'dt': np.float64(0.0034000000000000002), 'kde_bandwidth': np.float64(0.29583333333333334)}",0.29733
wfr_bdl,"{'gamma2': 0.7028282284736633, 'lambda_': 114.9304137293519, 'sigma2': 0.3909595012664795, 'p': 50, 'batch_size': 128, 'eval_every': 15, 'dt': np.float64(0.0034000000000000002), 'kde_bandwidth': np.float64(0.39166666666666666)}",0.30158
wfr_bdl,"{'gamma2': 0.7028282284736633, 'lambda_': 114.9304137293519, 'sigma2': 0.3909595012664795, 'p': 50, 'batch_size': 128, 'eval_every': 15, 'dt': np.float64(0.0034000000000000002), 'kde_bandwidth': np.float64(0.4875)}",0.29893
wfr_bdl,"{'gamma2': 0.7028282284736633, 'lambda_': 114.9304137293519, 'sigma2': 0.3909595012664795, 'p': 50, 'batch_size': 128, 'eval_every': 15, 'dt': np.float64(0.0034000000000000002), 'kde_bandwidth': np.float64(0.5833333333333333)}",0.29909
wfr_bdl,"{'gamma2': 0.7028282284736633, 'lambda_': 114.9304137293519, 'sigma2': 0.3909595012664795, 'p': 50, 'batch_size': 128, 'eval_every': 15, 'dt': np.float64(0.0034000000000000002), 'kde_bandwidth': np.float64(0.6791666666666667)}",0.30460
wfr_bdl,"{'gamma2': 0.7028282284736633, 'lambda_': 114.9304137293519, 'sigma2': 0.3909595012664795, 'p': 50, 'batch_size': 128, 'eval_every': 15, 'dt': np.float64(0.0034000000000000002), 'kde_bandwidth': np.float64(0.7749999999999999)}",0.30460
wfr_bdl,"{'gamma2': 0.7028282284736633, 'lambda_': 114.9304137293519, 'sigma2': 0.3909595012664795, 'p': 50, 'batch_size': 128, 'eval_every': 15, 'dt': np.float64(0.0034000000000000002), 'kde_bandwidth': np.float64(0.8708333333333333)}",0.29665
wfr_bdl,"{'gamma2': 0.7028282284736633, 'lambda_': 114.9304137293519, 'sigma2': 0.3909595012664795, 'p': 50, 'batch_size': 128, 'eval_every': 15, 'dt': np.float64(0.0034000000000000002), 'kde_bandwidth': np.float64(0.9666666666666666)}",0.29911
wfr_bdl,"{'gamma2': 0.7028282284736633, 'lambda_': 114.9304137293519, 'sigma2': 0.3909595012664795, 'p': 50, 'batch_size': 128, 'eval_every': 15, 'dt': np.float64(0.0034000000000000002), 'kde_bandwidth': np.float64(1.0625)}",0.29885
wfr_bdl,"{'gamma2': 0.7028282284736633, 'lambda_': 114.9304137293519, 'sigma2': 0.3909595012664795, 'p': 50, 'batch_size': 128, 'eval_every': 15, 'dt': np.float64(0.0034000000000000002), 'kde_bandwidth': np.float64(1.1583333333333332)}",0.29984
wfr_bdl,"{'gamma2': 0.7028282284736633, 'lambda_': 114.9304137293519, 'sigma2': 0.3909595012664795, 'p': 50, 'batch_size': 128, 'eval_every': 15, 'dt': np.float64(0.0034000000000000002), 'kde_bandwidth': np.float64(1.2541666666666667)}",0.30002
wfr_bdl,"{'gamma2': 0.7028282284736633, 'lambda_': 114.9304137293519, 'sigma2': 0.3909595012664795, 'p': 50, 'batch_size': 128, 'eval_every': 15, 'dt': np.float64(0.0034000000000000002), 'kde_bandwidth': np.float64(1.3499999999999999)}",0.29881
wfr_bdl,"{'gamma2': 0.7028282284736633, 'lambda_': 114.9304137293519, 'sigma2': 0.3909595012664795, 'p': 50, 'batch_size': 128, 'eval_every': 15, 'dt': np.float64(0.0034000000000000002), 'kde_bandwidth': np.float64(1.445833333333333)}",0.29881
wfr_bdl,"{'gamma2': 0.7028282284736633, 'lambda_': 114.9304137293519, 'sigma2': 0.3909595012664795, 'p': 50, 'batch_size': 128, 'eval_every': 15, 'dt': np.float64(0.0034000000000000002), 'kde_bandwidth': np.float64(1.5416666666666665)}",0.30035
wfr_bdl,"{'gamma2': 0.7028282284736633, 'lambda_': 114.9304137293519, 'sigma2': 0.3909595012664795, 'p': 50, 'batch_size': 128, 'eval_every': 15, 'dt': np.float64(0.0034000000000000002), 'kde_bandwidth': np.float64(1.6375)}",0.30335
wfr_bdl,"{'gamma2': 0.7028282284736633, 'lambda_': 114.9304137293519, 'sigma2': 0.3909595012664795, 'p': 50, 'batch_size': 128, 'eval_every': 15, 'dt': np.float64(0.0034000000000000002), 'kde_bandwidth': np.float64(1.7333333333333332)}",0.30335
wfr_bdl,"{'gamma2': 0.7028282284736633, 'lambda_': 114.9304137293519, 'sigma2': 0.3909595012664795, 'p': 50, 'batch_size': 128, 'eval_every': 15, 'dt': np.float64(0.0034000000000000002), 'kde_bandwidth': np.float64(1.8291666666666664)}",0.30017
wfr_bdl,"{'gamma2': 0.7028282284736633, 'lambda_': 114.9304137293519, 'sigma2': 0.3909595012664795, 'p': 50, 'batch_size': 128, 'eval_every': 15, 'dt': np.float64(0.0034000000000000002), 'kde_bandwidth': np.float64(1.9249999999999998)}",0.30017
wfr_bdl,"{'gamma2': 0.7028282284736633, 'lambda_': 114.9304137293519, 'sigma2': 0.3909595012664795, 'p': 50, 'batch_size': 128, 'eval_every': 15, 'dt': np.float64(0.0034000000000000002), 'kde_bandwidth': np.float64(2.0208333333333335)}",0.29796
wfr_bdl,"{'gamma2': 0.7028282284736633, 'lambda_': 114.9304137293519, 'sigma2': 0.3909595012664795, 'p': 50, 'batch_size': 128, 'eval_every': 15, 'dt': np.float64(0.0034000000000000002), 'kde_bandwidth': np.float64(2.1166666666666667)}",0.29796
wfr_bdl,"{'gamma2': 0.7028282284736633, 'lambda_': 114.9304137293519, 'sigma2': 0.3909595012664795, 'p': 50, 'batch_size': 128, 'eval_every': 15, 'dt': np.float64(0.0034000000000000002), 'kde_bandwidth': np.float64(2.2125)}",0.29796
wfr_bdl,"{'gamma2': 0.7028282284736633, 'lambda_': 114.9304137293519, 'sigma2': 0.3909595012664795, 'p': 50, 'batch_size': 128, 'eval_every': 15, 'dt': np.float64(0.0034000000000000002), 'kde_bandwidth': np.float64(2.3083333333333336)}",0.29796
wfr_bdl,"{'gamma2': 0.7028282284736633, 'lambda_': 114.9304137293519, 'sigma2': 0.3909595012664795, 'p': 50, 'batch_size': 128, 'eval_every': 15, 'dt': np.float64(0.0034000000000000002), 'kde_bandwidth': np.float64(2.404166666666667)}",0.29796
wfr_bdl,"{'gamma2': 0.7028282284736633, 'lambda_': 114.9304137293519, 'sigma2': 0.3909595012664795, 'p': 50, 'batch_size': 128, 'eval_every': 15, 'dt': np.float64(0.0034000000000000002), 'kde_bandwidth': np.float64(2.5)}",0.30066
wfr_bdl,"{'gamma2': 0.7028282284736633, 'lambda_': 114.9304137293519, 'sigma2': 0.3909595012664795, 'p': 50, 'batch_size': 128, 'eval_every': 15, 'dt': np.float64(0.0038125000000000004), 'kde_bandwidth': np.float64(0.2)}",0.30269
wfr_bdl,"{'gamma2': 0.7028282284736633, 'lambda_': 114.9304137293519, 'sigma2': 0.3909595012664795, 'p': 50, 'batch_size': 128, 'eval_every': 15, 'dt': np.float64(0.0038125000000000004), 'kde_bandwidth': np.float64(0.29583333333333334)}",0.30041
wfr_bdl,"{'gamma2': 0.7028282284736633, 'lambda_': 114.9304137293519, 'sigma2': 0.3909595012664795, 'p': 50, 'batch_size': 128, 'eval_every': 15, 'dt': np.float64(0.0038125000000000004), 'kde_bandwidth': np.float64(0.39166666666666666)}",0.30139
wfr_bdl,"{'gamma2': 0.7028282284736633, 'lambda_': 114.9304137293519, 'sigma2': 0.3909595012664795, 'p': 50, 'batch_size': 128, 'eval_every': 15, 'dt': np.float64(0.0038125000000000004), 'kde_bandwidth': np.float64(0.4875)}",0.30124
wfr_bdl,"{'gamma2': 0.7028282284736633, 'lambda_': 114.9304137293519, 'sigma2': 0.3909595012664795, 'p': 50, 'batch_size': 128, 'eval_every': 15, 'dt': np.float64(0.0038125000000000004), 'kde_bandwidth': np.float64(0.5833333333333333)}",0.29953
wfr_bdl,"{'gamma2': 0.7028282284736633, 'lambda_': 114.9304137293519, 'sigma2': 0.3909595012664795, 'p': 50, 'batch_size': 128, 'eval_every': 15, 'dt': np.float64(0.0038125000000000004), 'kde_bandwidth': np.float64(0.6791666666666667)}",0.30292
wfr_bdl,"{'gamma2': 0.7028282284736633, 'lambda_': 114.9304137293519, 'sigma2': 0.3909595012664795, 'p': 50, 'batch_size': 128, 'eval_every': 15, 'dt': np.float64(0.0038125000000000004), 'kde_bandwidth': np.float64(0.7749999999999999)}",0.30182
wfr_bdl,"{'gamma2': 0.7028282284736633, 'lambda_': 114.9304137293519, 'sigma2': 0.3909595012664795, 'p': 50, 'batch_size': 128, 'eval_every': 15, 'dt': np.float64(0.0038125000000000004), 'kde_bandwidth': np.float64(0.8708333333333333)}",0.29958
wfr_bdl,"{'gamma2': 0.7028282284736633, 'lambda_': 114.9304137293519, 'sigma2': 0.3909595012664795, 'p': 50, 'batch_size': 128, 'eval_every': 15, 'dt': np.float64(0.0038125000000000004), 'kde_bandwidth': np.float64(0.9666666666666666)}",0.29928
wfr_bdl,"{'gamma2': 0.7028282284736633, 'lambda_': 114.9304137293519, 'sigma2': 0.3909595012664795, 'p': 50, 'batch_size': 128, 'eval_every': 15, 'dt': np.float64(0.0038125000000000004), 'kde_bandwidth': np.float64(1.0625)}",0.29928
wfr_bdl,"{'gamma2': 0.7028282284736633, 'lambda_': 114.9304137293519, 'sigma2': 0.3909595012664795, 'p': 50, 'batch_size': 128, 'eval_every': 15, 'dt': np.float64(0.0038125000000000004), 'kde_bandwidth': np.float64(1.1583333333333332)}",0.29928
wfr_bdl,"{'gamma2': 0.7028282284736633, 'lambda_': 114.9304137293519, 'sigma2': 0.3909595012664795, 'p': 50, 'batch_size': 128, 'eval_every': 15, 'dt': np.float64(0.0038125000000000004), 'kde_bandwidth': np.float64(1.2541666666666667)}",0.29914
wfr_bdl,"{'gamma2': 0.7028282284736633, 'lambda_': 114.9304137293519, 'sigma2': 0.3909595012664795, 'p': 50, 'batch_size': 128, 'eval_every': 15, 'dt': np.float64(0.0038125000000000004), 'kde_bandwidth': np.float64(1.3499999999999999)}",0.30037
wfr_bdl,"{'gamma2': 0.7028282284736633, 'lambda_': 114.9304137293519, 'sigma2': 0.3909595012664795, 'p': 50, 'batch_size': 128, 'eval_every': 15, 'dt': np.float64(0.0038125000000000004), 'kde_bandwidth': np.float64(1.445833333333333)}",0.29968
wfr_bdl,"{'gamma2': 0.7028282284736633, 'lambda_': 114.9304137293519, 'sigma2': 0.3909595012664795, 'p': 50, 'batch_size': 128, 'eval_every': 15, 'dt': np.float64(0.0038125000000000004), 'kde_bandwidth': np.float64(1.5416666666666665)}",0.29968
wfr_bdl,"{'gamma2': 0.7028282284736633, 'lambda_': 114.9304137293519, 'sigma2': 0.3909595012664795, 'p': 50, 'batch_size': 128, 'eval_every': 15, 'dt': np.float64(0.0038125000000000004), 'kde_bandwidth': np.float64(1.6375)}",0.29968
wfr_bdl,"{'gamma2': 0.7028282284736633, 'lambda_': 114.9304137293519, 'sigma2': 0.3909595012664795, 'p': 50, 'batch_size': 128, 'eval_every': 15, 'dt': np.float64(0.0038125000000000004), 'kde_bandwidth': np.float64(1.7333333333333332)}",0.29968
wfr_bdl,"{'gamma2': 0.7028282284736633, 'lambda_': 114.9304137293519, 'sigma2': 0.3909595012664795, 'p': 50, 'batch_size': 128, 'eval_every': 15, 'dt': np.float64(0.0038125000000000004), 'kde_bandwidth': np.float64(1.8291666666666664)}",0.29848
wfr_bdl,"{'gamma2': 0.7028282284736633, 'lambda_': 114.9304137293519, 'sigma2': 0.3909595012664795, 'p': 50, 'batch_size': 128, 'eval_every': 15, 'dt': np.float64(0.0038125000000000004), 'kde_bandwidth': np.float64(1.9249999999999998)}",0.29989
wfr_bdl,"{'gamma2': 0.7028282284736633, 'lambda_': 114.9304137293519, 'sigma2': 0.3909595012664795, 'p': 50, 'batch_size': 128, 'eval_every': 15, 'dt': np.float64(0.0038125000000000004), 'kde_bandwidth': np.float64(2.0208333333333335)}",0.29989
wfr_bdl,"{'gamma2': 0.7028282284736633, 'lambda_': 114.9304137293519, 'sigma2': 0.3909595012664795, 'p': 50, 'batch_size': 128, 'eval_every': 15, 'dt': np.float64(0.0038125000000000004), 'kde_bandwidth': np.float64(2.1166666666666667)}",0.29989
wfr_bdl,"{'gamma2': 0.7028282284736633, 'lambda_': 114.9304137293519, 'sigma2': 0.3909595012664795, 'p': 50, 'batch_size': 128, 'eval_every': 15, 'dt': np.float64(0.0038125000000000004), 'kde_bandwidth': np.float64(2.2125)}",0.29989
wfr_bdl,"{'gamma2': 0.7028282284736633, 'lambda_': 114.9304137293519, 'sigma2': 0.3909595012664795, 'p': 50, 'batch_size': 128, 'eval_every': 15, 'dt': np.float64(0.0038125000000000004), 'kde_bandwidth': np.float64(2.3083333333333336)}",0.29989
wfr_bdl,"{'gamma2': 0.7028282284736633, 'lambda_': 114.9304137293519, 'sigma2': 0.3909595012664795, 'p': 50, 'batch_size': 128, 'eval_every': 15, 'dt': np.float64(0.0038125000000000004), 'kde_bandwidth': np.float64(2.404166666666667)}",0.29989
wfr_bdl,"{'gamma2': 0.7028282284736633, 'lambda_': 114.9304137293519, 'sigma2': 0.3909595012664795, 'p': 50, 'batch_size': 128, 'eval_every': 15, 'dt': np.float64(0.0038125000000000004), 'kde_bandwidth': np.float64(2.5)}",0.29989
wfr_bdl,"{'gamma2': 0.7028282284736633, 'lambda_': 114.9304137293519, 'sigma2': 0.3909595012664795, 'p': 50, 'batch_size': 128, 'eval_every': 15, 'dt': np.float64(0.0042250000000000005), 'kde_bandwidth': np.float64(0.2)}",0.29738
wfr_bdl,"{'gamma2': 0.7028282284736633, 'lambda_': 114.9304137293519, 'sigma2': 0.3909595012664795, 'p': 50, 'batch_size': 128, 'eval_every': 15, 'dt': np.float64(0.0042250000000000005), 'kde_bandwidth': np.float64(0.29583333333333334)}",0.30164
wfr_bdl,"{'gamma2': 0.7028282284736633, 'lambda_': 114.9304137293519, 'sigma2': 0.3909595012664795, 'p': 50, 'batch_size': 128, 'eval_every': 15, 'dt': np.float64(0.0042250000000000005), 'kde_bandwidth': np.float64(0.39166666666666666)}",0.29904
wfr_bdl,"{'gamma2': 0.7028282284736633, 'lambda_': 114.9304137293519, 'sigma2': 0.3909595012664795, 'p': 50, 'batch_size': 128, 'eval_every': 15, 'dt': np.float64(0.0042250000000000005), 'kde_bandwidth': np.float64(0.4875)}",0.29725
wfr_bdl,"{'gamma2': 0.7028282284736633, 'lambda_': 114.9304137293519, 'sigma2': 0.3909595012664795, 'p': 50, 'batch_size': 128, 'eval_every': 15, 'dt': np.float64(0.0042250000000000005), 'kde_bandwidth': np.float64(0.5833333333333333)}",0.29725
wfr_bdl,"{'gamma2': 0.7028282284736633, 'lambda_': 114.9304137293519, 'sigma2': 0.3909595012664795, 'p': 50, 'batch_size': 128, 'eval_every': 15, 'dt': np.float64(0.0042250000000000005), 'kde_bandwidth': np.float64(0.6791666666666667)}",0.29725
wfr_bdl,"{'gamma2': 0.7028282284736633, 'lambda_': 114.9304137293519, 'sigma2': 0.3909595012664795, 'p': 50, 'batch_size': 128, 'eval_every': 15, 'dt': np.float64(0.0042250000000000005), 'kde_bandwidth': np.float64(0.7749999999999999)}",0.30109
wfr_bdl,"{'gamma2': 0.7028282284736633, 'lambda_': 114.9304137293519, 'sigma2': 0.3909595012664795, 'p': 50, 'batch_size': 128, 'eval_every': 15, 'dt': np.float64(0.0042250000000000005), 'kde_bandwidth': np.float64(0.8708333333333333)}",0.30728
wfr_bdl,"{'gamma2': 0.7028282284736633, 'lambda_': 114.9304137293519, 'sigma2': 0.3909595012664795, 'p': 50, 'batch_size': 128, 'eval_every': 15, 'dt': np.float64(0.0042250000000000005), 'kde_bandwidth': np.float64(0.9666666666666666)}",0.30484
wfr_bdl,"{'gamma2': 0.7028282284736633, 'lambda_': 114.9304137293519, 'sigma2': 0.3909595012664795, 'p': 50, 'batch_size': 128, 'eval_every': 15, 'dt': np.float64(0.0042250000000000005), 'kde_bandwidth': np.float64(1.0625)}",0.29920
wfr_bdl,"{'gamma2': 0.7028282284736633, 'lambda_': 114.9304137293519, 'sigma2': 0.3909595012664795, 'p': 50, 'batch_size': 128, 'eval_every': 15, 'dt': np.float64(0.0042250000000000005), 'kde_bandwidth': np.float64(1.1583333333333332)}",0.29920
wfr_bdl,"{'gamma2': 0.7028282284736633, 'lambda_': 114.9304137293519, 'sigma2': 0.3909595012664795, 'p': 50, 'batch_size': 128, 'eval_every': 15, 'dt': np.float64(0.0042250000000000005), 'kde_bandwidth': np.float64(1.2541666666666667)}",0.29930
wfr_bdl,"{'gamma2': 0.7028282284736633, 'lambda_': 114.9304137293519, 'sigma2': 0.3909595012664795, 'p': 50, 'batch_size': 128, 'eval_every': 15, 'dt': np.float64(0.0042250000000000005), 'kde_bandwidth': np.float64(1.3499999999999999)}",0.29930
wfr_bdl,"{'gamma2': 0.7028282284736633, 'lambda_': 114.9304137293519, 'sigma2': 0.3909595012664795, 'p': 50, 'batch_size': 128, 'eval_every': 15, 'dt': np.float64(0.0042250000000000005), 'kde_bandwidth': np.float64(1.445833333333333)}",0.29930
wfr_bdl,"{'gamma2': 0.7028282284736633, 'lambda_': 114.9304137293519, 'sigma2': 0.3909595012664795, 'p': 50, 'batch_size': 128, 'eval_every': 15, 'dt': np.float64(0.0042250000000000005), 'kde_bandwidth': np.float64(1.5416666666666665)}",0.30241
wfr_bdl,"{'gamma2': 0.7028282284736633, 'lambda_': 114.9304137293519, 'sigma2': 0.3909595012664795, 'p': 50, 'batch_size': 128, 'eval_every': 15, 'dt': np.float64(0.0042250000000000005), 'kde_bandwidth': np.float64(1.6375)}",0.29741
wfr_bdl,"{'gamma2': 0.7028282284736633, 'lambda_': 114.9304137293519, 'sigma2': 0.3909595012664795, 'p': 50, 'batch_size': 128, 'eval_every': 15, 'dt': np.float64(0.0042250000000000005), 'kde_bandwidth': np.float64(1.7333333333333332)}",0.30049
wfr_bdl,"{'gamma2': 0.7028282284736633, 'lambda_': 114.9304137293519, 'sigma2': 0.3909595012664795, 'p': 50, 'batch_size': 128, 'eval_every': 15, 'dt': np.float64(0.0042250000000000005), 'kde_bandwidth': np.float64(1.8291666666666664)}",0.30049
wfr_bdl,"{'gamma2': 0.7028282284736633, 'lambda_': 114.9304137293519, 'sigma2': 0.3909595012664795, 'p': 50, 'batch_size': 128, 'eval_every': 15, 'dt': np.float64(0.0042250000000000005), 'kde_bandwidth': np.float64(1.9249999999999998)}",0.30046
wfr_bdl,"{'gamma2': 0.7028282284736633, 'lambda_': 114.9304137293519, 'sigma2': 0.3909595012664795, 'p': 50, 'batch_size': 128, 'eval_every': 15, 'dt': np.float64(0.0042250000000000005), 'kde_bandwidth': np.float64(2.0208333333333335)}",0.30173
wfr_bdl,"{'gamma2': 0.7028282284736633, 'lambda_': 114.9304137293519, 'sigma2': 0.3909595012664795, 'p': 50, 'batch_size': 128, 'eval_every': 15, 'dt': np.float64(0.0042250000000000005), 'kde_bandwidth': np.float64(2.1166666666666667)}",0.30173
wfr_bdl,"{'gamma2': 0.7028282284736633, 'lambda_': 114.9304137293519, 'sigma2': 0.3909595012664795, 'p': 50, 'batch_size': 128, 'eval_every': 15, 'dt': np.float64(0.0042250000000000005), 'kde_bandwidth': np.float64(2.2125)}",0.29827
wfr_bdl,"{'gamma2': 0.7028282284736633, 'lambda_': 114.9304137293519, 'sigma2': 0.3909595012664795, 'p': 50, 'batch_size': 128, 'eval_every': 15, 'dt': np.float64(0.0042250000000000005), 'kde_bandwidth': np.float64(2.3083333333333336)}",0.29827
wfr_bdl,"{'gamma2': 0.7028282284736633, 'lambda_': 114.9304137293519, 'sigma2': 0.3909595012664795, 'p': 50, 'batch_size': 128, 'eval_every': 15, 'dt': np.float64(0.0042250000000000005), 'kde_bandwidth': np.float64(2.404166666666667)}",0.29827
wfr_bdl,"{'gamma2': 0.7028282284736633, 'lambda_': 114.9304137293519, 'sigma2': 0.3909595012664795, 'p': 50, 'batch_size': 128, 'eval_every': 15, 'dt': np.float64(0.0042250000000000005), 'kde_bandwidth': np.float64(2.5)}",0.29827
wfr_bdl,"{'gamma2': 0.7028282284736633, 'lambda_': 114.9304137293519, 'sigma2': 0.3909595012664795, 'p': 50, 'batch_size': 128, 'eval_every': 15, 'dt': np.float64(0.004637500000000001), 'kde_bandwidth': np.float64(0.2)}",0.30037
wfr_bdl,"{'gamma2': 0.7028282284736633, 'lambda_': 114.9304137293519, 'sigma2': 0.3909595012664795, 'p': 50, 'batch_size': 128, 'eval_every': 15, 'dt': np.float64(0.004637500000000001), 'kde_bandwidth': np.float64(0.29583333333333334)}",0.29512
wfr_bdl,"{'gamma2': 0.7028282284736633, 'lambda_': 114.9304137293519, 'sigma2': 0.3909595012664795, 'p': 50, 'batch_size': 128, 'eval_every': 15, 'dt': np.float64(0.004637500000000001), 'kde_bandwidth': np.float64(0.39166666666666666)}",0.30080
wfr_bdl,"{'gamma2': 0.7028282284736633, 'lambda_': 114.9304137293519, 'sigma2': 0.3909595012664795, 'p': 50, 'batch_size': 128, 'eval_every': 15, 'dt': np.float64(0.004637500000000001), 'kde_bandwidth': np.float64(0.4875)}",0.30144
wfr_bdl,"{'gamma2': 0.7028282284736633, 'lambda_': 114.9304137293519, 'sigma2': 0.3909595012664795, 'p': 50, 'batch_size': 128, 'eval_every': 15, 'dt': np.float64(0.004637500000000001), 'kde_bandwidth': np.float64(0.5833333333333333)}",0.30230
wfr_bdl,"{'gamma2': 0.7028282284736633, 'lambda_': 114.9304137293519, 'sigma2': 0.3909595012664795, 'p': 50, 'batch_size': 128, 'eval_every': 15, 'dt': np.float64(0.004637500000000001), 'kde_bandwidth': np.float64(0.6791666666666667)}",0.30060
wfr_bdl,"{'gamma2': 0.7028282284736633, 'lambda_': 114.9304137293519, 'sigma2': 0.3909595012664795, 'p': 50, 'batch_size': 128, 'eval_every': 15, 'dt': np.float64(0.004637500000000001), 'kde_bandwidth': np.float64(0.7749999999999999)}",0.30060
wfr_bdl,"{'gamma2': 0.7028282284736633, 'lambda_': 114.9304137293519, 'sigma2': 0.3909595012664795, 'p': 50, 'batch_size': 128, 'eval_every': 15, 'dt': np.float64(0.004637500000000001), 'kde_bandwidth': np.float64(0.8708333333333333)}",0.30060
wfr_bdl,"{'gamma2': 0.7028282284736633, 'lambda_': 114.9304137293519, 'sigma2': 0.3909595012664795, 'p': 50, 'batch_size': 128, 'eval_every': 15, 'dt': np.float64(0.004637500000000001), 'kde_bandwidth': np.float64(0.9666666666666666)}",0.30249
wfr_bdl,"{'gamma2': 0.7028282284736633, 'lambda_': 114.9304137293519, 'sigma2': 0.3909595012664795, 'p': 50, 'batch_size': 128, 'eval_every': 15, 'dt': np.float64(0.004637500000000001), 'kde_bandwidth': np.float64(1.0625)}",0.30167
wfr_bdl,"{'gamma2': 0.7028282284736633, 'lambda_': 114.9304137293519, 'sigma2': 0.3909595012664795, 'p': 50, 'batch_size': 128, 'eval_every': 15, 'dt': np.float64(0.004637500000000001), 'kde_bandwidth': np.float64(1.1583333333333332)}",0.30167
wfr_bdl,"{'gamma2': 0.7028282284736633, 'lambda_': 114.9304137293519, 'sigma2': 0.3909595012664795, 'p': 50, 'batch_size': 128, 'eval_every': 15, 'dt': np.float64(0.004637500000000001), 'kde_bandwidth': np.float64(1.2541666666666667)}",0.30102
wfr_bdl,"{'gamma2': 0.7028282284736633, 'lambda_': 114.9304137293519, 'sigma2': 0.3909595012664795, 'p': 50, 'batch_size': 128, 'eval_every': 15, 'dt': np.float64(0.004637500000000001), 'kde_bandwidth': np.float64(1.3499999999999999)}",0.30421
wfr_bdl,"{'gamma2': 0.7028282284736633, 'lambda_': 114.9304137293519, 'sigma2': 0.3909595012664795, 'p': 50, 'batch_size': 128, 'eval_every': 15, 'dt': np.float64(0.004637500000000001), 'kde_bandwidth': np.float64(1.445833333333333)}",0.30421
wfr_bdl,"{'gamma2': 0.7028282284736633, 'lambda_': 114.9304137293519, 'sigma2': 0.3909595012664795, 'p': 50, 'batch_size': 128, 'eval_every': 15, 'dt': np.float64(0.004637500000000001), 'kde_bandwidth': np.float64(1.5416666666666665)}",0.30314
wfr_bdl,"{'gamma2': 0.7028282284736633, 'lambda_': 114.9304137293519, 'sigma2': 0.3909595012664795, 'p': 50, 'batch_size': 128, 'eval_every': 15, 'dt': np.float64(0.004637500000000001), 'kde_bandwidth': np.float64(1.6375)}",0.30145
wfr_bdl,"{'gamma2': 0.7028282284736633, 'lambda_': 114.9304137293519, 'sigma2': 0.3909595012664795, 'p': 50, 'batch_size': 128, 'eval_every': 15, 'dt': np.float64(0.004637500000000001), 'kde_bandwidth': np.float64(1.7333333333333332)}",0.30145
wfr_bdl,"{'gamma2': 0.7028282284736633, 'lambda_': 114.9304137293519, 'sigma2': 0.3909595012664795, 'p': 50, 'batch_size': 128, 'eval_every': 15, 'dt': np.float64(0.004637500000000001), 'kde_bandwidth': np.float64(1.8291666666666664)}",0.30145
wfr_bdl,"{'gamma2': 0.7028282284736633, 'lambda_': 114.9304137293519, 'sigma2': 0.3909595012664795, 'p': 50, 'batch_size': 128, 'eval_every': 15, 'dt': np.float64(0.004637500000000001), 'kde_bandwidth': np.float64(1.9249999999999998)}",0.30145
wfr_bdl,"{'gamma2': 0.7028282284736633, 'lambda_': 114.9304137293519, 'sigma2': 0.3909595012664795, 'p': 50, 'batch_size': 128, 'eval_every': 15, 'dt': np.float64(0.004637500000000001), 'kde_bandwidth': np.float64(2.0208333333333335)}",0.30145
wfr_bdl,"{'gamma2': 0.7028282284736633, 'lambda_': 114.9304137293519, 'sigma2': 0.3909595012664795, 'p': 50, 'batch_size': 128, 'eval_every': 15, 'dt': np.float64(0.004637500000000001), 'kde_bandwidth': np.float64(2.1166666666666667)}",0.29999
wfr_bdl,"{'gamma2': 0.7028282284736633, 'lambda_': 114.9304137293519, 'sigma2': 0.3909595012664795, 'p': 50, 'batch_size': 128, 'eval_every': 15, 'dt': np.float64(0.004637500000000001), 'kde_bandwidth': np.float64(2.2125)}",0.29999
wfr_bdl,"{'gamma2': 0.7028282284736633, 'lambda_': 114.9304137293519, 'sigma2': 0.3909595012664795, 'p': 50, 'batch_size': 128, 'eval_every': 15, 'dt': np.float64(0.004637500000000001), 'kde_bandwidth': np.float64(2.3083333333333336)}",0.29999
wfr_bdl,"{'gamma2': 0.7028282284736633, 'lambda_': 114.9304137293519, 'sigma2': 0.3909595012664795, 'p': 50, 'batch_size': 128, 'eval_every': 15, 'dt': np.float64(0.004637500000000001), 'kde_bandwidth': np.float64(2.404166666666667)}",0.29999
wfr_bdl,"{'gamma2': 0.7028282284736633, 'lambda_': 114.9304137293519, 'sigma2': 0.3909595012664795, 'p': 50, 'batch_size': 128, 'eval_every': 15, 'dt': np.float64(0.004637500000000001), 'kde_bandwidth': np.float64(2.5)}",0.29999
wfr_bdl,"{'gamma2': 0.7028282284736633, 'lambda_': 114.9304137293519, 'sigma2': 0.3909595012664795, 'p': 50, 'batch_size': 128, 'eval_every': 15, 'dt': np.float64(0.005050000000000001), 'kde_bandwidth': np.float64(0.2)}",0.29975
wfr_bdl,"{'gamma2': 0.7028282284736633, 'lambda_': 114.9304137293519, 'sigma2': 0.3909595012664795, 'p': 50, 'batch_size': 128, 'eval_every': 15, 'dt': np.float64(0.005050000000000001), 'kde_bandwidth': np.float64(0.29583333333333334)}",0.29966
wfr_bdl,"{'gamma2': 0.7028282284736633, 'lambda_': 114.9304137293519, 'sigma2': 0.3909595012664795, 'p': 50, 'batch_size': 128, 'eval_every': 15, 'dt': np.float64(0.005050000000000001), 'kde_bandwidth': np.float64(0.39166666666666666)}",0.30026
wfr_bdl,"{'gamma2': 0.7028282284736633, 'lambda_': 114.9304137293519, 'sigma2': 0.3909595012664795, 'p': 50, 'batch_size': 128, 'eval_every': 15, 'dt': np.float64(0.005050000000000001), 'kde_bandwidth': np.float64(0.4875)}",0.30122
wfr_bdl,"{'gamma2': 0.7028282284736633, 'lambda_': 114.9304137293519, 'sigma2': 0.3909595012664795, 'p': 50, 'batch_size': 128, 'eval_every': 15, 'dt': np.float64(0.005050000000000001), 'kde_bandwidth': np.float64(0.5833333333333333)}",0.30122
wfr_bdl,"{'gamma2': 0.7028282284736633, 'lambda_': 114.9304137293519, 'sigma2': 0.3909595012664795, 'p': 50, 'batch_size': 128, 'eval_every': 15, 'dt': np.float64(0.005050000000000001), 'kde_bandwidth': np.float64(0.6791666666666667)}",0.30122
wfr_bdl,"{'gamma2': 0.7028282284736633, 'lambda_': 114.9304137293519, 'sigma2': 0.3909595012664795, 'p': 50, 'batch_size': 128, 'eval_every': 15, 'dt': np.float64(0.005050000000000001), 'kde_bandwidth': np.float64(0.7749999999999999)}",0.30193
wfr_bdl,"{'gamma2': 0.7028282284736633, 'lambda_': 114.9304137293519, 'sigma2': 0.3909595012664795, 'p': 50, 'batch_size': 128, 'eval_every': 15, 'dt': np.float64(0.005050000000000001), 'kde_bandwidth': np.float64(0.8708333333333333)}",0.30359
wfr_bdl,"{'gamma2': 0.7028282284736633, 'lambda_': 114.9304137293519, 'sigma2': 0.3909595012664795, 'p': 50, 'batch_size': 128, 'eval_every': 15, 'dt': np.float64(0.005050000000000001), 'kde_bandwidth': np.float64(0.9666666666666666)}",0.30266
wfr_bdl,"{'gamma2': 0.7028282284736633, 'lambda_': 114.9304137293519, 'sigma2': 0.3909595012664795, 'p': 50, 'batch_size': 128, 'eval_every': 15, 'dt': np.float64(0.005050000000000001), 'kde_bandwidth': np.float64(1.0625)}",0.30065
wfr_bdl,"{'gamma2': 0.7028282284736633, 'lambda_': 114.9304137293519, 'sigma2': 0.3909595012664795, 'p': 50, 'batch_size': 128, 'eval_every': 15, 'dt': np.float64(0.005050000000000001), 'kde_bandwidth': np.float64(1.1583333333333332)}",0.29964
wfr_bdl,"{'gamma2': 0.7028282284736633, 'lambda_': 114.9304137293519, 'sigma2': 0.3909595012664795, 'p': 50, 'batch_size': 128, 'eval_every': 15, 'dt': np.float64(0.005050000000000001), 'kde_bandwidth': np.float64(1.2541666666666667)}",0.30150
wfr_bdl,"{'gamma2': 0.7028282284736633, 'lambda_': 114.9304137293519, 'sigma2': 0.3909595012664795, 'p': 50, 'batch_size': 128, 'eval_every': 15, 'dt': np.float64(0.005050000000000001), 'kde_bandwidth': np.float64(1.3499999999999999)}",0.29610
wfr_bdl,"{'gamma2': 0.7028282284736633, 'lambda_': 114.9304137293519, 'sigma2': 0.3909595012664795, 'p': 50, 'batch_size': 128, 'eval_every': 15, 'dt': np.float64(0.005050000000000001), 'kde_bandwidth': np.float64(1.445833333333333)}",0.29610
wfr_bdl,"{'gamma2': 0.7028282284736633, 'lambda_': 114.9304137293519, 'sigma2': 0.3909595012664795, 'p': 50, 'batch_size': 128, 'eval_every': 15, 'dt': np.float64(0.005050000000000001), 'kde_bandwidth': np.float64(1.5416666666666665)}",0.30288
wfr_bdl,"{'gamma2': 0.7028282284736633, 'lambda_': 114.9304137293519, 'sigma2': 0.3909595012664795, 'p': 50, 'batch_size': 128, 'eval_every': 15, 'dt': np.float64(0.005050000000000001), 'kde_bandwidth': np.float64(1.6375)}",0.29875
wfr_bdl,"{'gamma2': 0.7028282284736633, 'lambda_': 114.9304137293519, 'sigma2': 0.3909595012664795, 'p': 50, 'batch_size': 128, 'eval_every': 15, 'dt': np.float64(0.005050000000000001), 'kde_bandwidth': np.float64(1.7333333333333332)}",0.29875
wfr_bdl,"{'gamma2': 0.7028282284736633, 'lambda_': 114.9304137293519, 'sigma2': 0.3909595012664795, 'p': 50, 'batch_size': 128, 'eval_every': 15, 'dt': np.float64(0.005050000000000001), 'kde_bandwidth': np.float64(1.8291666666666664)}",0.29875
wfr_bdl,"{'gamma2': 0.7028282284736633, 'lambda_': 114.9304137293519, 'sigma2': 0.3909595012664795, 'p': 50, 'batch_size': 128, 'eval_every': 15, 'dt': np.float64(0.005050000000000001), 'kde_bandwidth': np.float64(1.9249999999999998)}",0.29875
wfr_bdl,"{'gamma2': 0.7028282284736633, 'lambda_': 114.9304137293519, 'sigma2': 0.3909595012664795, 'p': 50, 'batch_size': 128, 'eval_every': 15, 'dt': np.float64(0.005050000000000001), 'kde_bandwidth': np.float64(2.0208333333333335)}",0.30305
wfr_bdl,"{'gamma2': 0.7028282284736633, 'lambda_': 114.9304137293519, 'sigma2': 0.3909595012664795, 'p': 50, 'batch_size': 128, 'eval_every': 15, 'dt': np.float64(0.005050000000000001), 'kde_bandwidth': np.float64(2.1166666666666667)}",0.30224
wfr_bdl,"{'gamma2': 0.7028282284736633, 'lambda_': 114.9304137293519, 'sigma2': 0.3909595012664795, 'p': 50, 'batch_size': 128, 'eval_every': 15, 'dt': np.float64(0.005050000000000001), 'kde_bandwidth': np.float64(2.2125)}",0.30224
wfr_bdl,"{'gamma2': 0.7028282284736633, 'lambda_': 114.9304137293519, 'sigma2': 0.3909595012664795, 'p': 50, 'batch_size': 128, 'eval_every': 15, 'dt': np.float64(0.005050000000000001), 'kde_bandwidth': np.float64(2.3083333333333336)}",0.30018
wfr_bdl,"{'gamma2': 0.7028282284736633, 'lambda_': 114.9304137293519, 'sigma2': 0.3909595012664795, 'p': 50, 'batch_size': 128, 'eval_every': 15, 'dt': np.float64(0.005050000000000001), 'kde_bandwidth': np.float64(2.404166666666667)}",0.30018
wfr_bdl,"{'gamma2': 0.7028282284736633, 'lambda_': 114.9304137293519, 'sigma2': 0.3909595012664795, 'p': 50, 'batch_size': 128, 'eval_every': 15, 'dt': np.float64(0.005050000000000001), 'kde_bandwidth': np.float64(2.5)}",0.30018
wfr_bdl,"{'gamma2': 0.7028282284736633, 'lambda_': 114.9304137293519, 'sigma2': 0.3909595012664795, 'p': 50, 'batch_size': 128, 'eval_every': 15, 'dt': np.float64(0.005462500000000001), 'kde_bandwidth': np.float64(0.2)}",0.30272
wfr_bdl,"{'gamma2': 0.7028282284736633, 'lambda_': 114.9304137293519, 'sigma2': 0.3909595012664795, 'p': 50, 'batch_size': 128, 'eval_every': 15, 'dt': np.float64(0.005462500000000001), 'kde_bandwidth': np.float64(0.29583333333333334)}",0.30321
wfr_bdl,"{'gamma2': 0.7028282284736633, 'lambda_': 114.9304137293519, 'sigma2': 0.3909595012664795, 'p': 50, 'batch_size': 128, 'eval_every': 15, 'dt': np.float64(0.005462500000000001), 'kde_bandwidth': np.float64(0.39166666666666666)}",0.29948
wfr_bdl,"{'gamma2': 0.7028282284736633, 'lambda_': 114.9304137293519, 'sigma2': 0.3909595012664795, 'p': 50, 'batch_size': 128, 'eval_every': 15, 'dt': np.float64(0.005462500000000001), 'kde_bandwidth': np.float64(0.4875)}",0.30298
wfr_bdl,"{'gamma2': 0.7028282284736633, 'lambda_': 114.9304137293519, 'sigma2': 0.3909595012664795, 'p': 50, 'batch_size': 128, 'eval_every': 15, 'dt': np.float64(0.005462500000000001), 'kde_bandwidth': np.float64(0.5833333333333333)}",0.30045
wfr_bdl,"{'gamma2': 0.7028282284736633, 'lambda_': 114.9304137293519, 'sigma2': 0.3909595012664795, 'p': 50, 'batch_size': 128, 'eval_every': 15, 'dt': np.float64(0.005462500000000001), 'kde_bandwidth': np.float64(0.6791666666666667)}",0.30045
wfr_bdl,"{'gamma2': 0.7028282284736633, 'lambda_': 114.9304137293519, 'sigma2': 0.3909595012664795, 'p': 50, 'batch_size': 128, 'eval_every': 15, 'dt': np.float64(0.005462500000000001), 'kde_bandwidth': np.float64(0.7749999999999999)}",0.29867
wfr_bdl,"{'gamma2': 0.7028282284736633, 'lambda_': 114.9304137293519, 'sigma2': 0.3909595012664795, 'p': 50, 'batch_size': 128, 'eval_every': 15, 'dt': np.float64(0.005462500000000001), 'kde_bandwidth': np.float64(0.8708333333333333)}",0.30342
wfr_bdl,"{'gamma2': 0.7028282284736633, 'lambda_': 114.9304137293519, 'sigma2': 0.3909595012664795, 'p': 50, 'batch_size': 128, 'eval_every': 15, 'dt': np.float64(0.005462500000000001), 'kde_bandwidth': np.float64(0.9666666666666666)}",0.30104
wfr_bdl,"{'gamma2': 0.7028282284736633, 'lambda_': 114.9304137293519, 'sigma2': 0.3909595012664795, 'p': 50, 'batch_size': 128, 'eval_every': 15, 'dt': np.float64(0.005462500000000001), 'kde_bandwidth': np.float64(1.0625)}",0.29826
wfr_bdl,"{'gamma2': 0.7028282284736633, 'lambda_': 114.9304137293519, 'sigma2': 0.3909595012664795, 'p': 50, 'batch_size': 128, 'eval_every': 15, 'dt': np.float64(0.005462500000000001), 'kde_bandwidth': np.float64(1.1583333333333332)}",0.29826
wfr_bdl,"{'gamma2': 0.7028282284736633, 'lambda_': 114.9304137293519, 'sigma2': 0.3909595012664795, 'p': 50, 'batch_size': 128, 'eval_every': 15, 'dt': np.float64(0.005462500000000001), 'kde_bandwidth': np.float64(1.2541666666666667)}",0.30286
wfr_bdl,"{'gamma2': 0.7028282284736633, 'lambda_': 114.9304137293519, 'sigma2': 0.3909595012664795, 'p': 50, 'batch_size': 128, 'eval_every': 15, 'dt': np.float64(0.005462500000000001), 'kde_bandwidth': np.float64(1.3499999999999999)}",0.29989
wfr_bdl,"{'gamma2': 0.7028282284736633, 'lambda_': 114.9304137293519, 'sigma2': 0.3909595012664795, 'p': 50, 'batch_size': 128, 'eval_every': 15, 'dt': np.float64(0.005462500000000001), 'kde_bandwidth': np.float64(1.445833333333333)}",0.30029
wfr_bdl,"{'gamma2': 0.7028282284736633, 'lambda_': 114.9304137293519, 'sigma2': 0.3909595012664795, 'p': 50, 'batch_size': 128, 'eval_every': 15, 'dt': np.float64(0.005462500000000001), 'kde_bandwidth': np.float64(1.5416666666666665)}",0.30029
wfr_bdl,"{'gamma2': 0.7028282284736633, 'lambda_': 114.9304137293519, 'sigma2': 0.3909595012664795, 'p': 50, 'batch_size': 128, 'eval_every': 15, 'dt': np.float64(0.005462500000000001), 'kde_bandwidth': np.float64(1.6375)}",0.30029
wfr_bdl,"{'gamma2': 0.7028282284736633, 'lambda_': 114.9304137293519, 'sigma2': 0.3909595012664795, 'p': 50, 'batch_size': 128, 'eval_every': 15, 'dt': np.float64(0.005462500000000001), 'kde_bandwidth': np.float64(1.7333333333333332)}",0.30029
wfr_bdl,"{'gamma2': 0.7028282284736633, 'lambda_': 114.9304137293519, 'sigma2': 0.3909595012664795, 'p': 50, 'batch_size': 128, 'eval_every': 15, 'dt': np.float64(0.005462500000000001), 'kde_bandwidth': np.float64(1.8291666666666664)}",0.30029
wfr_bdl,"{'gamma2': 0.7028282284736633, 'lambda_': 114.9304137293519, 'sigma2': 0.3909595012664795, 'p': 50, 'batch_size': 128, 'eval_every': 15, 'dt': np.float64(0.005462500000000001), 'kde_bandwidth': np.float64(1.9249999999999998)}",0.30022
wfr_bdl,"{'gamma2': 0.7028282284736633, 'lambda_': 114.9304137293519, 'sigma2': 0.3909595012664795, 'p': 50, 'batch_size': 128, 'eval_every': 15, 'dt': np.float64(0.005462500000000001), 'kde_bandwidth': np.float64(2.0208333333333335)}",0.30022
wfr_bdl,"{'gamma2': 0.7028282284736633, 'lambda_': 114.9304137293519, 'sigma2': 0.3909595012664795, 'p': 50, 'batch_size': 128, 'eval_every': 15, 'dt': np.float64(0.005462500000000001), 'kde_bandwidth': np.float64(2.1166666666666667)}",0.30022
wfr_bdl,"{'gamma2': 0.7028282284736633, 'lambda_': 114.9304137293519, 'sigma2': 0.3909595012664795, 'p': 50, 'batch_size': 128, 'eval_every': 15, 'dt': np.float64(0.005462500000000001), 'kde_bandwidth': np.float64(2.2125)}",0.30022
wfr_bdl,"{'gamma2': 0.7028282284736633, 'lambda_': 114.9304137293519, 'sigma2': 0.3909595012664795, 'p': 50, 'batch_size': 128, 'eval_every': 15, 'dt': np.float64(0.005462500000000001), 'kde_bandwidth': np.float64(2.3083333333333336)}",0.30022
wfr_bdl,"{'gamma2': 0.7028282284736633, 'lambda_': 114.9304137293519, 'sigma2': 0.3909595012664795, 'p': 50, 'batch_size': 128, 'eval_every': 15, 'dt': np.float64(0.005462500000000001), 'kde_bandwidth': np.float64(2.404166666666667)}",0.30022
wfr_bdl,"{'gamma2': 0.7028282284736633, 'lambda_': 114.9304137293519, 'sigma2': 0.3909595012664795, 'p': 50, 'batch_size': 128, 'eval_every': 15, 'dt': np.float64(0.005462500000000001), 'kde_bandwidth': np.float64(2.5)}",0.30022
wfr_bdl,"{'gamma2': 0.7028282284736633, 'lambda_': 114.9304137293519, 'sigma2': 0.3909595012664795, 'p': 50, 'batch_size': 128, 'eval_every': 15, 'dt': np.float64(0.005875000000000001), 'kde_bandwidth': np.float64(0.2)}",0.30230
wfr_bdl,"{'gamma2': 0.7028282284736633, 'lambda_': 114.9304137293519, 'sigma2': 0.3909595012664795, 'p': 50, 'batch_size': 128, 'eval_every': 15, 'dt': np.float64(0.005875000000000001), 'kde_bandwidth': np.float64(0.29583333333333334)}",0.30230
wfr_bdl,"{'gamma2': 0.7028282284736633, 'lambda_': 114.9304137293519, 'sigma2': 0.3909595012664795, 'p': 50, 'batch_size': 128, 'eval_every': 15, 'dt': np.float64(0.005875000000000001), 'kde_bandwidth': np.float64(0.39166666666666666)}",0.30186
wfr_bdl,"{'gamma2': 0.7028282284736633, 'lambda_': 114.9304137293519, 'sigma2': 0.3909595012664795, 'p': 50, 'batch_size': 128, 'eval_every': 15, 'dt': np.float64(0.005875000000000001), 'kde_bandwidth': np.float64(0.4875)}",0.30314
wfr_bdl,"{'gamma2': 0.7028282284736633, 'lambda_': 114.9304137293519, 'sigma2': 0.3909595012664795, 'p': 50, 'batch_size': 128, 'eval_every': 15, 'dt': np.float64(0.005875000000000001), 'kde_bandwidth': np.float64(0.5833333333333333)}",0.29970
wfr_bdl,"{'gamma2': 0.7028282284736633, 'lambda_': 114.9304137293519, 'sigma2': 0.3909595012664795, 'p': 50, 'batch_size': 128, 'eval_every': 15, 'dt': np.float64(0.005875000000000001), 'kde_bandwidth': np.float64(0.6791666666666667)}",0.30396
wfr_bdl,"{'gamma2': 0.7028282284736633, 'lambda_': 114.9304137293519, 'sigma2': 0.3909595012664795, 'p': 50, 'batch_size': 128, 'eval_every': 15, 'dt': np.float64(0.005875000000000001), 'kde_bandwidth': np.float64(0.7749999999999999)}",0.30188
wfr_bdl,"{'gamma2': 0.7028282284736633, 'lambda_': 114.9304137293519, 'sigma2': 0.3909595012664795, 'p': 50, 'batch_size': 128, 'eval_every': 15, 'dt': np.float64(0.005875000000000001), 'kde_bandwidth': np.float64(0.8708333333333333)}",0.30239
wfr_bdl,"{'gamma2': 0.7028282284736633, 'lambda_': 114.9304137293519, 'sigma2': 0.3909595012664795, 'p': 50, 'batch_size': 128, 'eval_every': 15, 'dt': np.float64(0.005875000000000001), 'kde_bandwidth': np.float64(0.9666666666666666)}",0.30239
wfr_bdl,"{'gamma2': 0.7028282284736633, 'lambda_': 114.9304137293519, 'sigma2': 0.3909595012664795, 'p': 50, 'batch_size': 128, 'eval_every': 15, 'dt': np.float64(0.005875000000000001), 'kde_bandwidth': np.float64(1.0625)}",0.30239
wfr_bdl,"{'gamma2': 0.7028282284736633, 'lambda_': 114.9304137293519, 'sigma2': 0.3909595012664795, 'p': 50, 'batch_size': 128, 'eval_every': 15, 'dt': np.float64(0.005875000000000001), 'kde_bandwidth': np.float64(1.1583333333333332)}",0.30474
wfr_bdl,"{'gamma2': 0.7028282284736633, 'lambda_': 114.9304137293519, 'sigma2': 0.3909595012664795, 'p': 50, 'batch_size': 128, 'eval_every': 15, 'dt': np.float64(0.005875000000000001), 'kde_bandwidth': np.float64(1.2541666666666667)}",0.30346
wfr_bdl,"{'gamma2': 0.7028282284736633, 'lambda_': 114.9304137293519, 'sigma2': 0.3909595012664795, 'p': 50, 'batch_size': 128, 'eval_every': 15, 'dt': np.float64(0.005875000000000001), 'kde_bandwidth': np.float64(1.3499999999999999)}",0.30547
wfr_bdl,"{'gamma2': 0.7028282284736633, 'lambda_': 114.9304137293519, 'sigma2': 0.3909595012664795, 'p': 50, 'batch_size': 128, 'eval_every': 15, 'dt': np.float64(0.005875000000000001), 'kde_bandwidth': np.float64(1.445833333333333)}",0.30547
wfr_bdl,"{'gamma2': 0.7028282284736633, 'lambda_': 114.9304137293519, 'sigma2': 0.3909595012664795, 'p': 50, 'batch_size': 128, 'eval_every': 15, 'dt': np.float64(0.005875000000000001), 'kde_bandwidth': np.float64(1.5416666666666665)}",0.30547
wfr_bdl,"{'gamma2': 0.7028282284736633, 'lambda_': 114.9304137293519, 'sigma2': 0.3909595012664795, 'p': 50, 'batch_size': 128, 'eval_every': 15, 'dt': np.float64(0.005875000000000001), 'kde_bandwidth': np.float64(1.6375)}",0.30547
wfr_bdl,"{'gamma2': 0.7028282284736633, 'lambda_': 114.9304137293519, 'sigma2': 0.3909595012664795, 'p': 50, 'batch_size': 128, 'eval_every': 15, 'dt': np.float64(0.005875000000000001), 'kde_bandwidth': np.float64(1.7333333333333332)}",0.30547
wfr_bdl,"{'gamma2': 0.7028282284736633, 'lambda_': 114.9304137293519, 'sigma2': 0.3909595012664795, 'p': 50, 'batch_size': 128, 'eval_every': 15, 'dt': np.float64(0.005875000000000001), 'kde_bandwidth': np.float64(1.8291666666666664)}",0.29964
wfr_bdl,"{'gamma2': 0.7028282284736633, 'lambda_': 114.9304137293519, 'sigma2': 0.3909595012664795, 'p': 50, 'batch_size': 128, 'eval_every': 15, 'dt': np.float64(0.005875000000000001), 'kde_bandwidth': np.float64(1.9249999999999998)}",0.30253
wfr_bdl,"{'gamma2': 0.7028282284736633, 'lambda_': 114.9304137293519, 'sigma2': 0.3909595012664795, 'p': 50, 'batch_size': 128, 'eval_every': 15, 'dt': np.float64(0.005875000000000001), 'kde_bandwidth': np.float64(2.0208333333333335)}",0.30253
wfr_bdl,"{'gamma2': 0.7028282284736633, 'lambda_': 114.9304137293519, 'sigma2': 0.3909595012664795, 'p': 50, 'batch_size': 128, 'eval_every': 15, 'dt': np.float64(0.005875000000000001), 'kde_bandwidth': np.float64(2.1166666666666667)}",0.30253
wfr_bdl,"{'gamma2': 0.7028282284736633, 'lambda_': 114.9304137293519, 'sigma2': 0.3909595012664795, 'p': 50, 'batch_size': 128, 'eval_every': 15, 'dt': np.float64(0.005875000000000001), 'kde_bandwidth': np.float64(2.2125)}",0.29997
wfr_bdl,"{'gamma2': 0.7028282284736633, 'lambda_': 114.9304137293519, 'sigma2': 0.3909595012664795, 'p': 50, 'batch_size': 128, 'eval_every': 15, 'dt': np.float64(0.005875000000000001), 'kde_bandwidth': np.float64(2.3083333333333336)}",0.29997
wfr_bdl,"{'gamma2': 0.7028282284736633, 'lambda_': 114.9304137293519, 'sigma2': 0.3909595012664795, 'p': 50, 'batch_size': 128, 'eval_every': 15, 'dt': np.float64(0.005875000000000001), 'kde_bandwidth': np.float64(2.404166666666667)}",0.29997
wfr_bdl,"{'gamma2': 0.7028282284736633, 'lambda_': 114.9304137293519, 'sigma2': 0.3909595012664795, 'p': 50, 'batch_size': 128, 'eval_every': 15, 'dt': np.float64(0.005875000000000001), 'kde_bandwidth': np.float64(2.5)}",0.29997
wfr_bdl,"{'gamma2': 0.7028282284736633, 'lambda_': 114.9304137293519, 'sigma2': 0.3909595012664795, 'p': 50, 'batch_size': 128, 'eval_every': 15, 'dt': np.float64(0.006287500000000001), 'kde_bandwidth': np.float64(0.2)}",0.30416
wfr_bdl,"{'gamma2': 0.7028282284736633, 'lambda_': 114.9304137293519, 'sigma2': 0.3909595012664795, 'p': 50, 'batch_size': 128, 'eval_every': 15, 'dt': np.float64(0.006287500000000001), 'kde_bandwidth': np.float64(0.29583333333333334)}",0.30158
wfr_bdl,"{'gamma2': 0.7028282284736633, 'lambda_': 114.9304137293519, 'sigma2': 0.3909595012664795, 'p': 50, 'batch_size': 128, 'eval_every': 15, 'dt': np.float64(0.006287500000000001), 'kde_bandwidth': np.float64(0.39166666666666666)}",0.30509
wfr_bdl,"{'gamma2': 0.7028282284736633, 'lambda_': 114.9304137293519, 'sigma2': 0.3909595012664795, 'p': 50, 'batch_size': 128, 'eval_every': 15, 'dt': np.float64(0.006287500000000001), 'kde_bandwidth': np.float64(0.4875)}",0.29879
wfr_bdl,"{'gamma2': 0.7028282284736633, 'lambda_': 114.9304137293519, 'sigma2': 0.3909595012664795, 'p': 50, 'batch_size': 128, 'eval_every': 15, 'dt': np.float64(0.006287500000000001), 'kde_bandwidth': np.float64(0.5833333333333333)}",0.30015
wfr_bdl,"{'gamma2': 0.7028282284736633, 'lambda_': 114.9304137293519, 'sigma2': 0.3909595012664795, 'p': 50, 'batch_size': 128, 'eval_every': 15, 'dt': np.float64(0.006287500000000001), 'kde_bandwidth': np.float64(0.6791666666666667)}",0.30083
wfr_bdl,"{'gamma2': 0.7028282284736633, 'lambda_': 114.9304137293519, 'sigma2': 0.3909595012664795, 'p': 50, 'batch_size': 128, 'eval_every': 15, 'dt': np.float64(0.006287500000000001), 'kde_bandwidth': np.float64(0.7749999999999999)}",0.30083
wfr_bdl,"{'gamma2': 0.7028282284736633, 'lambda_': 114.9304137293519, 'sigma2': 0.3909595012664795, 'p': 50, 'batch_size': 128, 'eval_every': 15, 'dt': np.float64(0.006287500000000001), 'kde_bandwidth': np.float64(0.8708333333333333)}",0.30083
wfr_bdl,"{'gamma2': 0.7028282284736633, 'lambda_': 114.9304137293519, 'sigma2': 0.3909595012664795, 'p': 50, 'batch_size': 128, 'eval_every': 15, 'dt': np.float64(0.006287500000000001), 'kde_bandwidth': np.float64(0.9666666666666666)}",0.30318
wfr_bdl,"{'gamma2': 0.7028282284736633, 'lambda_': 114.9304137293519, 'sigma2': 0.3909595012664795, 'p': 50, 'batch_size': 128, 'eval_every': 15, 'dt': np.float64(0.006287500000000001), 'kde_bandwidth': np.float64(1.0625)}",0.30264
wfr_bdl,"{'gamma2': 0.7028282284736633, 'lambda_': 114.9304137293519, 'sigma2': 0.3909595012664795, 'p': 50, 'batch_size': 128, 'eval_every': 15, 'dt': np.float64(0.006287500000000001), 'kde_bandwidth': np.float64(1.1583333333333332)}",0.30692
wfr_bdl,"{'gamma2': 0.7028282284736633, 'lambda_': 114.9304137293519, 'sigma2': 0.3909595012664795, 'p': 50, 'batch_size': 128, 'eval_every': 15, 'dt': np.float64(0.006287500000000001), 'kde_bandwidth': np.float64(1.2541666666666667)}",0.29792
wfr_bdl,"{'gamma2': 0.7028282284736633, 'lambda_': 114.9304137293519, 'sigma2': 0.3909595012664795, 'p': 50, 'batch_size': 128, 'eval_every': 15, 'dt': np.float64(0.006287500000000001), 'kde_bandwidth': np.float64(1.3499999999999999)}",0.30217
wfr_bdl,"{'gamma2': 0.7028282284736633, 'lambda_': 114.9304137293519, 'sigma2': 0.3909595012664795, 'p': 50, 'batch_size': 128, 'eval_every': 15, 'dt': np.float64(0.006287500000000001), 'kde_bandwidth': np.float64(1.445833333333333)}",0.30002
wfr_bdl,"{'gamma2': 0.7028282284736633, 'lambda_': 114.9304137293519, 'sigma2': 0.3909595012664795, 'p': 50, 'batch_size': 128, 'eval_every': 15, 'dt': np.float64(0.006287500000000001), 'kde_bandwidth': np.float64(1.5416666666666665)}",0.29775
wfr_bdl,"{'gamma2': 0.7028282284736633, 'lambda_': 114.9304137293519, 'sigma2': 0.3909595012664795, 'p': 50, 'batch_size': 128, 'eval_every': 15, 'dt': np.float64(0.006287500000000001), 'kde_bandwidth': np.float64(1.6375)}",0.30145
wfr_bdl,"{'gamma2': 0.7028282284736633, 'lambda_': 114.9304137293519, 'sigma2': 0.3909595012664795, 'p': 50, 'batch_size': 128, 'eval_every': 15, 'dt': np.float64(0.006287500000000001), 'kde_bandwidth': np.float64(1.7333333333333332)}",0.30145
wfr_bdl,"{'gamma2': 0.7028282284736633, 'lambda_': 114.9304137293519, 'sigma2': 0.3909595012664795, 'p': 50, 'batch_size': 128, 'eval_every': 15, 'dt': np.float64(0.006287500000000001), 'kde_bandwidth': np.float64(1.8291666666666664)}",0.30145
wfr_bdl,"{'gamma2': 0.7028282284736633, 'lambda_': 114.9304137293519, 'sigma2': 0.3909595012664795, 'p': 50, 'batch_size': 128, 'eval_every': 15, 'dt': np.float64(0.006287500000000001), 'kde_bandwidth': np.float64(1.9249999999999998)}",0.30145
wfr_bdl,"{'gamma2': 0.7028282284736633, 'lambda_': 114.9304137293519, 'sigma2': 0.3909595012664795, 'p': 50, 'batch_size': 128, 'eval_every': 15, 'dt': np.float64(0.006287500000000001), 'kde_bandwidth': np.float64(2.0208333333333335)}",0.30245
wfr_bdl,"{'gamma2': 0.7028282284736633, 'lambda_': 114.9304137293519, 'sigma2': 0.3909595012664795, 'p': 50, 'batch_size': 128, 'eval_every': 15, 'dt': np.float64(0.006287500000000001), 'kde_bandwidth': np.float64(2.1166666666666667)}",0.29916
wfr_bdl,"{'gamma2': 0.7028282284736633, 'lambda_': 114.9304137293519, 'sigma2': 0.3909595012664795, 'p': 50, 'batch_size': 128, 'eval_every': 15, 'dt': np.float64(0.006287500000000001), 'kde_bandwidth': np.float64(2.2125)}",0.29916
wfr_bdl,"{'gamma2': 0.7028282284736633, 'lambda_': 114.9304137293519, 'sigma2': 0.3909595012664795, 'p': 50, 'batch_size': 128, 'eval_every': 15, 'dt': np.float64(0.006287500000000001), 'kde_bandwidth': np.float64(2.3083333333333336)}",0.30396
wfr_bdl,"{'gamma2': 0.7028282284736633, 'lambda_': 114.9304137293519, 'sigma2': 0.3909595012664795, 'p': 50, 'batch_size': 128, 'eval_every': 15, 'dt': np.float64(0.006287500000000001), 'kde_bandwidth': np.float64(2.404166666666667)}",0.30396
wfr_bdl,"{'gamma2': 0.7028282284736633, 'lambda_': 114.9304137293519, 'sigma2': 0.3909595012664795, 'p': 50, 'batch_size': 128, 'eval_every': 15, 'dt': np.float64(0.006287500000000001), 'kde_bandwidth': np.float64(2.5)}",0.30396
wfr_bdl,"{'gamma2': 0.7028282284736633, 'lambda_': 114.9304137293519, 'sigma2': 0.3909595012664795, 'p': 50, 'batch_size': 128, 'eval_every': 15, 'dt': np.float64(0.006700000000000001), 'kde_bandwidth': np.float64(0.2)}",0.30526
wfr_bdl,"{'gamma2': 0.7028282284736633, 'lambda_': 114.9304137293519, 'sigma2': 0.3909595012664795, 'p': 50, 'batch_size': 128, 'eval_every': 15, 'dt': np.float64(0.006700000000000001), 'kde_bandwidth': np.float64(0.29583333333333334)}",0.30075
wfr_bdl,"{'gamma2': 0.7028282284736633, 'lambda_': 114.9304137293519, 'sigma2': 0.3909595012664795, 'p': 50, 'batch_size': 128, 'eval_every': 15, 'dt': np.float64(0.006700000000000001), 'kde_bandwidth': np.float64(0.39166666666666666)}",0.30154
wfr_bdl,"{'gamma2': 0.7028282284736633, 'lambda_': 114.9304137293519, 'sigma2': 0.3909595012664795, 'p': 50, 'batch_size': 128, 'eval_every': 15, 'dt': np.float64(0.006700000000000001), 'kde_bandwidth': np.float64(0.4875)}",0.30515
wfr_bdl,"{'gamma2': 0.7028282284736633, 'lambda_': 114.9304137293519, 'sigma2': 0.3909595012664795, 'p': 50, 'batch_size': 128, 'eval_every': 15, 'dt': np.float64(0.006700000000000001), 'kde_bandwidth': np.float64(0.5833333333333333)}",0.30362
wfr_bdl,"{'gamma2': 0.7028282284736633, 'lambda_': 114.9304137293519, 'sigma2': 0.3909595012664795, 'p': 50, 'batch_size': 128, 'eval_every': 15, 'dt': np.float64(0.006700000000000001), 'kde_bandwidth': np.float64(0.6791666666666667)}",0.30235
wfr_bdl,"{'gamma2': 0.7028282284736633, 'lambda_': 114.9304137293519, 'sigma2': 0.3909595012664795, 'p': 50, 'batch_size': 128, 'eval_every': 15, 'dt': np.float64(0.006700000000000001), 'kde_bandwidth': np.float64(0.7749999999999999)}",0.29880
wfr_bdl,"{'gamma2': 0.7028282284736633, 'lambda_': 114.9304137293519, 'sigma2': 0.3909595012664795, 'p': 50, 'batch_size': 128, 'eval_every': 15, 'dt': np.float64(0.006700000000000001), 'kde_bandwidth': np.float64(0.8708333333333333)}",0.30388
wfr_bdl,"{'gamma2': 0.7028282284736633, 'lambda_': 114.9304137293519, 'sigma2': 0.3909595012664795, 'p': 50, 'batch_size': 128, 'eval_every': 15, 'dt': np.float64(0.006700000000000001), 'kde_bandwidth': np.float64(0.9666666666666666)}",0.29848
wfr_bdl,"{'gamma2': 0.7028282284736633, 'lambda_': 114.9304137293519, 'sigma2': 0.3909595012664795, 'p': 50, 'batch_size': 128, 'eval_every': 15, 'dt': np.float64(0.006700000000000001), 'kde_bandwidth': np.float64(1.0625)}",0.29848
wfr_bdl,"{'gamma2': 0.7028282284736633, 'lambda_': 114.9304137293519, 'sigma2': 0.3909595012664795, 'p': 50, 'batch_size': 128, 'eval_every': 15, 'dt': np.float64(0.006700000000000001), 'kde_bandwidth': np.float64(1.1583333333333332)}",0.30212
wfr_bdl,"{'gamma2': 0.7028282284736633, 'lambda_': 114.9304137293519, 'sigma2': 0.3909595012664795, 'p': 50, 'batch_size': 128, 'eval_every': 15, 'dt': np.float64(0.006700000000000001), 'kde_bandwidth': np.float64(1.2541666666666667)}",0.30074
wfr_bdl,"{'gamma2': 0.7028282284736633, 'lambda_': 114.9304137293519, 'sigma2': 0.3909595012664795, 'p': 50, 'batch_size': 128, 'eval_every': 15, 'dt': np.float64(0.006700000000000001), 'kde_bandwidth': np.float64(1.3499999999999999)}",0.30074
wfr_bdl,"{'gamma2': 0.7028282284736633, 'lambda_': 114.9304137293519, 'sigma2': 0.3909595012664795, 'p': 50, 'batch_size': 128, 'eval_every': 15, 'dt': np.float64(0.006700000000000001), 'kde_bandwidth': np.float64(1.445833333333333)}",0.30074
wfr_bdl,"{'gamma2': 0.7028282284736633, 'lambda_': 114.9304137293519, 'sigma2': 0.3909595012664795, 'p': 50, 'batch_size': 128, 'eval_every': 15, 'dt': np.float64(0.006700000000000001), 'kde_bandwidth': np.float64(1.5416666666666665)}",0.30424
wfr_bdl,"{'gamma2': 0.7028282284736633, 'lambda_': 114.9304137293519, 'sigma2': 0.3909595012664795, 'p': 50, 'batch_size': 128, 'eval_every': 15, 'dt': np.float64(0.006700000000000001), 'kde_bandwidth': np.float64(1.6375)}",0.30424
wfr_bdl,"{'gamma2': 0.7028282284736633, 'lambda_': 114.9304137293519, 'sigma2': 0.3909595012664795, 'p': 50, 'batch_size': 128, 'eval_every': 15, 'dt': np.float64(0.006700000000000001), 'kde_bandwidth': np.float64(1.7333333333333332)}",0.30424
wfr_bdl,"{'gamma2': 0.7028282284736633, 'lambda_': 114.9304137293519, 'sigma2': 0.3909595012664795, 'p': 50, 'batch_size': 128, 'eval_every': 15, 'dt': np.float64(0.006700000000000001), 'kde_bandwidth': np.float64(1.8291666666666664)}",0.29981
wfr_bdl,"{'gamma2': 0.7028282284736633, 'lambda_': 114.9304137293519, 'sigma2': 0.3909595012664795, 'p': 50, 'batch_size': 128, 'eval_every': 15, 'dt': np.float64(0.006700000000000001), 'kde_bandwidth': np.float64(1.9249999999999998)}",0.29981
wfr_bdl,"{'gamma2': 0.7028282284736633, 'lambda_': 114.9304137293519, 'sigma2': 0.3909595012664795, 'p': 50, 'batch_size': 128, 'eval_every': 15, 'dt': np.float64(0.006700000000000001), 'kde_bandwidth': np.float64(2.0208333333333335)}",0.29981
wfr_bdl,"{'gamma2': 0.7028282284736633, 'lambda_': 114.9304137293519, 'sigma2': 0.3909595012664795, 'p': 50, 'batch_size': 128, 'eval_every': 15, 'dt': np.float64(0.006700000000000001), 'kde_bandwidth': np.float64(2.1166666666666667)}",0.29981
wfr_bdl,"{'gamma2': 0.7028282284736633, 'lambda_': 114.9304137293519, 'sigma2': 0.3909595012664795, 'p': 50, 'batch_size': 128, 'eval_every': 15, 'dt': np.float64(0.006700000000000001), 'kde_bandwidth': np.float64(2.2125)}",0.29981
wfr_bdl,"{'gamma2': 0.7028282284736633, 'lambda_': 114.9304137293519, 'sigma2': 0.3909595012664795, 'p': 50, 'batch_size': 128, 'eval_every': 15, 'dt': np.float64(0.006700000000000001), 'kde_bandwidth': np.float64(2.3083333333333336)}",0.30238
wfr_bdl,"{'gamma2': 0.7028282284736633, 'lambda_': 114.9304137293519, 'sigma2': 0.3909595012664795, 'p': 50, 'batch_size': 128, 'eval_every': 15, 'dt': np.float64(0.006700000000000001), 'kde_bandwidth': np.float64(2.404166666666667)}",0.30238
wfr_bdl,"{'gamma2': 0.7028282284736633, 'lambda_': 114.9304137293519, 'sigma2': 0.3909595012664795, 'p': 50, 'batch_size': 128, 'eval_every': 15, 'dt': np.float64(0.006700000000000001), 'kde_bandwidth': np.float64(2.5)}",0.30238
wfr_bdl,"{'gamma2': 0.7028282284736633, 'lambda_': 114.9304137293519, 'sigma2': 0.3909595012664795, 'p': 50, 'batch_size': 128, 'eval_every': 15, 'dt': np.float64(0.007112500000000001), 'kde_bandwidth': np.float64(0.2)}",0.30145
wfr_bdl,"{'gamma2': 0.7028282284736633, 'lambda_': 114.9304137293519, 'sigma2': 0.3909595012664795, 'p': 50, 'batch_size': 128, 'eval_every': 15, 'dt': np.float64(0.007112500000000001), 'kde_bandwidth': np.float64(0.29583333333333334)}",0.30229
wfr_bdl,"{'gamma2': 0.7028282284736633, 'lambda_': 114.9304137293519, 'sigma2': 0.3909595012664795, 'p': 50, 'batch_size': 128, 'eval_every': 15, 'dt': np.float64(0.007112500000000001), 'kde_bandwidth': np.float64(0.39166666666666666)}",0.30099
wfr_bdl,"{'gamma2': 0.7028282284736633, 'lambda_': 114.9304137293519, 'sigma2': 0.3909595012664795, 'p': 50, 'batch_size': 128, 'eval_every': 15, 'dt': np.float64(0.007112500000000001), 'kde_bandwidth': np.float64(0.4875)}",0.30423
wfr_bdl,"{'gamma2': 0.7028282284736633, 'lambda_': 114.9304137293519, 'sigma2': 0.3909595012664795, 'p': 50, 'batch_size': 128, 'eval_every': 15, 'dt': np.float64(0.007112500000000001), 'kde_bandwidth': np.float64(0.5833333333333333)}",0.30128
wfr_bdl,"{'gamma2': 0.7028282284736633, 'lambda_': 114.9304137293519, 'sigma2': 0.3909595012664795, 'p': 50, 'batch_size': 128, 'eval_every': 15, 'dt': np.float64(0.007112500000000001), 'kde_bandwidth': np.float64(0.6791666666666667)}",0.31022
wfr_bdl,"{'gamma2': 0.7028282284736633, 'lambda_': 114.9304137293519, 'sigma2': 0.3909595012664795, 'p': 50, 'batch_size': 128, 'eval_every': 15, 'dt': np.float64(0.007112500000000001), 'kde_bandwidth': np.float64(0.7749999999999999)}",0.30372
wfr_bdl,"{'gamma2': 0.7028282284736633, 'lambda_': 114.9304137293519, 'sigma2': 0.3909595012664795, 'p': 50, 'batch_size': 128, 'eval_every': 15, 'dt': np.float64(0.007112500000000001), 'kde_bandwidth': np.float64(0.8708333333333333)}",0.29795
wfr_bdl,"{'gamma2': 0.7028282284736633, 'lambda_': 114.9304137293519, 'sigma2': 0.3909595012664795, 'p': 50, 'batch_size': 128, 'eval_every': 15, 'dt': np.float64(0.007112500000000001), 'kde_bandwidth': np.float64(0.9666666666666666)}",0.29795
wfr_bdl,"{'gamma2': 0.7028282284736633, 'lambda_': 114.9304137293519, 'sigma2': 0.3909595012664795, 'p': 50, 'batch_size': 128, 'eval_every': 15, 'dt': np.float64(0.007112500000000001), 'kde_bandwidth': np.float64(1.0625)}",0.30050
wfr_bdl,"{'gamma2': 0.7028282284736633, 'lambda_': 114.9304137293519, 'sigma2': 0.3909595012664795, 'p': 50, 'batch_size': 128, 'eval_every': 15, 'dt': np.float64(0.007112500000000001), 'kde_bandwidth': np.float64(1.1583333333333332)}",0.30348
wfr_bdl,"{'gamma2': 0.7028282284736633, 'lambda_': 114.9304137293519, 'sigma2': 0.3909595012664795, 'p': 50, 'batch_size': 128, 'eval_every': 15, 'dt': np.float64(0.007112500000000001), 'kde_bandwidth': np.float64(1.2541666666666667)}",0.30151
wfr_bdl,"{'gamma2': 0.7028282284736633, 'lambda_': 114.9304137293519, 'sigma2': 0.3909595012664795, 'p': 50, 'batch_size': 128, 'eval_every': 15, 'dt': np.float64(0.007112500000000001), 'kde_bandwidth': np.float64(1.3499999999999999)}",0.30254
wfr_bdl,"{'gamma2': 0.7028282284736633, 'lambda_': 114.9304137293519, 'sigma2': 0.3909595012664795, 'p': 50, 'batch_size': 128, 'eval_every': 15, 'dt': np.float64(0.007112500000000001), 'kde_bandwidth': np.float64(1.445833333333333)}",0.30254
wfr_bdl,"{'gamma2': 0.7028282284736633, 'lambda_': 114.9304137293519, 'sigma2': 0.3909595012664795, 'p': 50, 'batch_size': 128, 'eval_every': 15, 'dt': np.float64(0.007112500000000001), 'kde_bandwidth': np.float64(1.5416666666666665)}",0.30144
wfr_bdl,"{'gamma2': 0.7028282284736633, 'lambda_': 114.9304137293519, 'sigma2': 0.3909595012664795, 'p': 50, 'batch_size': 128, 'eval_every': 15, 'dt': np.float64(0.007112500000000001), 'kde_bandwidth': np.float64(1.6375)}",0.29877
wfr_bdl,"{'gamma2': 0.7028282284736633, 'lambda_': 114.9304137293519, 'sigma2': 0.3909595012664795, 'p': 50, 'batch_size': 128, 'eval_every': 15, 'dt': np.float64(0.007112500000000001), 'kde_bandwidth': np.float64(1.7333333333333332)}",0.30444
wfr_bdl,"{'gamma2': 0.7028282284736633, 'lambda_': 114.9304137293519, 'sigma2': 0.3909595012664795, 'p': 50, 'batch_size': 128, 'eval_every': 15, 'dt': np.float64(0.007112500000000001), 'kde_bandwidth': np.float64(1.8291666666666664)}",0.30446
wfr_bdl,"{'gamma2': 0.7028282284736633, 'lambda_': 114.9304137293519, 'sigma2': 0.3909595012664795, 'p': 50, 'batch_size': 128, 'eval_every': 15, 'dt': np.float64(0.007112500000000001), 'kde_bandwidth': np.float64(1.9249999999999998)}",0.30446
wfr_bdl,"{'gamma2': 0.7028282284736633, 'lambda_': 114.9304137293519, 'sigma2': 0.3909595012664795, 'p': 50, 'batch_size': 128, 'eval_every': 15, 'dt': np.float64(0.007112500000000001), 'kde_bandwidth': np.float64(2.0208333333333335)}",0.30098
wfr_bdl,"{'gamma2': 0.7028282284736633, 'lambda_': 114.9304137293519, 'sigma2': 0.3909595012664795, 'p': 50, 'batch_size': 128, 'eval_every': 15, 'dt': np.float64(0.007112500000000001), 'kde_bandwidth': np.float64(2.1166666666666667)}",0.30098
wfr_bdl,"{'gamma2': 0.7028282284736633, 'lambda_': 114.9304137293519, 'sigma2': 0.3909595012664795, 'p': 50, 'batch_size': 128, 'eval_every': 15, 'dt': np.float64(0.007112500000000001), 'kde_bandwidth': np.float64(2.2125)}",0.30098
wfr_bdl,"{'gamma2': 0.7028282284736633, 'lambda_': 114.9304137293519, 'sigma2': 0.3909595012664795, 'p': 50, 'batch_size': 128, 'eval_every': 15, 'dt': np.float64(0.007112500000000001), 'kde_bandwidth': np.float64(2.3083333333333336)}",0.30263
wfr_bdl,"{'gamma2': 0.7028282284736633, 'lambda_': 114.9304137293519, 'sigma2': 0.3909595012664795, 'p': 50, 'batch_size': 128, 'eval_every': 15, 'dt': np.float64(0.007112500000000001), 'kde_bandwidth': np.float64(2.404166666666667)}",0.30263
wfr_bdl,"{'gamma2': 0.7028282284736633, 'lambda_': 114.9304137293519, 'sigma2': 0.3909595012664795, 'p': 50, 'batch_size': 128, 'eval_every': 15, 'dt': np.float64(0.007112500000000001), 'kde_bandwidth': np.float64(2.5)}",0.30081
wfr_bdl,"{'gamma2': 0.7028282284736633, 'lambda_': 114.9304137293519, 'sigma2': 0.3909595012664795, 'p': 50, 'batch_size': 128, 'eval_every': 15, 'dt': np.float64(0.007525000000000001), 'kde_bandwidth': np.float64(0.2)}",0.30246
wfr_bdl,"{'gamma2': 0.7028282284736633, 'lambda_': 114.9304137293519, 'sigma2': 0.3909595012664795, 'p': 50, 'batch_size': 128, 'eval_every': 15, 'dt': np.float64(0.007525000000000001), 'kde_bandwidth': np.float64(0.29583333333333334)}",0.30710
wfr_bdl,"{'gamma2': 0.7028282284736633, 'lambda_': 114.9304137293519, 'sigma2': 0.3909595012664795, 'p': 50, 'batch_size': 128, 'eval_every': 15, 'dt': np.float64(0.007525000000000001), 'kde_bandwidth': np.float64(0.39166666666666666)}",0.29841
wfr_bdl,"{'gamma2': 0.7028282284736633, 'lambda_': 114.9304137293519, 'sigma2': 0.3909595012664795, 'p': 50, 'batch_size': 128, 'eval_every': 15, 'dt': np.float64(0.007525000000000001), 'kde_bandwidth': np.float64(0.4875)}",0.30612
wfr_bdl,"{'gamma2': 0.7028282284736633, 'lambda_': 114.9304137293519, 'sigma2': 0.3909595012664795, 'p': 50, 'batch_size': 128, 'eval_every': 15, 'dt': np.float64(0.007525000000000001), 'kde_bandwidth': np.float64(0.5833333333333333)}",0.30517
wfr_bdl,"{'gamma2': 0.7028282284736633, 'lambda_': 114.9304137293519, 'sigma2': 0.3909595012664795, 'p': 50, 'batch_size': 128, 'eval_every': 15, 'dt': np.float64(0.007525000000000001), 'kde_bandwidth': np.float64(0.6791666666666667)}",0.29906
wfr_bdl,"{'gamma2': 0.7028282284736633, 'lambda_': 114.9304137293519, 'sigma2': 0.3909595012664795, 'p': 50, 'batch_size': 128, 'eval_every': 15, 'dt': np.float64(0.007525000000000001), 'kde_bandwidth': np.float64(0.7749999999999999)}",0.30426
wfr_bdl,"{'gamma2': 0.7028282284736633, 'lambda_': 114.9304137293519, 'sigma2': 0.3909595012664795, 'p': 50, 'batch_size': 128, 'eval_every': 15, 'dt': np.float64(0.007525000000000001), 'kde_bandwidth': np.float64(0.8708333333333333)}",0.30114
wfr_bdl,"{'gamma2': 0.7028282284736633, 'lambda_': 114.9304137293519, 'sigma2': 0.3909595012664795, 'p': 50, 'batch_size': 128, 'eval_every': 15, 'dt': np.float64(0.007525000000000001), 'kde_bandwidth': np.float64(0.9666666666666666)}",0.31013
wfr_bdl,"{'gamma2': 0.7028282284736633, 'lambda_': 114.9304137293519, 'sigma2': 0.3909595012664795, 'p': 50, 'batch_size': 128, 'eval_every': 15, 'dt': np.float64(0.007525000000000001), 'kde_bandwidth': np.float64(1.0625)}",0.30379
wfr_bdl,"{'gamma2': 0.7028282284736633, 'lambda_': 114.9304137293519, 'sigma2': 0.3909595012664795, 'p': 50, 'batch_size': 128, 'eval_every': 15, 'dt': np.float64(0.007525000000000001), 'kde_bandwidth': np.float64(1.1583333333333332)}",0.30379
wfr_bdl,"{'gamma2': 0.7028282284736633, 'lambda_': 114.9304137293519, 'sigma2': 0.3909595012664795, 'p': 50, 'batch_size': 128, 'eval_every': 15, 'dt': np.float64(0.007525000000000001), 'kde_bandwidth': np.float64(1.2541666666666667)}",0.30577
wfr_bdl,"{'gamma2': 0.7028282284736633, 'lambda_': 114.9304137293519, 'sigma2': 0.3909595012664795, 'p': 50, 'batch_size': 128, 'eval_every': 15, 'dt': np.float64(0.007525000000000001), 'kde_bandwidth': np.float64(1.3499999999999999)}",0.30577
wfr_bdl,"{'gamma2': 0.7028282284736633, 'lambda_': 114.9304137293519, 'sigma2': 0.3909595012664795, 'p': 50, 'batch_size': 128, 'eval_every': 15, 'dt': np.float64(0.007525000000000001), 'kde_bandwidth': np.float64(1.445833333333333)}",0.30307
wfr_bdl,"{'gamma2': 0.7028282284736633, 'lambda_': 114.9304137293519, 'sigma2': 0.3909595012664795, 'p': 50, 'batch_size': 128, 'eval_every': 15, 'dt': np.float64(0.007525000000000001), 'kde_bandwidth': np.float64(1.5416666666666665)}",0.30307
wfr_bdl,"{'gamma2': 0.7028282284736633, 'lambda_': 114.9304137293519, 'sigma2': 0.3909595012664795, 'p': 50, 'batch_size': 128, 'eval_every': 15, 'dt': np.float64(0.007525000000000001), 'kde_bandwidth': np.float64(1.6375)}",0.30307
wfr_bdl,"{'gamma2': 0.7028282284736633, 'lambda_': 114.9304137293519, 'sigma2': 0.3909595012664795, 'p': 50, 'batch_size': 128, 'eval_every': 15, 'dt': np.float64(0.007525000000000001), 'kde_bandwidth': np.float64(1.7333333333333332)}",0.30419
wfr_bdl,"{'gamma2': 0.7028282284736633, 'lambda_': 114.9304137293519, 'sigma2': 0.3909595012664795, 'p': 50, 'batch_size': 128, 'eval_every': 15, 'dt': np.float64(0.007525000000000001), 'kde_bandwidth': np.float64(1.8291666666666664)}",0.30419
wfr_bdl,"{'gamma2': 0.7028282284736633, 'lambda_': 114.9304137293519, 'sigma2': 0.3909595012664795, 'p': 50, 'batch_size': 128, 'eval_every': 15, 'dt': np.float64(0.007525000000000001), 'kde_bandwidth': np.float64(1.9249999999999998)}",0.30434
wfr_bdl,"{'gamma2': 0.7028282284736633, 'lambda_': 114.9304137293519, 'sigma2': 0.3909595012664795, 'p': 50, 'batch_size': 128, 'eval_every': 15, 'dt': np.float64(0.007525000000000001), 'kde_bandwidth': np.float64(2.0208333333333335)}",0.30434
wfr_bdl,"{'gamma2': 0.7028282284736633, 'lambda_': 114.9304137293519, 'sigma2': 0.3909595012664795, 'p': 50, 'batch_size': 128, 'eval_every': 15, 'dt': np.float64(0.007525000000000001), 'kde_bandwidth': np.float64(2.1166666666666667)}",0.30434
wfr_bdl,"{'gamma2': 0.7028282284736633, 'lambda_': 114.9304137293519, 'sigma2': 0.3909595012664795, 'p': 50, 'batch_size': 128, 'eval_every': 15, 'dt': np.float64(0.007525000000000001), 'kde_bandwidth': np.float64(2.2125)}",0.30453
wfr_bdl,"{'gamma2': 0.7028282284736633, 'lambda_': 114.9304137293519, 'sigma2': 0.3909595012664795, 'p': 50, 'batch_size': 128, 'eval_every': 15, 'dt': np.float64(0.007525000000000001), 'kde_bandwidth': np.float64(2.3083333333333336)}",0.30453
wfr_bdl,"{'gamma2': 0.7028282284736633, 'lambda_': 114.9304137293519, 'sigma2': 0.3909595012664795, 'p': 50, 'batch_size': 128, 'eval_every': 15, 'dt': np.float64(0.007525000000000001), 'kde_bandwidth': np.float64(2.404166666666667)}",0.29877
wfr_bdl,"{'gamma2': 0.7028282284736633, 'lambda_': 114.9304137293519, 'sigma2': 0.3909595012664795, 'p': 50, 'batch_size': 128, 'eval_every': 15, 'dt': np.float64(0.007525000000000001), 'kde_bandwidth': np.float64(2.5)}",0.29877
wfr_bdl,"{'gamma2': 0.7028282284736633, 'lambda_': 114.9304137293519, 'sigma2': 0.3909595012664795, 'p': 50, 'batch_size': 128, 'eval_every': 15, 'dt': np.float64(0.0079375), 'kde_bandwidth': np.float64(0.2)}",0.30061
wfr_bdl,"{'gamma2': 0.7028282284736633, 'lambda_': 114.9304137293519, 'sigma2': 0.3909595012664795, 'p': 50, 'batch_size': 128, 'eval_every': 15, 'dt': np.float64(0.0079375), 'kde_bandwidth': np.float64(0.29583333333333334)}",0.30189
wfr_bdl,"{'gamma2': 0.7028282284736633, 'lambda_': 114.9304137293519, 'sigma2': 0.3909595012664795, 'p': 50, 'batch_size': 128, 'eval_every': 15, 'dt': np.float64(0.0079375), 'kde_bandwidth': np.float64(0.39166666666666666)}",0.30397
wfr_bdl,"{'gamma2': 0.7028282284736633, 'lambda_': 114.9304137293519, 'sigma2': 0.3909595012664795, 'p': 50, 'batch_size': 128, 'eval_every': 15, 'dt': np.float64(0.0079375), 'kde_bandwidth': np.float64(0.4875)}",0.30023
wfr_bdl,"{'gamma2': 0.7028282284736633, 'lambda_': 114.9304137293519, 'sigma2': 0.3909595012664795, 'p': 50, 'batch_size': 128, 'eval_every': 15, 'dt': np.float64(0.0079375), 'kde_bandwidth': np.float64(0.5833333333333333)}",0.30260
wfr_bdl,"{'gamma2': 0.7028282284736633, 'lambda_': 114.9304137293519, 'sigma2': 0.3909595012664795, 'p': 50, 'batch_size': 128, 'eval_every': 15, 'dt': np.float64(0.0079375), 'kde_bandwidth': np.float64(0.6791666666666667)}",0.30612
wfr_bdl,"{'gamma2': 0.7028282284736633, 'lambda_': 114.9304137293519, 'sigma2': 0.3909595012664795, 'p': 50, 'batch_size': 128, 'eval_every': 15, 'dt': np.float64(0.0079375), 'kde_bandwidth': np.float64(0.7749999999999999)}",0.30539
wfr_bdl,"{'gamma2': 0.7028282284736633, 'lambda_': 114.9304137293519, 'sigma2': 0.3909595012664795, 'p': 50, 'batch_size': 128, 'eval_every': 15, 'dt': np.float64(0.0079375), 'kde_bandwidth': np.float64(0.8708333333333333)}",0.30122
wfr_bdl,"{'gamma2': 0.7028282284736633, 'lambda_': 114.9304137293519, 'sigma2': 0.3909595012664795, 'p': 50, 'batch_size': 128, 'eval_every': 15, 'dt': np.float64(0.0079375), 'kde_bandwidth': np.float64(0.9666666666666666)}",0.30122
wfr_bdl,"{'gamma2': 0.7028282284736633, 'lambda_': 114.9304137293519, 'sigma2': 0.3909595012664795, 'p': 50, 'batch_size': 128, 'eval_every': 15, 'dt': np.float64(0.0079375), 'kde_bandwidth': np.float64(1.0625)}",0.30431
wfr_bdl,"{'gamma2': 0.7028282284736633, 'lambda_': 114.9304137293519, 'sigma2': 0.3909595012664795, 'p': 50, 'batch_size': 128, 'eval_every': 15, 'dt': np.float64(0.0079375), 'kde_bandwidth': np.float64(1.1583333333333332)}",0.30427
wfr_bdl,"{'gamma2': 0.7028282284736633, 'lambda_': 114.9304137293519, 'sigma2': 0.3909595012664795, 'p': 50, 'batch_size': 128, 'eval_every': 15, 'dt': np.float64(0.0079375), 'kde_bandwidth': np.float64(1.2541666666666667)}",0.30427
wfr_bdl,"{'gamma2': 0.7028282284736633, 'lambda_': 114.9304137293519, 'sigma2': 0.3909595012664795, 'p': 50, 'batch_size': 128, 'eval_every': 15, 'dt': np.float64(0.0079375), 'kde_bandwidth': np.float64(1.3499999999999999)}",0.30490
wfr_bdl,"{'gamma2': 0.7028282284736633, 'lambda_': 114.9304137293519, 'sigma2': 0.3909595012664795, 'p': 50, 'batch_size': 128, 'eval_every': 15, 'dt': np.float64(0.0079375), 'kde_bandwidth': np.float64(1.445833333333333)}",0.30298
wfr_bdl,"{'gamma2': 0.7028282284736633, 'lambda_': 114.9304137293519, 'sigma2': 0.3909595012664795, 'p': 50, 'batch_size': 128, 'eval_every': 15, 'dt': np.float64(0.0079375), 'kde_bandwidth': np.float64(1.5416666666666665)}",0.30167
wfr_bdl,"{'gamma2': 0.7028282284736633, 'lambda_': 114.9304137293519, 'sigma2': 0.3909595012664795, 'p': 50, 'batch_size': 128, 'eval_every': 15, 'dt': np.float64(0.0079375), 'kde_bandwidth': np.float64(1.6375)}",0.30540
wfr_bdl,"{'gamma2': 0.7028282284736633, 'lambda_': 114.9304137293519, 'sigma2': 0.3909595012664795, 'p': 50, 'batch_size': 128, 'eval_every': 15, 'dt': np.float64(0.0079375), 'kde_bandwidth': np.float64(1.7333333333333332)}",0.29985
wfr_bdl,"{'gamma2': 0.7028282284736633, 'lambda_': 114.9304137293519, 'sigma2': 0.3909595012664795, 'p': 50, 'batch_size': 128, 'eval_every': 15, 'dt': np.float64(0.0079375), 'kde_bandwidth': np.float64(1.8291666666666664)}",0.29985
wfr_bdl,"{'gamma2': 0.7028282284736633, 'lambda_': 114.9304137293519, 'sigma2': 0.3909595012664795, 'p': 50, 'batch_size': 128, 'eval_every': 15, 'dt': np.float64(0.0079375), 'kde_bandwidth': np.float64(1.9249999999999998)}",0.29985
wfr_bdl,"{'gamma2': 0.7028282284736633, 'lambda_': 114.9304137293519, 'sigma2': 0.3909595012664795, 'p': 50, 'batch_size': 128, 'eval_every': 15, 'dt': np.float64(0.0079375), 'kde_bandwidth': np.float64(2.0208333333333335)}",0.29985
wfr_bdl,"{'gamma2': 0.7028282284736633, 'lambda_': 114.9304137293519, 'sigma2': 0.3909595012664795, 'p': 50, 'batch_size': 128, 'eval_every': 15, 'dt': np.float64(0.0079375), 'kde_bandwidth': np.float64(2.1166666666666667)}",0.29985
wfr_bdl,"{'gamma2': 0.7028282284736633, 'lambda_': 114.9304137293519, 'sigma2': 0.3909595012664795, 'p': 50, 'batch_size': 128, 'eval_every': 15, 'dt': np.float64(0.0079375), 'kde_bandwidth': np.float64(2.2125)}",0.30244
wfr_bdl,"{'gamma2': 0.7028282284736633, 'lambda_': 114.9304137293519, 'sigma2': 0.3909595012664795, 'p': 50, 'batch_size': 128, 'eval_every': 15, 'dt': np.float64(0.0079375), 'kde_bandwidth': np.float64(2.3083333333333336)}",0.30010
wfr_bdl,"{'gamma2': 0.7028282284736633, 'lambda_': 114.9304137293519, 'sigma2': 0.3909595012664795, 'p': 50, 'batch_size': 128, 'eval_every': 15, 'dt': np.float64(0.0079375), 'kde_bandwidth': np.float64(2.404166666666667)}",0.30010
wfr_bdl,"{'gamma2': 0.7028282284736633, 'lambda_': 114.9304137293519, 'sigma2': 0.3909595012664795, 'p': 50, 'batch_size': 128, 'eval_every': 15, 'dt': np.float64(0.0079375), 'kde_bandwidth': np.float64(2.5)}",0.30010
wfr_bdl,"{'gamma2': 0.7028282284736633, 'lambda_': 114.9304137293519, 'sigma2': 0.3909595012664795, 'p': 50, 'batch_size': 128, 'eval_every': 15, 'dt': np.float64(0.00835), 'kde_bandwidth': np.float64(0.2)}",0.30723
wfr_bdl,"{'gamma2': 0.7028282284736633, 'lambda_': 114.9304137293519, 'sigma2': 0.3909595012664795, 'p': 50, 'batch_size': 128, 'eval_every': 15, 'dt': np.float64(0.00835), 'kde_bandwidth': np.float64(0.29583333333333334)}",0.30091
wfr_bdl,"{'gamma2': 0.7028282284736633, 'lambda_': 114.9304137293519, 'sigma2': 0.3909595012664795, 'p': 50, 'batch_size': 128, 'eval_every': 15, 'dt': np.float64(0.00835), 'kde_bandwidth': np.float64(0.39166666666666666)}",0.30573
wfr_bdl,"{'gamma2': 0.7028282284736633, 'lambda_': 114.9304137293519, 'sigma2': 0.3909595012664795, 'p': 50, 'batch_size': 128, 'eval_every': 15, 'dt': np.float64(0.00835), 'kde_bandwidth': np.float64(0.4875)}",0.30731
wfr_bdl,"{'gamma2': 0.7028282284736633, 'lambda_': 114.9304137293519, 'sigma2': 0.3909595012664795, 'p': 50, 'batch_size': 128, 'eval_every': 15, 'dt': np.float64(0.00835), 'kde_bandwidth': np.float64(0.5833333333333333)}",0.30470
wfr_bdl,"{'gamma2': 0.7028282284736633, 'lambda_': 114.9304137293519, 'sigma2': 0.3909595012664795, 'p': 50, 'batch_size': 128, 'eval_every': 15, 'dt': np.float64(0.00835), 'kde_bandwidth': np.float64(0.6791666666666667)}",0.30280
wfr_bdl,"{'gamma2': 0.7028282284736633, 'lambda_': 114.9304137293519, 'sigma2': 0.3909595012664795, 'p': 50, 'batch_size': 128, 'eval_every': 15, 'dt': np.float64(0.00835), 'kde_bandwidth': np.float64(0.7749999999999999)}",0.30331
wfr_bdl,"{'gamma2': 0.7028282284736633, 'lambda_': 114.9304137293519, 'sigma2': 0.3909595012664795, 'p': 50, 'batch_size': 128, 'eval_every': 15, 'dt': np.float64(0.00835), 'kde_bandwidth': np.float64(0.8708333333333333)}",0.30633
wfr_bdl,"{'gamma2': 0.7028282284736633, 'lambda_': 114.9304137293519, 'sigma2': 0.3909595012664795, 'p': 50, 'batch_size': 128, 'eval_every': 15, 'dt': np.float64(0.00835), 'kde_bandwidth': np.float64(0.9666666666666666)}",0.29954
wfr_bdl,"{'gamma2': 0.7028282284736633, 'lambda_': 114.9304137293519, 'sigma2': 0.3909595012664795, 'p': 50, 'batch_size': 128, 'eval_every': 15, 'dt': np.float64(0.00835), 'kde_bandwidth': np.float64(1.0625)}",0.31001
wfr_bdl,"{'gamma2': 0.7028282284736633, 'lambda_': 114.9304137293519, 'sigma2': 0.3909595012664795, 'p': 50, 'batch_size': 128, 'eval_every': 15, 'dt': np.float64(0.00835), 'kde_bandwidth': np.float64(1.1583333333333332)}",0.30673
wfr_bdl,"{'gamma2': 0.7028282284736633, 'lambda_': 114.9304137293519, 'sigma2': 0.3909595012664795, 'p': 50, 'batch_size': 128, 'eval_every': 15, 'dt': np.float64(0.00835), 'kde_bandwidth': np.float64(1.2541666666666667)}",0.30673
wfr_bdl,"{'gamma2': 0.7028282284736633, 'lambda_': 114.9304137293519, 'sigma2': 0.3909595012664795, 'p': 50, 'batch_size': 128, 'eval_every': 15, 'dt': np.float64(0.00835), 'kde_bandwidth': np.float64(1.3499999999999999)}",0.30673
wfr_bdl,"{'gamma2': 0.7028282284736633, 'lambda_': 114.9304137293519, 'sigma2': 0.3909595012664795, 'p': 50, 'batch_size': 128, 'eval_every': 15, 'dt': np.float64(0.00835), 'kde_bandwidth': np.float64(1.445833333333333)}",0.29945
wfr_bdl,"{'gamma2': 0.7028282284736633, 'lambda_': 114.9304137293519, 'sigma2': 0.3909595012664795, 'p': 50, 'batch_size': 128, 'eval_every': 15, 'dt': np.float64(0.00835), 'kde_bandwidth': np.float64(1.5416666666666665)}",0.30057
wfr_bdl,"{'gamma2': 0.7028282284736633, 'lambda_': 114.9304137293519, 'sigma2': 0.3909595012664795, 'p': 50, 'batch_size': 128, 'eval_every': 15, 'dt': np.float64(0.00835), 'kde_bandwidth': np.float64(1.6375)}",0.30021
wfr_bdl,"{'gamma2': 0.7028282284736633, 'lambda_': 114.9304137293519, 'sigma2': 0.3909595012664795, 'p': 50, 'batch_size': 128, 'eval_every': 15, 'dt': np.float64(0.00835), 'kde_bandwidth': np.float64(1.7333333333333332)}",0.30213
wfr_bdl,"{'gamma2': 0.7028282284736633, 'lambda_': 114.9304137293519, 'sigma2': 0.3909595012664795, 'p': 50, 'batch_size': 128, 'eval_every': 15, 'dt': np.float64(0.00835), 'kde_bandwidth': np.float64(1.8291666666666664)}",0.30102
wfr_bdl,"{'gamma2': 0.7028282284736633, 'lambda_': 114.9304137293519, 'sigma2': 0.3909595012664795, 'p': 50, 'batch_size': 128, 'eval_every': 15, 'dt': np.float64(0.00835), 'kde_bandwidth': np.float64(1.9249999999999998)}",0.30153
wfr_bdl,"{'gamma2': 0.7028282284736633, 'lambda_': 114.9304137293519, 'sigma2': 0.3909595012664795, 'p': 50, 'batch_size': 128, 'eval_every': 15, 'dt': np.float64(0.00835), 'kde_bandwidth': np.float64(2.0208333333333335)}",0.30153
wfr_bdl,"{'gamma2': 0.7028282284736633, 'lambda_': 114.9304137293519, 'sigma2': 0.3909595012664795, 'p': 50, 'batch_size': 128, 'eval_every': 15, 'dt': np.float64(0.00835), 'kde_bandwidth': np.float64(2.1166666666666667)}",0.30153
wfr_bdl,"{'gamma2': 0.7028282284736633, 'lambda_': 114.9304137293519, 'sigma2': 0.3909595012664795, 'p': 50, 'batch_size': 128, 'eval_every': 15, 'dt': np.float64(0.00835), 'kde_bandwidth': np.float64(2.2125)}",0.30153
wfr_bdl,"{'gamma2': 0.7028282284736633, 'lambda_': 114.9304137293519, 'sigma2': 0.3909595012664795, 'p': 50, 'batch_size': 128, 'eval_every': 15, 'dt': np.float64(0.00835), 'kde_bandwidth': np.float64(2.3083333333333336)}",0.30153
wfr_bdl,"{'gamma2': 0.7028282284736633, 'lambda_': 114.9304137293519, 'sigma2': 0.3909595012664795, 'p': 50, 'batch_size': 128, 'eval_every': 15, 'dt': np.float64(0.00835), 'kde_bandwidth': np.float64(2.404166666666667)}",0.30153
wfr_bdl,"{'gamma2': 0.7028282284736633, 'lambda_': 114.9304137293519, 'sigma2': 0.3909595012664795, 'p': 50, 'batch_size': 128, 'eval_every': 15, 'dt': np.float64(0.00835), 'kde_bandwidth': np.float64(2.5)}",0.30153
wfr_bdl,"{'gamma2': 0.7028282284736633, 'lambda_': 114.9304137293519, 'sigma2': 0.3909595012664795, 'p': 50, 'batch_size': 128, 'eval_every': 15, 'dt': np.float64(0.008762500000000001), 'kde_bandwidth': np.float64(0.2)}",0.30267
wfr_bdl,"{'gamma2': 0.7028282284736633, 'lambda_': 114.9304137293519, 'sigma2': 0.3909595012664795, 'p': 50, 'batch_size': 128, 'eval_every': 15, 'dt': np.float64(0.008762500000000001), 'kde_bandwidth': np.float64(0.29583333333333334)}",0.30203
wfr_bdl,"{'gamma2': 0.7028282284736633, 'lambda_': 114.9304137293519, 'sigma2': 0.3909595012664795, 'p': 50, 'batch_size': 128, 'eval_every': 15, 'dt': np.float64(0.008762500000000001), 'kde_bandwidth': np.float64(0.39166666666666666)}",0.30123
wfr_bdl,"{'gamma2': 0.7028282284736633, 'lambda_': 114.9304137293519, 'sigma2': 0.3909595012664795, 'p': 50, 'batch_size': 128, 'eval_every': 15, 'dt': np.float64(0.008762500000000001), 'kde_bandwidth': np.float64(0.4875)}",0.30227
wfr_bdl,"{'gamma2': 0.7028282284736633, 'lambda_': 114.9304137293519, 'sigma2': 0.3909595012664795, 'p': 50, 'batch_size': 128, 'eval_every': 15, 'dt': np.float64(0.008762500000000001), 'kde_bandwidth': np.float64(0.5833333333333333)}",0.30460
wfr_bdl,"{'gamma2': 0.7028282284736633, 'lambda_': 114.9304137293519, 'sigma2': 0.3909595012664795, 'p': 50, 'batch_size': 128, 'eval_every': 15, 'dt': np.float64(0.008762500000000001), 'kde_bandwidth': np.float64(0.6791666666666667)}",0.30216
wfr_bdl,"{'gamma2': 0.7028282284736633, 'lambda_': 114.9304137293519, 'sigma2': 0.3909595012664795, 'p': 50, 'batch_size': 128, 'eval_every': 15, 'dt': np.float64(0.008762500000000001), 'kde_bandwidth': np.float64(0.7749999999999999)}",0.30215
wfr_bdl,"{'gamma2': 0.7028282284736633, 'lambda_': 114.9304137293519, 'sigma2': 0.3909595012664795, 'p': 50, 'batch_size': 128, 'eval_every': 15, 'dt': np.float64(0.008762500000000001), 'kde_bandwidth': np.float64(0.8708333333333333)}",0.30036
wfr_bdl,"{'gamma2': 0.7028282284736633, 'lambda_': 114.9304137293519, 'sigma2': 0.3909595012664795, 'p': 50, 'batch_size': 128, 'eval_every': 15, 'dt': np.float64(0.008762500000000001), 'kde_bandwidth': np.float64(0.9666666666666666)}",0.30486
wfr_bdl,"{'gamma2': 0.7028282284736633, 'lambda_': 114.9304137293519, 'sigma2': 0.3909595012664795, 'p': 50, 'batch_size': 128, 'eval_every': 15, 'dt': np.float64(0.008762500000000001), 'kde_bandwidth': np.float64(1.0625)}",0.30138
wfr_bdl,"{'gamma2': 0.7028282284736633, 'lambda_': 114.9304137293519, 'sigma2': 0.3909595012664795, 'p': 50, 'batch_size': 128, 'eval_every': 15, 'dt': np.float64(0.008762500000000001), 'kde_bandwidth': np.float64(1.1583333333333332)}",0.30395
wfr_bdl,"{'gamma2': 0.7028282284736633, 'lambda_': 114.9304137293519, 'sigma2': 0.3909595012664795, 'p': 50, 'batch_size': 128, 'eval_every': 15, 'dt': np.float64(0.008762500000000001), 'kde_bandwidth': np.float64(1.2541666666666667)}",0.30800
wfr_bdl,"{'gamma2': 0.7028282284736633, 'lambda_': 114.9304137293519, 'sigma2': 0.3909595012664795, 'p': 50, 'batch_size': 128, 'eval_every': 15, 'dt': np.float64(0.008762500000000001), 'kde_bandwidth': np.float64(1.3499999999999999)}",0.30684
wfr_bdl,"{'gamma2': 0.7028282284736633, 'lambda_': 114.9304137293519, 'sigma2': 0.3909595012664795, 'p': 50, 'batch_size': 128, 'eval_every': 15, 'dt': np.float64(0.008762500000000001), 'kde_bandwidth': np.float64(1.445833333333333)}",0.30321
wfr_bdl,"{'gamma2': 0.7028282284736633, 'lambda_': 114.9304137293519, 'sigma2': 0.3909595012664795, 'p': 50, 'batch_size': 128, 'eval_every': 15, 'dt': np.float64(0.008762500000000001), 'kde_bandwidth': np.float64(1.5416666666666665)}",0.30670
wfr_bdl,"{'gamma2': 0.7028282284736633, 'lambda_': 114.9304137293519, 'sigma2': 0.3909595012664795, 'p': 50, 'batch_size': 128, 'eval_every': 15, 'dt': np.float64(0.008762500000000001), 'kde_bandwidth': np.float64(1.6375)}",0.30720
wfr_bdl,"{'gamma2': 0.7028282284736633, 'lambda_': 114.9304137293519, 'sigma2': 0.3909595012664795, 'p': 50, 'batch_size': 128, 'eval_every': 15, 'dt': np.float64(0.008762500000000001), 'kde_bandwidth': np.float64(1.7333333333333332)}",0.30720
wfr_bdl,"{'gamma2': 0.7028282284736633, 'lambda_': 114.9304137293519, 'sigma2': 0.3909595012664795, 'p': 50, 'batch_size': 128, 'eval_every': 15, 'dt': np.float64(0.008762500000000001), 'kde_bandwidth': np.float64(1.8291666666666664)}",0.30720
wfr_bdl,"{'gamma2': 0.7028282284736633, 'lambda_': 114.9304137293519, 'sigma2': 0.3909595012664795, 'p': 50, 'batch_size': 128, 'eval_every': 15, 'dt': np.float64(0.008762500000000001), 'kde_bandwidth': np.float64(1.9249999999999998)}",0.30720
wfr_bdl,"{'gamma2': 0.7028282284736633, 'lambda_': 114.9304137293519, 'sigma2': 0.3909595012664795, 'p': 50, 'batch_size': 128, 'eval_every': 15, 'dt': np.float64(0.008762500000000001), 'kde_bandwidth': np.float64(2.0208333333333335)}",0.30511
wfr_bdl,"{'gamma2': 0.7028282284736633, 'lambda_': 114.9304137293519, 'sigma2': 0.3909595012664795, 'p': 50, 'batch_size': 128, 'eval_every': 15, 'dt': np.float64(0.008762500000000001), 'kde_bandwidth': np.float64(2.1166666666666667)}",0.30511
wfr_bdl,"{'gamma2': 0.7028282284736633, 'lambda_': 114.9304137293519, 'sigma2': 0.3909595012664795, 'p': 50, 'batch_size': 128, 'eval_every': 15, 'dt': np.float64(0.008762500000000001), 'kde_bandwidth': np.float64(2.2125)}",0.30460
wfr_bdl,"{'gamma2': 0.7028282284736633, 'lambda_': 114.9304137293519, 'sigma2': 0.3909595012664795, 'p': 50, 'batch_size': 128, 'eval_every': 15, 'dt': np.float64(0.008762500000000001), 'kde_bandwidth': np.float64(2.3083333333333336)}",0.30460
wfr_bdl,"{'gamma2': 0.7028282284736633, 'lambda_': 114.9304137293519, 'sigma2': 0.3909595012664795, 'p': 50, 'batch_size': 128, 'eval_every': 15, 'dt': np.float64(0.008762500000000001), 'kde_bandwidth': np.float64(2.404166666666667)}",0.30460
wfr_bdl,"{'gamma2': 0.7028282284736633, 'lambda_': 114.9304137293519, 'sigma2': 0.3909595012664795, 'p': 50, 'batch_size': 128, 'eval_every': 15, 'dt': np.float64(0.008762500000000001), 'kde_bandwidth': np.float64(2.5)}",0.30409
wfr_bdl,"{'gamma2': 0.7028282284736633, 'lambda_': 114.9304137293519, 'sigma2': 0.3909595012664795, 'p': 50, 'batch_size': 128, 'eval_every': 15, 'dt': np.float64(0.009175), 'kde_bandwidth': np.float64(0.2)}",0.30449
wfr_bdl,"{'gamma2': 0.7028282284736633, 'lambda_': 114.9304137293519, 'sigma2': 0.3909595012664795, 'p': 50, 'batch_size': 128, 'eval_every': 15, 'dt': np.float64(0.009175), 'kde_bandwidth': np.float64(0.29583333333333334)}",0.30290
wfr_bdl,"{'gamma2': 0.7028282284736633, 'lambda_': 114.9304137293519, 'sigma2': 0.3909595012664795, 'p': 50, 'batch_size': 128, 'eval_every': 15, 'dt': np.float64(0.009175), 'kde_bandwidth': np.float64(0.39166666666666666)}",0.30103
wfr_bdl,"{'gamma2': 0.7028282284736633, 'lambda_': 114.9304137293519, 'sigma2': 0.3909595012664795, 'p': 50, 'batch_size': 128, 'eval_every': 15, 'dt': np.float64(0.009175), 'kde_bandwidth': np.float64(0.4875)}",0.30434
wfr_bdl,"{'gamma2': 0.7028282284736633, 'lambda_': 114.9304137293519, 'sigma2': 0.3909595012664795, 'p': 50, 'batch_size': 128, 'eval_every': 15, 'dt': np.float64(0.009175), 'kde_bandwidth': np.float64(0.5833333333333333)}",0.30427
wfr_bdl,"{'gamma2': 0.7028282284736633, 'lambda_': 114.9304137293519, 'sigma2': 0.3909595012664795, 'p': 50, 'batch_size': 128, 'eval_every': 15, 'dt': np.float64(0.009175), 'kde_bandwidth': np.float64(0.6791666666666667)}",0.30332
wfr_bdl,"{'gamma2': 0.7028282284736633, 'lambda_': 114.9304137293519, 'sigma2': 0.3909595012664795, 'p': 50, 'batch_size': 128, 'eval_every': 15, 'dt': np.float64(0.009175), 'kde_bandwidth': np.float64(0.7749999999999999)}",0.30343
wfr_bdl,"{'gamma2': 0.7028282284736633, 'lambda_': 114.9304137293519, 'sigma2': 0.3909595012664795, 'p': 50, 'batch_size': 128, 'eval_every': 15, 'dt': np.float64(0.009175), 'kde_bandwidth': np.float64(0.8708333333333333)}",0.30343
wfr_bdl,"{'gamma2': 0.7028282284736633, 'lambda_': 114.9304137293519, 'sigma2': 0.3909595012664795, 'p': 50, 'batch_size': 128, 'eval_every': 15, 'dt': np.float64(0.009175), 'kde_bandwidth': np.float64(0.9666666666666666)}",0.30341
wfr_bdl,"{'gamma2': 0.7028282284736633, 'lambda_': 114.9304137293519, 'sigma2': 0.3909595012664795, 'p': 50, 'batch_size': 128, 'eval_every': 15, 'dt': np.float64(0.009175), 'kde_bandwidth': np.float64(1.0625)}",0.30368
wfr_bdl,"{'gamma2': 0.7028282284736633, 'lambda_': 114.9304137293519, 'sigma2': 0.3909595012664795, 'p': 50, 'batch_size': 128, 'eval_every': 15, 'dt': np.float64(0.009175), 'kde_bandwidth': np.float64(1.1583333333333332)}",0.30626
wfr_bdl,"{'gamma2': 0.7028282284736633, 'lambda_': 114.9304137293519, 'sigma2': 0.3909595012664795, 'p': 50, 'batch_size': 128, 'eval_every': 15, 'dt': np.float64(0.009175), 'kde_bandwidth': np.float64(1.2541666666666667)}",0.30614
wfr_bdl,"{'gamma2': 0.7028282284736633, 'lambda_': 114.9304137293519, 'sigma2': 0.3909595012664795, 'p': 50, 'batch_size': 128, 'eval_every': 15, 'dt': np.float64(0.009175), 'kde_bandwidth': np.float64(1.3499999999999999)}",0.30179
wfr_bdl,"{'gamma2': 0.7028282284736633, 'lambda_': 114.9304137293519, 'sigma2': 0.3909595012664795, 'p': 50, 'batch_size': 128, 'eval_every': 15, 'dt': np.float64(0.009175), 'kde_bandwidth': np.float64(1.445833333333333)}",0.30044
wfr_bdl,"{'gamma2': 0.7028282284736633, 'lambda_': 114.9304137293519, 'sigma2': 0.3909595012664795, 'p': 50, 'batch_size': 128, 'eval_every': 15, 'dt': np.float64(0.009175), 'kde_bandwidth': np.float64(1.5416666666666665)}",0.29916
wfr_bdl,"{'gamma2': 0.7028282284736633, 'lambda_': 114.9304137293519, 'sigma2': 0.3909595012664795, 'p': 50, 'batch_size': 128, 'eval_every': 15, 'dt': np.float64(0.009175), 'kde_bandwidth': np.float64(1.6375)}",0.30022
wfr_bdl,"{'gamma2': 0.7028282284736633, 'lambda_': 114.9304137293519, 'sigma2': 0.3909595012664795, 'p': 50, 'batch_size': 128, 'eval_every': 15, 'dt': np.float64(0.009175), 'kde_bandwidth': np.float64(1.7333333333333332)}",0.30798
wfr_bdl,"{'gamma2': 0.7028282284736633, 'lambda_': 114.9304137293519, 'sigma2': 0.3909595012664795, 'p': 50, 'batch_size': 128, 'eval_every': 15, 'dt': np.float64(0.009175), 'kde_bandwidth': np.float64(1.8291666666666664)}",0.30584
wfr_bdl,"{'gamma2': 0.7028282284736633, 'lambda_': 114.9304137293519, 'sigma2': 0.3909595012664795, 'p': 50, 'batch_size': 128, 'eval_every': 15, 'dt': np.float64(0.009175), 'kde_bandwidth': np.float64(1.9249999999999998)}",0.30657
wfr_bdl,"{'gamma2': 0.7028282284736633, 'lambda_': 114.9304137293519, 'sigma2': 0.3909595012664795, 'p': 50, 'batch_size': 128, 'eval_every': 15, 'dt': np.float64(0.009175), 'kde_bandwidth': np.float64(2.0208333333333335)}",0.30208
wfr_bdl,"{'gamma2': 0.7028282284736633, 'lambda_': 114.9304137293519, 'sigma2': 0.3909595012664795, 'p': 50, 'batch_size': 128, 'eval_every': 15, 'dt': np.float64(0.009175), 'kde_bandwidth': np.float64(2.1166666666666667)}",0.30208
wfr_bdl,"{'gamma2': 0.7028282284736633, 'lambda_': 114.9304137293519, 'sigma2': 0.3909595012664795, 'p': 50, 'batch_size': 128, 'eval_every': 15, 'dt': np.float64(0.009175), 'kde_bandwidth': np.float64(2.2125)}",0.30208
wfr_bdl,"{'gamma2': 0.7028282284736633, 'lambda_': 114.9304137293519, 'sigma2': 0.3909595012664795, 'p': 50, 'batch_size': 128, 'eval_every': 15, 'dt': np.float64(0.009175), 'kde_bandwidth': np.float64(2.3083333333333336)}",0.30736
wfr_bdl,"{'gamma2': 0.7028282284736633, 'lambda_': 114.9304137293519, 'sigma2': 0.3909595012664795, 'p': 50, 'batch_size': 128, 'eval_every': 15, 'dt': np.float64(0.009175), 'kde_bandwidth': np.float64(2.404166666666667)}",0.30736
wfr_bdl,"{'gamma2': 0.7028282284736633, 'lambda_': 114.9304137293519, 'sigma2': 0.3909595012664795, 'p': 50, 'batch_size': 128, 'eval_every': 15, 'dt': np.float64(0.009175), 'kde_bandwidth': np.float64(2.5)}",0.30736
wfr_bdl,"{'gamma2': 0.7028282284736633, 'lambda_': 114.9304137293519, 'sigma2': 0.3909595012664795, 'p': 50, 'batch_size': 128, 'eval_every': 15, 'dt': np.float64(0.0095875), 'kde_bandwidth': np.float64(0.2)}",0.30231
wfr_bdl,"{'gamma2': 0.7028282284736633, 'lambda_': 114.9304137293519, 'sigma2': 0.3909595012664795, 'p': 50, 'batch_size': 128, 'eval_every': 15, 'dt': np.float64(0.0095875), 'kde_bandwidth': np.float64(0.29583333333333334)}",0.30272
wfr_bdl,"{'gamma2': 0.7028282284736633, 'lambda_': 114.9304137293519, 'sigma2': 0.3909595012664795, 'p': 50, 'batch_size': 128, 'eval_every': 15, 'dt': np.float64(0.0095875), 'kde_bandwidth': np.float64(0.39166666666666666)}",0.30692
wfr_bdl,"{'gamma2': 0.7028282284736633, 'lambda_': 114.9304137293519, 'sigma2': 0.3909595012664795, 'p': 50, 'batch_size': 128, 'eval_every': 15, 'dt': np.float64(0.0095875), 'kde_bandwidth': np.float64(0.4875)}",0.30708
wfr_bdl,"{'gamma2': 0.7028282284736633, 'lambda_': 114.9304137293519, 'sigma2': 0.3909595012664795, 'p': 50, 'batch_size': 128, 'eval_every': 15, 'dt': np.float64(0.0095875), 'kde_bandwidth': np.float64(0.5833333333333333)}",0.30480
wfr_bdl,"{'gamma2': 0.7028282284736633, 'lambda_': 114.9304137293519, 'sigma2': 0.3909595012664795, 'p': 50, 'batch_size': 128, 'eval_every': 15, 'dt': np.float64(0.0095875), 'kde_bandwidth': np.float64(0.6791666666666667)}",0.30902
wfr_bdl,"{'gamma2': 0.7028282284736633, 'lambda_': 114.9304137293519, 'sigma2': 0.3909595012664795, 'p': 50, 'batch_size': 128, 'eval_every': 15, 'dt': np.float64(0.0095875), 'kde_bandwidth': np.float64(0.7749999999999999)}",0.30797
wfr_bdl,"{'gamma2': 0.7028282284736633, 'lambda_': 114.9304137293519, 'sigma2': 0.3909595012664795, 'p': 50, 'batch_size': 128, 'eval_every': 15, 'dt': np.float64(0.0095875), 'kde_bandwidth': np.float64(0.8708333333333333)}",0.30797
wfr_bdl,"{'gamma2': 0.7028282284736633, 'lambda_': 114.9304137293519, 'sigma2': 0.3909595012664795, 'p': 50, 'batch_size': 128, 'eval_every': 15, 'dt': np.float64(0.0095875), 'kde_bandwidth': np.float64(0.9666666666666666)}",0.30751
wfr_bdl,"{'gamma2': 0.7028282284736633, 'lambda_': 114.9304137293519, 'sigma2': 0.3909595012664795, 'p': 50, 'batch_size': 128, 'eval_every': 15, 'dt': np.float64(0.0095875), 'kde_bandwidth': np.float64(1.0625)}",0.30779
wfr_bdl,"{'gamma2': 0.7028282284736633, 'lambda_': 114.9304137293519, 'sigma2': 0.3909595012664795, 'p': 50, 'batch_size': 128, 'eval_every': 15, 'dt': np.float64(0.0095875), 'kde_bandwidth': np.float64(1.1583333333333332)}",0.30416
wfr_bdl,"{'gamma2': 0.7028282284736633, 'lambda_': 114.9304137293519, 'sigma2': 0.3909595012664795, 'p': 50, 'batch_size': 128, 'eval_every': 15, 'dt': np.float64(0.0095875), 'kde_bandwidth': np.float64(1.2541666666666667)}",0.30718
wfr_bdl,"{'gamma2': 0.7028282284736633, 'lambda_': 114.9304137293519, 'sigma2': 0.3909595012664795, 'p': 50, 'batch_size': 128, 'eval_every': 15, 'dt': np.float64(0.0095875), 'kde_bandwidth': np.float64(1.3499999999999999)}",0.30718
wfr_bdl,"{'gamma2': 0.7028282284736633, 'lambda_': 114.9304137293519, 'sigma2': 0.3909595012664795, 'p': 50, 'batch_size': 128, 'eval_every': 15, 'dt': np.float64(0.0095875), 'kde_bandwidth': np.float64(1.445833333333333)}",0.30633
wfr_bdl,"{'gamma2': 0.7028282284736633, 'lambda_': 114.9304137293519, 'sigma2': 0.3909595012664795, 'p': 50, 'batch_size': 128, 'eval_every': 15, 'dt': np.float64(0.0095875), 'kde_bandwidth': np.float64(1.5416666666666665)}",0.30125
wfr_bdl,"{'gamma2': 0.7028282284736633, 'lambda_': 114.9304137293519, 'sigma2': 0.3909595012664795, 'p': 50, 'batch_size': 128, 'eval_every': 15, 'dt': np.float64(0.0095875), 'kde_bandwidth': np.float64(1.6375)}",0.30310
wfr_bdl,"{'gamma2': 0.7028282284736633, 'lambda_': 114.9304137293519, 'sigma2': 0.3909595012664795, 'p': 50, 'batch_size': 128, 'eval_every': 15, 'dt': np.float64(0.0095875), 'kde_bandwidth': np.float64(1.7333333333333332)}",0.30494
wfr_bdl,"{'gamma2': 0.7028282284736633, 'lambda_': 114.9304137293519, 'sigma2': 0.3909595012664795, 'p': 50, 'batch_size': 128, 'eval_every': 15, 'dt': np.float64(0.0095875), 'kde_bandwidth': np.float64(1.8291666666666664)}",0.30494
wfr_bdl,"{'gamma2': 0.7028282284736633, 'lambda_': 114.9304137293519, 'sigma2': 0.3909595012664795, 'p': 50, 'batch_size': 128, 'eval_every': 15, 'dt': np.float64(0.0095875), 'kde_bandwidth': np.float64(1.9249999999999998)}",0.30494
wfr_bdl,"{'gamma2': 0.7028282284736633, 'lambda_': 114.9304137293519, 'sigma2': 0.3909595012664795, 'p': 50, 'batch_size': 128, 'eval_every': 15, 'dt': np.float64(0.0095875), 'kde_bandwidth': np.float64(2.0208333333333335)}",0.30506
wfr_bdl,"{'gamma2': 0.7028282284736633, 'lambda_': 114.9304137293519, 'sigma2': 0.3909595012664795, 'p': 50, 'batch_size': 128, 'eval_every': 15, 'dt': np.float64(0.0095875), 'kde_bandwidth': np.float64(2.1166666666666667)}",0.30206
wfr_bdl,"{'gamma2': 0.7028282284736633, 'lambda_': 114.9304137293519, 'sigma2': 0.3909595012664795, 'p': 50, 'batch_size': 128, 'eval_every': 15, 'dt': np.float64(0.0095875), 'kde_bandwidth': np.float64(2.2125)}",0.30206
wfr_bdl,"{'gamma2': 0.7028282284736633, 'lambda_': 114.9304137293519, 'sigma2': 0.3909595012664795, 'p': 50, 'batch_size': 128, 'eval_every': 15, 'dt': np.float64(0.0095875), 'kde_bandwidth': np.float64(2.3083333333333336)}",0.30206
wfr_bdl,"{'gamma2': 0.7028282284736633, 'lambda_': 114.9304137293519, 'sigma2': 0.3909595012664795, 'p': 50, 'batch_size': 128, 'eval_every': 15, 'dt': np.float64(0.0095875), 'kde_bandwidth': np.float64(2.404166666666667)}",0.30206
wfr_bdl,"{'gamma2': 0.7028282284736633, 'lambda_': 114.9304137293519, 'sigma2': 0.3909595012664795, 'p': 50, 'batch_size': 128, 'eval_every': 15, 'dt': np.float64(0.0095875), 'kde_bandwidth': np.float64(2.5)}",0.30466
wfr_bdl,"{'gamma2': 0.7028282284736633, 'lambda_': 114.9304137293519, 'sigma2': 0.3909595012664795, 'p': 50, 'batch_size': 128, 'eval_every': 15, 'dt': np.float64(0.01), 'kde_bandwidth': np.float64(0.2)}",0.30375
wfr_bdl,"{'gamma2': 0.7028282284736633, 'lambda_': 114.9304137293519, 'sigma2': 0.3909595012664795, 'p': 50, 'batch_size': 128, 'eval_every': 15, 'dt': np.float64(0.01), 'kde_bandwidth': np.float64(0.29583333333333334)}",0.30611
wfr_bdl,"{'gamma2': 0.7028282284736633, 'lambda_': 114.9304137293519, 'sigma2': 0.3909595012664795, 'p': 50, 'batch_size': 128, 'eval_every': 15, 'dt': np.float64(0.01), 'kde_bandwidth': np.float64(0.39166666666666666)}",0.30097
wfr_bdl,"{'gamma2': 0.7028282284736633, 'lambda_': 114.9304137293519, 'sigma2': 0.3909595012664795, 'p': 50, 'batch_size': 128, 'eval_every': 15, 'dt': np.float64(0.01), 'kde_bandwidth': np.float64(0.4875)}",0.30072
wfr_bdl,"{'gamma2': 0.7028282284736633, 'lambda_': 114.9304137293519, 'sigma2': 0.3909595012664795, 'p': 50, 'batch_size': 128, 'eval_every': 15, 'dt': np.float64(0.01), 'kde_bandwidth': np.float64(0.5833333333333333)}",0.30594
wfr_bdl,"{'gamma2': 0.7028282284736633, 'lambda_': 114.9304137293519, 'sigma2': 0.3909595012664795, 'p': 50, 'batch_size': 128, 'eval_every': 15, 'dt': np.float64(0.01), 'kde_bandwidth': np.float64(0.6791666666666667)}",0.30486
wfr_bdl,"{'gamma2': 0.7028282284736633, 'lambda_': 114.9304137293519, 'sigma2': 0.3909595012664795, 'p': 50, 'batch_size': 128, 'eval_every': 15, 'dt': np.float64(0.01), 'kde_bandwidth': np.float64(0.7749999999999999)}",0.30705
wfr_bdl,"{'gamma2': 0.7028282284736633, 'lambda_': 114.9304137293519, 'sigma2': 0.3909595012664795, 'p': 50, 'batch_size': 128, 'eval_every': 15, 'dt': np.float64(0.01), 'kde_bandwidth': np.float64(0.8708333333333333)}",0.31002
wfr_bdl,"{'gamma2': 0.7028282284736633, 'lambda_': 114.9304137293519, 'sigma2': 0.3909595012664795, 'p': 50, 'batch_size': 128, 'eval_every': 15, 'dt': np.float64(0.01), 'kde_bandwidth': np.float64(0.9666666666666666)}",0.31002
wfr_bdl,"{'gamma2': 0.7028282284736633, 'lambda_': 114.9304137293519, 'sigma2': 0.3909595012664795, 'p': 50, 'batch_size': 128, 'eval_every': 15, 'dt': np.float64(0.01), 'kde_bandwidth': np.float64(1.0625)}",0.30663
wfr_bdl,"{'gamma2': 0.7028282284736633, 'lambda_': 114.9304137293519, 'sigma2': 0.3909595012664795, 'p': 50, 'batch_size': 128, 'eval_every': 15, 'dt': np.float64(0.01), 'kde_bandwidth': np.float64(1.1583333333333332)}",0.30361
wfr_bdl,"{'gamma2': 0.7028282284736633, 'lambda_': 114.9304137293519, 'sigma2': 0.3909595012664795, 'p': 50, 'batch_size': 128, 'eval_every': 15, 'dt': np.float64(0.01), 'kde_bandwidth': np.float64(1.2541666666666667)}",0.30494
wfr_bdl,"{'gamma2': 0.7028282284736633, 'lambda_': 114.9304137293519, 'sigma2': 0.3909595012664795, 'p': 50, 'batch_size': 128, 'eval_every': 15, 'dt': np.float64(0.01), 'kde_bandwidth': np.float64(1.3499999999999999)}",0.30479
wfr_bdl,"{'gamma2': 0.7028282284736633, 'lambda_': 114.9304137293519, 'sigma2': 0.3909595012664795, 'p': 50, 'batch_size': 128, 'eval_every': 15, 'dt': np.float64(0.01), 'kde_bandwidth': np.float64(1.445833333333333)}",0.29885
wfr_bdl,"{'gamma2': 0.7028282284736633, 'lambda_': 114.9304137293519, 'sigma2': 0.3909595012664795, 'p': 50, 'batch_size': 128, 'eval_every': 15, 'dt': np.float64(0.01), 'kde_bandwidth': np.float64(1.5416666666666665)}",0.30623
wfr_bdl,"{'gamma2': 0.7028282284736633, 'lambda_': 114.9304137293519, 'sigma2': 0.3909595012664795, 'p': 50, 'batch_size': 128, 'eval_every': 15, 'dt': np.float64(0.01), 'kde_bandwidth': np.float64(1.6375)}",0.30695
wfr_bdl,"{'gamma2': 0.7028282284736633, 'lambda_': 114.9304137293519, 'sigma2': 0.3909595012664795, 'p': 50, 'batch_size': 128, 'eval_every': 15, 'dt': np.float64(0.01), 'kde_bandwidth': np.float64(1.7333333333333332)}",0.30695
wfr_bdl,"{'gamma2': 0.7028282284736633, 'lambda_': 114.9304137293519, 'sigma2': 0.3909595012664795, 'p': 50, 'batch_size': 128, 'eval_every': 15, 'dt': np.float64(0.01), 'kde_bandwidth': np.float64(1.8291666666666664)}",0.30695
wfr_bdl,"{'gamma2': 0.7028282284736633, 'lambda_': 114.9304137293519, 'sigma2': 0.3909595012664795, 'p': 50, 'batch_size': 128, 'eval_every': 15, 'dt': np.float64(0.01), 'kde_bandwidth': np.float64(1.9249999999999998)}",0.30695
wfr_bdl,"{'gamma2': 0.7028282284736633, 'lambda_': 114.9304137293519, 'sigma2': 0.3909595012664795, 'p': 50, 'batch_size': 128, 'eval_every': 15, 'dt': np.float64(0.01), 'kde_bandwidth': np.float64(2.0208333333333335)}",0.30461
wfr_bdl,"{'gamma2': 0.7028282284736633, 'lambda_': 114.9304137293519, 'sigma2': 0.3909595012664795, 'p': 50, 'batch_size': 128, 'eval_every': 15, 'dt': np.float64(0.01), 'kde_bandwidth': np.float64(2.1166666666666667)}",0.30507
wfr_bdl,"{'gamma2': 0.7028282284736633, 'lambda_': 114.9304137293519, 'sigma2': 0.3909595012664795, 'p': 50, 'batch_size': 128, 'eval_every': 15, 'dt': np.float64(0.01), 'kde_bandwidth': np.float64(2.2125)}",0.30507
wfr_bdl,"{'gamma2': 0.7028282284736633, 'lambda_': 114.9304137293519, 'sigma2': 0.3909595012664795, 'p': 50, 'batch_size': 128, 'eval_every': 15, 'dt': np.float64(0.01), 'kde_bandwidth': np.float64(2.3083333333333336)}",0.30507
wfr_bdl,"{'gamma2': 0.7028282284736633, 'lambda_': 114.9304137293519, 'sigma2': 0.3909595012664795, 'p': 50, 'batch_size': 128, 'eval_every': 15, 'dt': np.float64(0.01), 'kde_bandwidth': np.float64(2.404166666666667)}",0.30507
wfr_bdl,"{'gamma2': 0.7028282284736633, 'lambda_': 114.9304137293519, 'sigma2': 0.3909595012664795, 'p': 50, 'batch_size': 128, 'eval_every': 15, 'dt': np.float64(0.01), 'kde_bandwidth': np.float64(2.5)}",0.30507
